Customer_ID,Gender,Region,Subscription_Plan,Payment_Method,Age,Days_Since_Last_Login,Customer_Service_Calls,Monthly_Spend,Churn,Churn_Probability
10001,1,0,1,3,27.0,27,1,61.08,0,16.0
10002,3,3,5,3,55.0,146,2,73.09,0,12.0
10003,0,3,5,2,,147,2,116.3,1,92.0
10004,0,6,1,0,,34,1,0.58,1,94.0
10005,1,1,1,1,30.0,146,3,46.35,1,98.0
10006,1,3,0,1,46.0,103,1,36.64,1,96.0
10007,1,2,1,2,22.0,62,2,0.0,1,96.0
10008,2,0,5,2,44.0,81,2,66.51,1,97.0
10009,0,0,5,1,43.0,6,1,99.03,1,81.0
10010,0,0,1,4,32.0,154,3,29.86,1,99.0
10011,1,0,1,4,-5.0,38,2,47.18,1,56.00000000000001
10012,3,2,1,2,-5.0,29,0,62.96,0,6.0
10013,2,5,2,0,-5.0,22,1,150.74,1,91.0
10014,1,2,0,2,-5.0,83,2,0.0,1,94.0
10015,1,1,4,2,-5.0,150,1,113.16,1,97.0
10016,1,0,4,0,-5.0,46,2,98.8,0,19.0
10017,1,3,3,3,-5.0,175,1,25.93,1,97.0
10018,0,3,5,4,-5.0,94,2,78.62,1,98.0
10019,0,3,1,4,-5.0,62,2,46.83,1,95.0
10020,1,1,5,2,-5.0,119,2,34.23,1,87.0
10021,0,0,1,4,-5.0,136,2,59.3,0,31.0
10022,1,2,4,3,150.0,150,2,191.92,1,100.0
10023,1,3,1,1,150.0,116,0,108.58,0,12.0
10024,1,1,3,3,150.0,174,2,122.11,1,95.0
10025,0,3,1,0,150.0,86,4,71.26,0,33.0
10026,0,2,4,2,150.0,73,1,167.01,1,74.0
10027,1,0,1,0,150.0,65,0,0.0,1,94.0
10028,0,2,5,2,150.0,36,1,73.77,0,5.0
10029,0,0,1,0,150.0,124,2,72.01,1,97.0
10030,1,0,1,0,150.0,165,4,22.69,1,99.0
10031,0,0,5,1,150.0,0,3,92.74,1,91.0
10032,1,3,4,3,35.0,175,0,194.64,1,90.0
10033,1,2,1,3,,81,1,34.88,1,97.0
10034,3,3,4,0,19.0,34,1,150.38,0,59.0
10035,3,2,5,3,38.0,70,1,59.33,0,12.0
10036,2,1,4,1,27.0,107,5,241.32,1,87.0
10037,1,1,1,0,,85,1,44.2,1,88.0
10038,1,2,1,3,,24,4,0.0,1,100.0
10039,0,2,4,3,38.0,41,2,131.4,1,86.0
10040,0,2,1,2,34.0,150,2,,1,99.0
10041,1,2,3,3,47.0,8,3,110.17,0,7.000000000000001
10042,0,0,1,3,37.0,154,3,24.14,1,99.0
10043,1,3,1,2,26.0,50,0,0.0,0,9.0
10044,3,0,5,0,34.0,56,4,8.77,1,94.0
10045,1,3,5,0,30.0,81,4,13.47,1,98.0
10046,0,3,3,4,35.0,163,4,105.25,1,100.0
10047,1,3,1,2,29.0,161,2,36.71,1,98.0
10048,0,0,1,0,27.0,12,3,1.76,1,96.0
10049,0,2,1,3,35.0,173,1,110.11,1,98.0
10050,1,0,1,3,34.0,179,1,27.85,1,100.0
10051,3,0,4,4,44.0,27,2,94.4,0,12.0
10052,0,3,5,4,29.0,85,1,78.88,1,97.0
10053,3,1,1,0,14.0,110,2,46.92,1,98.0
10054,2,1,4,2,30.0,157,1,139.6,1,99.0
10055,0,4,1,0,17.0,44,2,22.44,0,8.0
10056,3,3,5,2,38.0,37,1,109.19,1,82.0
10057,1,4,1,2,17.0,19,2,37.98,1,96.0
10058,1,0,5,0,24.0,96,1,110.17,0,23.0
10059,1,2,1,4,30.0,174,1,58.26,1,99.0
10060,1,3,1,3,49.0,101,2,,1,99.0
10061,1,1,1,2,23.0,58,1,52.67,1,94.0
10062,1,1,1,4,34.0,141,0,54.44,1,95.0
10063,2,1,1,1,39.0,41,0,39.57,0,10.0
10064,1,0,1,1,,58,5,42.83,1,95.0
10065,1,3,1,2,41.0,7,2,0.0,1,92.0
10066,0,6,5,3,44.0,56,3,146.01,1,92.0
10067,1,1,1,2,42.0,149,2,52.99,1,99.0
10068,2,3,5,1,21.0,101,0,111.95,0,11.0
10069,1,5,1,1,37.0,83,2,85.35,1,97.0
10070,3,2,4,1,42.0,20,0,193.97,0,1.0
10071,0,3,4,0,24.0,127,1,195.1,1,95.0
10072,1,0,1,1,28.0,155,0,0.0,1,94.0
10073,1,0,3,3,25.0,48,1,0.0,1,98.0
10074,2,1,1,0,,150,2,23.96,0,13.0
10075,0,1,4,1,33.0,53,0,170.01,0,6.0
10076,0,3,5,3,30.0,150,0,98.39,1,90.0
10077,0,2,1,1,21.0,67,4,41.27,0,84.0
10078,1,1,1,3,33.0,45,3,41.42,1,99.0
10079,1,3,1,3,28.0,155,2,35.31,1,100.0
10080,1,2,1,1,36.0,94,1,0.0,1,97.0
10081,2,1,5,1,22.0,96,4,28.59,1,90.0
10082,0,5,1,0,35.0,49,5,24.51,1,98.0
10083,1,3,1,1,29.0,82,3,4.32,1,97.0
10084,1,1,1,3,21.0,62,0,12.9,1,87.0
10085,1,0,1,2,,9,1,0.0,1,93.0
10086,1,2,1,0,22.0,88,0,22.64,1,92.0
10087,0,2,4,3,31.0,164,-1,169.82,1,96.0
10088,0,0,1,3,35.0,140,3,0.0,0,15.0
10089,2,3,5,2,36.0,69,1,101.97,1,88.0
10090,0,0,1,1,37.0,29,2,0.0,1,93.0
10091,1,0,1,3,26.0,79,1,49.24,1,98.0
10092,0,2,5,2,44.0,71,2,52.76,1,97.0
10093,0,3,1,2,29.0,138,0,71.49,1,69.0
10094,0,1,1,1,38.0,122,3,0.0,1,98.0
10095,0,0,5,4,,128,1,42.68,1,99.0
10096,0,0,1,2,37.0,145,2,27.97,1,97.0
10097,0,3,1,2,31.0,99,3,43.45,1,97.0
10098,0,0,5,2,37.0,10,3,122.37,0,15.0
10099,1,3,5,2,33.0,83,4,108.03,1,97.0
10100,1,1,1,4,42.0,137,0,,1,97.0
10101,1,3,0,3,25.0,175,1,99999.99,1,96.0
10102,0,1,1,0,16.0,60,1,99999.99,1,57.99999999999999
10103,1,3,1,1,24.0,137,1,99999.99,1,96.0
10104,0,0,5,0,44.0,100,1,99999.99,0,23.0
10105,3,1,4,1,32.0,121,2,99999.99,1,88.0
10106,1,0,4,0,34.0,59,2,99999.99,1,72.0
10107,0,1,1,4,23.0,113,3,99999.99,1,90.0
10108,0,3,1,2,34.0,149,2,99999.99,1,80.0
10109,1,3,5,0,23.0,74,4,99999.99,1,95.0
10110,1,3,1,0,25.0,98,0,99999.99,1,90.0
10111,1,6,5,1,29.0,8,0,99999.99,0,6.0
10112,1,2,3,1,38.0,142,1,22.92,1,100.0
10113,3,1,4,3,39.0,82,3,,0,11.0
10114,2,2,1,2,39.0,36,4,0.0,1,100.0
10115,0,3,1,2,18.0,69,1,64.35,1,99.0
10116,2,2,4,3,33.0,171,3,133.0,1,100.0
10117,2,2,5,1,32.0,130,0,33.26,1,100.0
10118,1,0,4,2,18.0,9,3,,0,7.000000000000001
10119,2,1,1,1,34.0,131,1,0.0,1,100.0
10120,0,1,5,2,31.0,55,2,165.35,0,54.0
10121,2,1,5,0,39.0,167,2,109.11,1,97.0
10122,2,2,1,0,34.0,32,4,4.18,1,99.0
10123,1,3,5,2,,160,0,77.74,1,97.0
10124,1,0,5,2,,148,0,45.48,0,9.0
10125,1,1,0,2,11.0,102,1,39.91,0,15.0
10126,0,2,1,3,33.0,118,1,0.0,1,99.0
10127,2,7,5,2,16.0,44,2,20.79,1,86.0
10128,2,0,1,3,24.0,56,0,,1,99.0
10129,1,0,4,3,39.0,167,1,221.37,0,25.0
10130,0,5,1,0,21.0,125,1,,1,97.0
10131,0,1,1,2,19.0,126,1,0.0,1,100.0
10132,1,3,4,0,,9,2,140.97,1,80.0
10133,1,6,4,0,20.0,73,2,135.03,0,9.0
10134,1,3,1,3,50.0,65,2,15.37,1,96.0
10135,3,1,5,4,32.0,101,4,99.31,1,99.0
10136,1,3,1,3,28.0,84,1,16.61,1,94.0
10137,0,2,1,0,39.0,157,2,0.0,1,99.0
10138,0,0,1,3,47.0,81,1,12.83,0,9.0
10139,1,0,1,3,22.0,34,0,42.45,0,25.0
10140,3,0,4,3,28.0,52,1,125.37,0,15.0
10141,3,0,5,2,42.0,166,0,102.71,0,18.0
10142,1,1,4,3,36.0,111,1,,0,10.0
10143,0,1,5,0,45.0,21,2,94.68,1,92.0
10144,1,2,1,3,39.0,66,2,0.0,0,16.0
10145,1,2,5,2,52.0,99,2,140.98,1,89.0
10146,1,6,4,0,35.0,79,5,201.09,1,98.0
10147,0,2,3,3,,99,2,92.74,1,96.0
10148,0,3,5,0,37.0,74,0,68.18,1,95.0
10149,1,2,4,2,32.0,119,2,199.79,1,92.0
10150,1,0,1,1,,16,3,41.31,0,34.0
10151,3,0,5,2,,146,0,123.33,0,5.0
10152,1,0,4,4,41.0,71,0,147.55,0,15.0
10153,1,3,4,0,43.0,123,0,142.03,0,9.0
10154,0,2,1,0,38.0,89,2,0.0,1,96.0
10155,3,0,5,1,39.0,50,0,147.51,0,18.0
10156,1,0,5,1,23.0,175,0,136.3,0,28.000000000000004
10157,0,0,1,1,28.0,56,3,4.43,1,99.0
10158,0,0,5,2,42.0,137,3,,1,91.0
10159,1,1,1,2,48.0,31,2,56.61,0,7.000000000000001
10160,0,2,1,4,,78,4,55.12,1,100.0
10161,1,2,1,1,,122,0,41.56,1,98.0
10162,0,3,5,1,34.0,121,1,65.92,1,96.0
10163,0,1,1,3,,67,0,17.23,0,10.0
10164,0,3,1,3,25.0,27,4,,1,99.0
10165,1,0,1,1,38.0,131,4,14.77,1,99.0
10166,2,3,1,4,49.0,76,3,105.46,1,92.0
10167,1,0,1,0,,139,2,24.45,1,95.0
10168,1,0,1,4,32.0,14,2,23.6,1,96.0
10169,1,2,5,0,38.0,28,2,71.66,1,96.0
10170,0,2,5,1,41.0,86,2,39.1,1,94.0
10171,0,2,1,3,37.0,12,2,63.2,1,95.0
10172,1,2,0,3,51.0,37,1,0.0,1,99.0
10173,0,2,5,0,34.0,109,1,98.66,0,19.0
10174,1,1,1,1,47.0,34,0,0.0,1,96.0
10175,0,2,4,3,27.0,167,3,177.97,1,95.0
10176,1,3,3,1,34.0,75,0,127.18,1,94.0
10177,0,0,1,1,21.0,109,0,54.62,0,10.0
10178,1,2,1,0,43.0,4,2,0.0,0,11.0
10179,3,1,5,1,32.0,1,0,45.15,1,98.0
10180,1,3,1,1,37.0,29,2,25.9,0,13.0
10181,1,7,0,0,30.0,98,2,0.0,1,99.0
10182,1,0,1,3,39.0,118,0,0.0,1,99.0
10183,3,3,5,2,37.0,9,1,67.0,0,12.0
10184,2,3,5,1,24.0,72,2,107.63,1,95.0
10185,1,3,1,0,24.0,123,0,116.85,1,100.0
10186,0,3,5,3,33.0,37,0,91.79,0,55.00000000000001
10187,2,1,1,1,40.0,93,1,5.08,1,96.0
10188,0,0,5,2,,118,2,130.83,1,98.0
10189,0,2,1,3,37.0,162,2,70.87,1,99.0
10190,1,3,5,0,44.0,70,0,116.85,0,6.0
10191,1,1,4,4,17.0,139,1,201.93,1,93.0
10192,2,0,1,0,,169,2,103.21,0,11.0
10193,3,2,1,2,40.0,97,1,0.0,0,11.0
10194,0,0,1,2,,176,2,25.38,0,7.000000000000001
10195,1,1,1,0,32.0,126,2,0.0,0,17.0
10196,1,1,1,1,22.0,66,0,51.15,1,96.0
10197,0,1,4,0,25.0,32,1,174.68,0,3.0
10198,2,3,4,3,53.0,103,3,175.32,1,97.0
10199,2,1,0,0,,140,0,10.73,1,95.0
10200,0,2,5,2,23.0,147,5,97.68,1,99.0
10201,0,3,5,1,26.0,160,0,104.41,1,94.0
10202,1,0,5,4,22.0,33,0,68.17,0,7.000000000000001
10203,1,2,1,2,34.0,49,4,0.0,1,100.0
10204,2,3,1,2,,177,0,89.68,0,7.000000000000001
10205,0,1,1,3,27.0,136,2,62.8,1,97.0
10206,1,0,1,2,,6,3,0.0,1,96.0
10207,1,1,5,2,36.0,136,1,39.01,1,97.0
10208,0,2,5,2,33.0,105,1,67.63,1,100.0
10209,1,2,0,1,,153,1,57.82,1,100.0
10210,1,3,1,4,29.0,129,2,0.0,1,99.0
10211,0,2,4,0,,4,0,108.73,1,76.0
10212,0,0,5,0,32.0,112,0,75.46,1,98.0
10213,0,3,4,4,34.0,65,2,166.44,1,92.0
10214,1,0,1,3,30.0,115,1,2.67,1,99.0
10215,0,1,5,3,28.0,137,0,97.17,0,10.0
10216,1,0,5,1,15.0,158,0,,1,88.0
10217,1,0,4,0,28.0,160,1,98.94,1,92.0
10218,0,2,1,1,41.0,107,2,42.22,1,98.0
10219,0,1,1,2,42.0,110,0,56.19,1,98.0
10220,2,2,0,1,29.0,133,1,68.63,1,99.0
10221,0,1,2,3,46.0,13,-1,109.87,1,93.0
10222,0,1,4,0,33.0,77,0,182.12,1,85.0
10223,1,0,4,3,20.0,14,3,174.36,1,86.0
10224,1,2,4,3,17.0,120,2,233.01,1,97.0
10225,1,4,1,0,46.0,170,1,0.0,1,100.0
10226,1,0,1,2,30.0,147,1,33.73,1,93.0
10227,3,0,1,0,21.0,20,3,28.3,0,10.0
10228,1,1,1,0,11.0,28,2,,1,87.0
10229,2,2,4,1,30.0,72,2,214.67,1,97.0
10230,0,2,4,0,38.0,92,2,123.79,1,94.0
10231,0,0,1,1,27.0,171,1,0.0,1,99.0
10232,0,1,5,3,23.0,161,3,77.45,1,98.0
10233,0,2,4,0,28.0,46,2,127.1,0,8.0
10234,0,3,1,2,46.0,8,3,53.4,1,85.0
10235,1,2,1,1,20.0,111,3,30.27,0,11.0
10236,0,4,1,1,27.0,29,9,0.0,1,98.0
10237,1,3,1,2,46.0,16,1,0.0,1,90.0
10238,1,1,5,1,,179,0,103.92,1,83.0
10239,0,3,1,1,,58,2,0.29,1,89.0
10240,1,3,1,2,27.0,118,1,27.31,1,96.0
10241,3,4,4,3,34.0,131,1,,0,32.0
10242,3,2,5,0,28.0,167,0,39.88,0,41.0
10243,3,1,1,0,25.0,95,1,0.0,0,12.0
10244,1,3,4,0,23.0,134,1,184.96,1,89.0
10245,1,0,1,0,41.0,37,2,13.82,1,92.0
10246,3,6,1,0,33.0,31,4,77.85,1,93.0
10247,0,3,4,0,37.0,68,2,184.86,0,13.0
10248,3,0,1,1,35.0,66,0,43.83,1,96.0
10249,3,0,5,0,38.0,55,2,162.01,0,18.0
10250,2,0,1,1,31.0,19,2,7.21,0,2.0
10251,1,1,1,4,29.0,119,2,11.11,1,100.0
10252,1,2,5,3,25.0,144,1,110.58,1,98.0
10253,2,3,0,1,,143,2,28.13,1,95.0
10254,1,2,3,3,22.0,10,1,56.59,0,7.000000000000001
10255,1,2,5,2,,140,3,58.83,1,99.0
10256,0,3,4,0,17.0,145,1,107.19,1,94.0
10257,3,2,3,3,20.0,13,5,88.93,1,98.0
10258,0,1,1,3,,33,2,57.72,0,12.0
10259,0,3,4,2,36.0,85,2,157.19,1,92.0
10260,1,3,5,2,29.0,124,1,116.23,1,89.0
10261,0,0,5,2,,153,2,82.71,0,31.0
10262,3,2,2,1,17.0,169,4,148.27,1,97.0
10263,1,3,5,1,43.0,166,0,97.7,1,94.0
10264,0,3,1,3,,129,1,20.5,1,91.0
10265,2,1,5,2,41.0,49,4,82.61,1,83.0
10266,0,0,1,3,,112,0,26.32,1,96.0
10267,0,3,1,0,15.0,143,2,0.0,1,99.0
10268,0,1,5,2,34.0,61,1,96.13,0,13.0
10269,1,3,1,1,37.0,97,2,0.0,1,100.0
10270,1,3,1,2,12.0,138,2,14.79,1,100.0
10271,2,3,1,3,53.0,126,3,113.52,0,10.0
10272,2,1,5,1,,29,3,128.5,1,94.0
10273,2,2,1,4,40.0,154,1,1.29,1,100.0
10274,3,3,5,0,22.0,85,1,46.5,0,11.0
10275,0,3,1,3,40.0,80,3,14.98,1,91.0
10276,0,2,1,2,44.0,78,2,38.65,1,98.0
10277,0,3,1,0,36.0,136,3,,1,99.0
10278,0,0,5,3,,75,1,68.92,1,96.0
10279,0,3,1,1,25.0,129,0,76.83,0,8.0
10280,0,0,4,1,31.0,48,2,147.76,0,22.0
10281,2,2,4,3,28.0,47,1,121.17,0,7.000000000000001
10282,1,1,4,2,,54,4,111.33,1,98.0
10283,1,2,4,2,25.0,79,2,110.76,1,92.0
10284,1,3,1,2,39.0,66,2,81.03,1,94.0
10285,0,4,5,2,25.0,114,3,93.95,0,12.0
10286,1,1,5,3,31.0,111,1,82.31,1,96.0
10287,0,3,5,3,40.0,158,3,118.88,1,98.0
10288,0,1,4,1,26.0,106,2,192.25,0,12.0
10289,1,1,5,1,40.0,25,4,81.82,0,11.0
10290,0,3,4,2,39.0,109,1,181.14,1,90.0
10291,1,2,1,0,31.0,65,0,0.0,0,80.0
10292,1,3,4,0,45.0,157,2,156.09,1,96.0
10293,2,7,5,1,34.0,100,1,80.08,1,92.0
10294,1,2,5,1,45.0,0,1,29.04,1,50.0
10295,1,0,1,3,51.0,69,3,14.19,1,97.0
10296,0,3,5,1,31.0,149,1,164.57,1,86.0
10297,0,1,4,1,40.0,112,2,177.55,1,96.0
10298,1,3,1,4,27.0,53,1,26.01,0,3.0
10299,0,3,5,0,23.0,141,0,-10.0,1,91.0
10300,1,1,1,0,32.0,13,2,99.56,0,8.0
10301,1,2,4,3,20.0,18,2,200.35,1,80.0
10302,0,0,1,0,24.0,153,3,56.26,1,96.0
10303,0,0,1,2,39.0,58,5,13.1,1,95.0
10304,0,1,1,2,28.0,149,1,0.0,1,98.0
10305,0,2,5,4,41.0,5,4,138.66,1,55.00000000000001
10306,3,3,1,1,36.0,62,2,,1,92.0
10307,0,3,3,1,52.0,76,3,84.51,1,95.0
10308,1,3,4,2,39.0,73,1,107.41,0,21.0
10309,0,3,4,4,45.0,126,5,174.45,1,95.0
10310,1,3,1,4,38.0,146,2,21.58,1,99.0
10311,0,1,4,0,37.0,94,1,223.43,0,24.0
10312,1,3,3,0,45.0,9,3,84.16,0,67.0
10313,1,3,1,2,40.0,36,3,25.08,1,94.0
10314,3,2,0,1,36.0,144,1,11.07,1,97.0
10315,2,3,0,4,36.0,132,0,16.14,1,94.0
10316,0,0,4,4,39.0,148,2,115.81,0,69.0
10317,0,1,1,4,27.0,117,2,71.24,1,81.0
10318,1,1,1,4,26.0,166,1,0.0,1,98.0
10319,1,1,5,2,48.0,147,1,80.03,1,90.0
10320,1,0,5,1,52.0,142,3,98.22,1,96.0
10321,0,3,5,1,24.0,78,4,20.57,1,89.0
10322,0,1,5,0,27.0,52,1,62.32,0,72.0
10323,0,0,1,4,45.0,32,2,36.81,0,26.0
10324,1,2,4,0,39.0,121,2,,1,90.0
10325,3,7,1,0,40.0,171,1,29.09,1,88.0
10326,0,0,5,0,42.0,177,3,29.37,1,97.0
10327,0,3,5,0,31.0,31,2,35.27,1,89.0
10328,0,2,1,4,,78,1,54.93,1,94.0
10329,0,0,4,2,36.0,155,3,199.05,1,95.0
10330,1,3,1,0,25.0,2,2,76.15,1,78.0
10331,1,4,0,3,37.0,52,0,27.9,1,53.0
10332,0,1,4,1,,169,2,184.05,0,28.999999999999996
10333,1,3,5,2,,1,1,22.87,0,19.0
10334,1,0,5,3,35.0,120,2,33.43,1,95.0
10335,1,1,5,0,36.0,149,1,70.24,1,91.0
10336,1,2,4,4,31.0,152,2,155.67,1,74.0
10337,2,3,1,1,40.0,159,2,11.66,1,100.0
10338,0,3,1,3,,134,5,17.27,1,100.0
10339,0,2,1,0,47.0,61,0,-10.0,1,87.0
10340,1,1,0,1,,30,3,6.15,1,96.0
10341,0,2,5,0,24.0,62,1,30.46,1,92.0
10342,0,3,1,0,,36,1,75.72,0,15.0
10343,1,0,1,2,35.0,67,3,0.0,1,98.0
10344,0,1,0,1,26.0,78,2,57.02,1,94.0
10345,1,1,5,1,,136,4,82.53,1,99.0
10346,0,1,4,0,38.0,45,2,180.79,0,22.0
10347,0,2,1,3,16.0,94,3,32.01,0,89.0
10348,1,2,5,1,,33,3,65.55,0,86.0
10349,1,0,1,3,36.0,107,-1,12.93,1,90.0
10350,0,0,5,3,12.0,59,1,123.44,0,44.0
10351,0,1,1,1,34.0,140,3,0.0,1,100.0
10352,2,0,1,3,35.0,35,0,18.4,0,27.0
10353,0,2,5,1,22.0,47,2,152.26,1,86.0
10354,1,0,4,2,36.0,92,3,148.02,0,86.0
10355,1,2,1,1,34.0,5,1,30.58,0,31.0
10356,0,0,5,1,22.0,132,2,15.96,1,88.0
10357,1,3,5,1,43.0,102,1,74.93,1,96.0
10358,0,2,4,2,,177,2,155.43,1,96.0
10359,3,3,1,3,31.0,73,1,18.55,1,89.0
10360,0,2,1,2,32.0,73,0,47.98,1,91.0
10361,1,4,4,4,41.0,112,3,154.63,1,88.0
10362,0,3,0,1,31.0,151,3,0.44,0,35.0
10363,0,0,1,1,14.0,6,2,10.89,0,22.0
10364,0,2,1,2,38.0,85,3,47.54,1,99.0
10365,3,3,2,2,,57,2,107.74,1,88.0
10366,1,5,1,2,30.0,148,1,19.51,0,41.0
10367,3,0,2,2,48.0,160,0,163.84,0,16.0
10368,3,2,1,1,32.0,43,2,-10.0,1,77.0
10369,1,3,1,1,34.0,24,1,91.74,0,19.0
10370,1,0,1,0,39.0,94,2,49.55,1,90.0
10371,1,3,1,2,39.0,115,3,26.4,1,95.0
10372,1,0,5,2,24.0,142,3,133.31,1,93.0
10373,1,4,5,3,33.0,156,0,123.99,1,99.0
10374,0,0,1,3,34.0,82,6,,1,90.0
10375,1,3,1,1,36.0,51,0,62.63,1,83.0
10376,1,3,5,0,36.0,16,0,69.69,0,19.0
10377,2,0,4,2,59.0,35,3,103.92,1,69.0
10378,1,1,5,0,22.0,162,2,118.35,1,95.0
10379,2,1,4,0,43.0,167,3,149.73,1,99.0
10380,1,1,1,1,45.0,150,1,31.92,1,93.0
10381,1,2,4,0,38.0,161,1,165.61,1,96.0
10382,0,1,1,2,27.0,81,3,67.67,0,89.0
10383,0,3,0,1,50.0,127,3,3.47,1,97.0
10384,2,5,4,0,12.0,79,1,101.78,1,82.0
10385,0,3,4,1,,155,6,169.89,1,98.0
10386,2,2,5,1,45.0,59,1,132.67,1,83.0
10387,1,3,1,3,30.0,159,0,0.0,0,34.0
10388,1,3,1,1,49.0,57,1,37.04,1,83.0
10389,0,3,1,0,18.0,81,1,41.34,1,81.0
10390,2,1,4,3,22.0,43,1,,0,28.999999999999996
10391,3,0,1,2,28.0,161,3,51.2,1,100.0
10392,0,3,4,2,38.0,148,1,116.12,1,93.0
10393,1,1,1,2,31.0,123,2,46.87,1,98.0
10394,0,1,4,2,29.0,0,3,165.25,0,42.0
10395,1,1,4,2,48.0,176,1,173.75,1,69.0
10396,3,0,1,0,49.0,96,1,0.0,1,87.0
10397,2,0,1,1,29.0,20,3,0.0,1,92.0
10398,0,0,2,3,16.0,98,0,118.3,0,23.0
10399,0,0,3,1,12.0,154,1,158.48,1,93.0
10400,0,2,3,1,36.0,147,1,86.93,1,80.0
10401,1,0,5,0,40.0,143,1,47.89,1,97.0
10402,3,0,1,0,34.0,47,5,40.16,1,89.0
10403,0,0,4,0,33.0,31,1,168.64,0,12.0
10404,2,3,1,3,25.0,31,2,47.49,0,28.000000000000004
10405,1,3,4,0,,123,0,116.1,1,78.0
10406,2,4,1,1,50.0,129,2,39.79,1,97.0
10407,1,6,5,3,11.0,21,2,,0,24.0
10408,1,3,1,0,33.0,51,0,0.82,1,88.0
10409,3,1,1,0,24.0,95,3,,1,80.0
10410,1,3,1,0,19.0,161,1,84.09,1,97.0
10411,1,1,5,1,22.0,144,1,95.77,1,79.0
10412,3,7,3,0,37.0,22,3,63.8,1,91.0
10413,3,0,2,1,38.0,32,4,164.43,1,91.0
10414,0,3,0,3,48.0,156,0,0.0,1,94.0
10415,0,0,5,0,34.0,18,3,145.03,1,71.0
10416,0,0,5,2,16.0,120,0,148.38,0,24.0
10417,1,3,1,2,31.0,68,1,91.74,0,56.00000000000001
10418,1,1,1,1,20.0,36,0,0.0,0,34.0
10419,0,1,0,0,,122,0,29.24,1,92.0
10420,0,3,1,0,39.0,153,0,80.99,0,24.0
10421,0,0,1,2,35.0,23,3,0.0,1,94.0
10422,0,1,5,3,39.0,53,3,93.87,1,90.0
10423,1,2,1,4,30.0,20,1,11.4,0,16.0
10424,0,0,5,1,,96,1,0.0,1,94.0
10425,1,3,4,4,,89,2,181.39,0,28.000000000000004
10426,0,0,5,1,45.0,137,4,92.99,0,35.0
10427,0,2,5,1,37.0,41,4,88.59,1,90.0
10428,2,2,0,4,,156,2,0.0,1,91.0
10429,1,1,4,2,36.0,162,5,206.32,1,95.0
10430,1,2,1,1,33.0,27,2,45.79,1,85.0
10431,1,0,5,3,49.0,139,1,102.81,1,82.0
10432,0,1,4,3,36.0,57,1,198.09,0,21.0
10433,0,2,3,0,,126,3,108.45,1,89.0
10434,1,1,5,4,31.0,171,3,59.4,1,99.0
10435,1,1,1,2,42.0,6,4,50.29,0,26.0
10436,0,3,1,0,41.0,143,3,33.45,1,98.0
10437,1,1,3,1,31.0,92,1,87.75,1,92.0
10438,2,1,1,3,22.0,34,3,54.08,1,96.0
10439,0,2,5,3,24.0,91,2,44.5,1,99.0
10440,1,4,1,3,32.0,6,0,0.0,1,34.0
10441,1,0,4,0,47.0,13,0,146.44,1,38.0
10442,3,2,1,3,31.0,58,0,0.0,1,93.0
10443,1,0,5,1,,61,2,69.6,0,24.0
10444,1,1,5,1,16.0,119,2,17.57,0,33.0
10445,2,3,1,0,49.0,65,3,32.91,0,38.0
10446,3,5,1,1,39.0,21,0,25.58,1,90.0
10447,3,1,1,2,41.0,143,0,26.83,0,28.000000000000004
10448,0,3,1,2,43.0,98,2,52.71,1,90.0
10449,1,2,0,3,32.0,119,0,74.91,1,93.0
10450,1,1,1,3,34.0,42,0,6.34,1,88.0
10451,0,1,5,2,48.0,96,4,93.69,1,84.0
10452,0,2,1,1,35.0,97,3,39.12,1,95.0
10453,0,1,4,0,39.0,115,1,,1,88.0
10454,3,1,5,3,42.0,147,1,120.77,1,96.0
10455,1,0,1,4,40.0,137,1,0.0,1,83.0
10456,0,2,1,2,32.0,146,2,0.0,1,99.0
10457,1,1,4,2,33.0,11,1,147.21,0,50.0
10458,0,1,1,0,41.0,137,0,,1,93.0
10459,1,7,5,3,41.0,70,2,51.08,1,85.0
10460,1,3,5,1,45.0,103,1,104.1,1,95.0
10461,1,3,1,4,39.0,10,2,0.0,1,90.0
10462,0,1,2,4,39.0,60,2,196.8,1,51.0
10463,0,1,1,0,29.0,125,0,0.0,1,87.0
10464,0,3,1,2,28.0,165,2,61.39,1,97.0
10465,3,4,4,0,41.0,16,1,176.91,1,76.0
10466,1,0,5,1,28.0,53,3,42.77,1,77.0
10467,1,0,4,0,33.0,172,3,121.4,1,95.0
10468,2,0,5,4,47.0,152,3,107.67,1,88.0
10469,1,2,5,0,46.0,105,2,126.72,0,27.0
10470,3,3,2,2,37.0,158,4,161.32,1,92.0
10471,1,1,1,1,31.0,105,1,75.24,0,25.0
10472,3,3,5,4,32.0,38,3,132.54,0,26.0
10473,1,0,5,3,42.0,19,3,49.93,1,86.0
10474,2,1,1,1,33.0,72,2,82.27,1,92.0
10475,0,6,5,3,,42,3,111.62,1,62.0
10476,3,3,1,1,46.0,115,1,0.0,1,98.0
10477,1,1,5,2,35.0,128,1,61.42,1,92.0
10478,0,5,5,2,28.0,54,1,130.24,1,86.0
10479,3,0,4,0,38.0,107,4,220.15,1,86.0
10480,0,0,1,3,43.0,102,3,22.9,1,99.0
10481,0,3,5,3,23.0,178,2,179.26,1,63.0
10482,0,2,1,3,31.0,132,1,92.0,1,98.0
10483,0,1,5,4,31.0,139,1,113.06,1,91.0
10484,0,0,5,2,,13,0,108.68,0,47.0
10485,0,3,5,3,40.0,102,2,109.4,0,23.0
10486,3,4,4,0,28.0,39,3,98.75,1,92.0
10487,1,7,4,3,19.0,107,3,136.77,1,84.0
10488,1,0,1,0,44.0,136,2,28.88,1,96.0
10489,3,2,1,3,,169,1,15.91,1,98.0
10490,2,1,5,4,36.0,41,3,111.45,1,82.0
10491,0,0,0,2,32.0,32,1,37.59,1,80.0
10492,0,1,1,0,35.0,24,1,54.01,1,80.0
10493,1,3,5,3,50.0,117,0,,0,25.0
10494,1,6,1,0,,77,2,83.77,1,90.0
10495,0,1,0,0,17.0,8,3,39.58,0,22.0
10496,1,0,4,2,43.0,118,2,152.01,1,91.0
10497,0,1,0,2,32.0,118,3,58.0,0,96.0
10498,1,1,1,0,44.0,90,-1,61.09,1,83.0
10499,3,3,1,2,43.0,171,1,34.47,0,32.0
10500,3,6,4,3,48.0,57,2,100.75,1,89.0
10501,0,2,4,3,36.0,152,0,199.96,0,84.0
10502,0,1,5,2,25.0,115,3,22.15,1,96.0
10503,1,1,1,0,43.0,31,0,0.0,1,95.0
10504,2,3,4,4,35.0,21,3,165.27,0,19.0
10505,0,1,5,1,31.0,92,2,68.65,1,93.0
10506,1,3,2,0,29.0,54,5,164.38,1,90.0
10507,3,6,5,0,44.0,107,0,144.87,1,87.0
10508,2,2,1,4,50.0,76,0,48.18,1,87.0
10509,3,3,1,1,22.0,60,2,1.57,1,95.0
10510,0,1,1,0,,121,3,65.95,1,95.0
10511,0,2,1,1,30.0,91,2,0.0,1,93.0
10512,0,0,5,2,19.0,66,2,61.48,0,60.0
10513,3,3,4,2,35.0,129,1,159.77,1,93.0
10514,2,2,3,0,25.0,113,1,63.04,1,81.0
10515,1,2,1,2,,120,1,59.1,1,96.0
10516,1,2,1,3,26.0,160,1,33.01,1,100.0
10517,1,0,1,2,23.0,62,2,43.28,0,33.0
10518,2,0,1,2,27.0,143,4,36.48,0,34.0
10519,3,0,1,1,,128,0,68.84,0,81.0
10520,1,1,5,2,30.0,84,2,46.87,1,97.0
10521,0,7,0,0,26.0,63,2,0.0,0,26.0
10522,1,1,2,2,37.0,119,2,191.07,1,90.0
10523,3,0,1,2,39.0,68,3,2.73,1,98.0
10524,2,3,4,0,36.0,123,1,122.3,0,31.0
10525,2,1,5,0,31.0,120,3,92.08,1,95.0
10526,0,1,1,1,31.0,144,0,40.55,1,95.0
10527,0,1,5,3,,39,3,130.35,1,91.0
10528,1,0,5,2,25.0,101,1,90.52,1,86.0
10529,1,2,5,3,41.0,128,2,87.55,1,93.0
10530,2,3,5,1,16.0,12,2,59.22,1,92.0
10531,2,0,1,0,33.0,17,2,91.52,0,14.000000000000002
10532,3,3,5,0,30.0,67,2,131.43,1,93.0
10533,3,0,4,0,39.0,110,0,90.95,0,66.0
10534,0,1,1,4,19.0,13,0,87.24,1,32.0
10535,0,1,0,2,34.0,132,5,7.44,1,99.0
10536,3,2,4,1,37.0,61,0,203.77,1,79.0
10537,2,6,0,0,14.0,160,4,46.54,1,99.0
10538,1,3,5,4,23.0,25,4,124.65,1,78.0
10539,0,2,5,0,33.0,29,4,121.8,1,90.0
10540,1,2,5,0,39.0,61,4,103.8,1,83.0
10541,3,3,0,1,35.0,80,0,58.79,1,90.0
10542,0,0,1,1,39.0,69,2,0.0,1,89.0
10543,1,2,1,3,23.0,90,1,156.23,1,71.0
10544,0,0,5,0,18.0,35,0,57.24,1,59.0
10545,0,1,3,2,34.0,6,0,101.57,1,81.0
10546,1,2,3,0,21.0,64,2,89.0,0,28.999999999999996
10547,1,1,5,4,25.0,76,3,101.3,1,93.0
10548,0,1,1,3,43.0,40,1,0.0,1,94.0
10549,0,4,1,0,35.0,31,2,31.03,0,30.0
10550,0,3,4,2,,141,1,127.63,1,97.0
10551,0,2,1,2,27.0,160,3,0.0,1,99.0
10552,2,0,1,3,40.0,29,1,12.87,1,87.0
10553,0,3,1,1,36.0,5,3,,0,21.0
10554,0,1,1,3,21.0,9,1,8.42,1,79.0
10555,2,2,1,2,,102,2,47.62,1,96.0
10556,0,1,4,3,52.0,19,3,181.09,1,89.0
10557,1,1,4,1,21.0,88,3,195.71,1,94.0
10558,1,2,4,0,39.0,123,4,167.63,1,99.0
10559,0,3,4,4,,117,5,194.62,1,93.0
10560,0,3,4,3,,11,2,179.84,0,11.0
10561,0,2,5,0,27.0,21,3,148.97,1,85.0
10562,1,2,1,3,19.0,75,1,0.0,1,71.0
10563,1,0,5,1,19.0,13,2,124.51,0,55.00000000000001
10564,1,0,1,4,37.0,105,1,44.32,1,76.0
10565,1,5,1,3,48.0,175,1,9.9,1,93.0
10566,0,2,1,0,,35,1,29.37,1,79.0
10567,1,3,5,0,28.0,54,4,156.26,1,87.0
10568,0,1,1,3,40.0,13,5,27.49,1,85.0
10569,3,1,0,0,,1,1,67.85,0,46.0
10570,1,1,1,2,36.0,1,2,,1,83.0
10571,0,1,4,2,34.0,60,3,,1,93.0
10572,0,3,5,0,29.0,106,2,79.82,0,37.0
10573,1,1,4,3,33.0,106,3,202.31,1,97.0
10574,0,2,1,3,,133,4,17.92,1,100.0
10575,2,0,1,0,40.0,152,0,40.07,1,97.0
10576,3,3,5,2,44.0,22,1,38.36,0,23.0
10577,1,2,1,2,24.0,72,0,0.0,1,63.0
10578,3,2,5,3,44.0,94,2,86.94,0,76.0
10579,0,2,5,2,,27,4,81.23,1,83.0
10580,1,0,5,1,19.0,24,1,20.84,1,81.0
10581,0,0,4,2,39.0,98,1,170.53,1,82.0
10582,3,0,1,3,28.0,64,5,37.07,1,94.0
10583,0,2,0,2,18.0,42,1,0.0,0,70.0
10584,1,0,5,2,35.0,39,4,126.05,1,90.0
10585,0,5,1,0,39.0,22,0,32.42,1,85.0
10586,1,0,1,1,35.0,176,1,0.0,1,98.0
10587,1,3,1,0,32.0,7,1,61.48,1,39.0
10588,1,2,1,2,30.0,127,4,0.0,1,100.0
10589,1,6,1,2,58.0,6,2,0.0,1,86.0
10590,1,1,1,4,22.0,20,2,0.0,1,87.0
10591,1,0,5,1,42.0,34,1,95.31,1,27.0
10592,0,0,5,3,34.0,100,0,110.36,0,54.0
10593,1,3,3,0,25.0,98,0,,1,79.0
10594,1,1,5,2,33.0,81,2,,1,94.0
10595,2,3,1,2,20.0,60,1,85.3,1,66.0
10596,0,3,1,3,28.0,73,0,6.78,0,23.0
10597,0,2,0,2,33.0,157,4,0.0,1,99.0
10598,1,2,4,4,18.0,108,2,253.9,1,90.0
10599,1,0,5,3,39.0,67,2,93.93,1,94.0
10600,1,0,1,2,24.0,136,0,0.0,1,99.0
10601,1,3,0,2,19.0,16,5,9.54,1,92.0
10602,1,0,4,1,23.0,42,3,59.54,1,79.0
10603,1,7,5,0,55.0,102,3,42.56,1,89.0
10604,1,0,4,1,14.0,87,2,165.45,0,78.0
10605,1,0,1,1,38.0,102,1,41.16,1,86.0
10606,0,2,1,2,26.0,140,3,0.0,0,92.0
10607,1,2,3,0,30.0,153,3,,1,99.0
10608,1,2,3,0,40.0,61,3,69.01,0,35.0
10609,0,2,5,2,39.0,18,2,98.74,1,86.0
10610,0,1,5,1,27.0,80,2,142.12,1,79.0
10611,1,2,5,1,,29,2,116.17,1,84.0
10612,0,1,5,1,40.0,126,1,84.63,1,83.0
10613,0,2,1,0,39.0,12,1,15.76,1,88.0
10614,1,0,0,2,31.0,176,0,0.0,1,99.0
10615,2,3,4,4,38.0,81,4,106.42,1,97.0
10616,3,0,1,1,29.0,120,0,0.0,1,96.0
10617,1,0,5,0,25.0,115,1,115.87,1,89.0
10618,1,1,5,0,34.0,178,2,74.56,1,95.0
10619,2,2,4,2,,110,2,91.91,1,99.0
10620,0,3,0,2,,8,3,5.7,0,23.0
10621,1,3,1,4,39.0,28,0,78.12,1,70.0
10622,1,2,4,3,26.0,92,1,146.23,0,80.0
10623,1,1,4,2,49.0,109,2,102.16,1,90.0
10624,0,1,5,3,30.0,135,0,97.5,1,30.0
10625,0,1,1,2,32.0,107,2,36.67,1,94.0
10626,1,3,1,1,20.0,80,4,3.06,1,90.0
10627,0,1,3,3,32.0,14,3,97.86,1,83.0
10628,0,5,4,1,39.0,161,0,171.52,1,90.0
10629,1,3,4,4,41.0,179,1,162.2,1,83.0
10630,1,3,1,4,49.0,177,0,82.8,0,27.0
10631,0,0,1,1,39.0,4,6,40.51,1,87.0
10632,2,3,1,1,36.0,97,1,27.3,1,95.0
10633,0,2,4,4,29.0,8,2,165.24,0,24.0
10634,0,3,5,4,27.0,4,1,93.79,1,87.0
10635,1,3,1,0,43.0,154,2,46.55,1,100.0
10636,0,1,1,0,43.0,112,0,,1,97.0
10637,0,0,3,1,23.0,116,1,144.27,0,34.0
10638,1,1,1,3,,83,2,0.0,1,82.0
10639,1,0,4,2,40.0,46,0,193.35,0,12.0
10640,1,1,5,3,22.0,61,3,64.56,1,96.0
10641,1,2,1,1,39.0,44,0,,1,82.0
10642,1,1,0,0,23.0,65,0,75.79,1,89.0
10643,1,1,4,1,9.0,22,2,184.94,1,84.0
10644,1,2,1,1,32.0,97,0,33.46,1,96.0
10645,1,2,1,0,36.0,92,2,26.33,1,99.0
10646,2,3,4,3,32.0,42,0,114.1,1,73.0
10647,0,1,4,2,62.0,162,4,213.65,1,95.0
10648,0,2,4,1,37.0,157,2,164.82,0,91.0
10649,0,2,0,0,35.0,66,2,49.98,0,30.0
10650,0,3,1,2,38.0,137,2,84.38,1,97.0
10651,1,4,1,2,29.0,127,4,17.8,1,99.0
10652,0,2,1,2,43.0,55,0,0.0,1,71.0
10653,0,2,5,0,37.0,33,0,57.24,1,79.0
10654,0,1,1,1,37.0,64,1,0.0,1,66.0
10655,0,3,5,0,27.0,5,5,153.3,0,18.0
10656,1,1,1,4,18.0,170,1,11.48,1,92.0
10657,1,0,1,3,28.0,15,1,0.0,0,13.0
10658,1,3,4,2,36.0,132,3,103.79,1,94.0
10659,0,5,1,1,29.0,24,3,113.22,1,91.0
10660,0,2,1,3,36.0,26,1,41.29,1,90.0
10661,1,2,1,0,31.0,169,3,65.78,1,99.0
10662,3,3,1,2,38.0,116,2,,1,96.0
10663,0,2,1,1,24.0,123,1,72.98,1,93.0
10664,1,1,1,2,35.0,54,2,0.0,1,90.0
10665,1,3,5,2,27.0,106,0,75.24,1,99.0
10666,1,2,4,2,18.0,25,3,171.79,1,82.0
10667,1,2,5,0,32.0,15,0,85.79,0,18.0
10668,1,0,1,2,49.0,108,1,37.74,1,98.0
10669,1,0,5,4,19.0,107,0,53.65,0,65.0
10670,1,3,1,0,35.0,89,4,21.29,1,98.0
10671,1,4,3,3,41.0,100,1,41.7,0,30.0
10672,2,1,5,1,57.0,155,0,140.89,1,89.0
10673,1,2,1,0,29.0,157,0,25.26,0,31.0
10674,0,2,4,1,27.0,125,2,117.95,1,78.0
10675,0,2,4,1,22.0,121,1,230.77,1,79.0
10676,3,3,4,3,45.0,88,2,141.05,1,86.0
10677,1,3,1,0,25.0,172,1,60.31,1,100.0
10678,1,0,5,2,30.0,146,2,64.53,0,36.0
10679,3,2,4,1,15.0,12,3,163.23,0,15.0
10680,2,2,1,1,42.0,74,3,57.24,1,93.0
10681,2,2,2,1,45.0,111,4,151.44,1,94.0
10682,1,2,1,4,42.0,150,2,50.94,1,100.0
10683,1,2,1,1,17.0,13,4,75.92,1,89.0
10684,0,5,5,0,40.0,97,3,47.45,1,93.0
10685,3,2,5,1,,103,1,16.71,1,92.0
10686,0,1,5,1,34.0,150,3,68.03,1,98.0
10687,0,2,4,1,36.0,167,1,195.84,1,93.0
10688,1,3,1,2,37.0,63,4,9.47,1,98.0
10689,0,3,1,2,39.0,19,3,76.64,1,92.0
10690,1,1,2,0,33.0,159,1,183.52,1,87.0
10691,1,2,1,1,14.0,77,1,56.16,1,90.0
10692,0,3,5,4,39.0,23,1,79.8,1,83.0
10693,0,3,5,3,34.0,45,1,,1,89.0
10694,1,2,1,2,24.0,17,2,21.91,1,90.0
10695,1,2,1,3,18.0,110,0,30.64,1,92.0
10696,0,7,5,1,49.0,93,0,84.6,1,91.0
10697,1,2,4,1,46.0,175,0,163.95,0,27.0
10698,0,0,5,3,,141,1,72.43,1,89.0
10699,1,2,5,0,27.0,148,1,,1,94.0
10700,0,3,1,0,8.0,97,1,74.68,1,93.0
10701,0,3,1,3,41.0,4,0,0.0,1,75.0
10702,1,1,1,1,37.0,127,1,22.14,1,95.0
10703,1,0,1,3,30.0,158,2,91.17,1,86.0
10704,1,3,1,2,45.0,86,4,24.52,1,98.0
10705,1,0,1,0,42.0,119,2,,0,98.0
10706,3,6,1,3,35.0,171,4,8.59,1,99.0
10707,1,3,1,0,34.0,63,0,0.0,1,86.0
10708,2,1,1,2,34.0,93,3,,1,94.0
10709,1,3,5,1,40.0,169,1,44.77,1,93.0
10710,0,1,5,1,25.0,120,3,85.48,1,95.0
10711,0,0,1,1,,99,2,91.96,1,89.0
10712,0,5,4,0,24.0,165,2,114.18,1,89.0
10713,0,2,1,2,,134,2,,1,96.0
10714,0,2,4,3,39.0,58,1,-10.0,1,72.0
10715,1,2,1,1,27.0,68,0,30.36,0,84.0
10716,3,3,4,0,,48,0,231.55,0,63.0
10717,2,2,0,1,25.0,10,3,40.81,0,27.0
10718,3,2,3,2,49.0,100,5,89.78,1,96.0
10719,1,3,1,3,,129,2,0.0,1,98.0
10720,0,0,5,1,40.0,109,1,82.71,1,93.0
10721,3,2,1,2,49.0,26,3,54.45,1,95.0
10722,1,2,1,0,35.0,143,0,64.11,1,99.0
10723,1,3,5,2,41.0,63,4,113.78,1,90.0
10724,0,0,1,0,46.0,176,1,0.0,1,98.0
10725,0,0,4,1,33.0,89,0,158.45,0,20.0
10726,2,0,1,1,34.0,15,1,0.0,0,18.0
10727,1,3,0,2,43.0,72,2,0.0,1,83.0
10728,0,1,5,0,40.0,179,1,61.34,1,99.0
10729,1,1,0,2,26.0,115,3,12.75,1,99.0
10730,1,2,1,2,12.0,132,1,0.0,1,100.0
10731,1,2,5,1,32.0,163,0,85.93,1,93.0
10732,2,2,5,1,,6,0,114.51,0,17.0
10733,0,1,4,1,24.0,60,1,179.54,1,81.0
10734,0,3,0,2,25.0,95,1,12.59,1,82.0
10735,1,2,5,2,,156,4,118.25,1,97.0
10736,2,3,1,3,42.0,119,2,4.67,1,94.0
10737,1,2,1,3,44.0,157,0,93.11,1,73.0
10738,2,3,5,2,39.0,167,1,93.28,1,97.0
10739,0,3,1,3,40.0,30,1,,0,81.0
10740,1,1,1,2,40.0,47,3,11.4,1,97.0
10741,0,3,1,1,9.0,90,1,20.51,1,94.0
10742,1,4,5,0,34.0,5,1,89.02,1,79.0
10743,0,1,4,1,16.0,28,1,155.31,0,46.0
10744,0,2,5,2,,136,2,69.5,0,76.0
10745,1,1,1,1,13.0,83,3,0.0,1,94.0
10746,2,0,5,2,32.0,113,0,,1,67.0
10747,1,0,5,4,,138,4,40.8,1,98.0
10748,0,3,1,4,22.0,18,0,0.0,1,60.0
10749,3,0,1,2,43.0,73,4,37.84,1,96.0
10750,0,0,0,0,39.0,132,1,0.0,1,84.0
10751,1,0,1,3,37.0,102,2,79.09,0,32.0
10752,3,0,4,0,40.0,69,2,131.36,1,79.0
10753,0,2,1,2,30.0,94,1,0.0,1,97.0
10754,1,2,1,1,35.0,17,0,71.23,0,24.0
10755,1,1,4,4,34.0,20,3,183.13,1,85.0
10756,0,3,4,2,,142,2,199.35,1,91.0
10757,0,2,5,1,27.0,5,1,74.79,1,98.0
10758,0,0,1,1,21.0,23,2,0.0,1,89.0
10759,2,3,1,4,,59,3,54.68,1,92.0
10760,0,2,1,3,30.0,27,3,66.08,1,99.0
10761,1,5,1,3,26.0,73,2,18.31,1,93.0
10762,1,0,1,3,42.0,22,2,94.01,0,45.0
10763,1,3,5,0,22.0,78,3,106.61,1,93.0
10764,0,2,1,0,32.0,45,1,30.53,1,49.0
10765,1,3,0,1,45.0,111,2,54.02,0,94.0
10766,0,2,1,3,43.0,36,2,0.0,1,85.0
10767,0,1,5,2,46.0,141,1,89.81,0,84.0
10768,2,0,5,0,28.0,47,0,31.61,0,23.0
10769,1,1,5,2,41.0,77,1,91.9,1,88.0
10770,2,0,1,3,23.0,114,2,37.21,1,97.0
10771,1,0,1,3,31.0,35,2,,1,91.0
10772,2,3,1,0,32.0,59,4,23.87,1,98.0
10773,1,2,1,0,,78,1,0.0,1,91.0
10774,1,5,4,1,30.0,112,1,241.48,1,83.0
10775,0,1,2,2,29.0,96,2,121.85,1,72.0
10776,1,1,5,1,,110,0,39.36,0,27.0
10777,1,3,4,1,42.0,47,3,156.17,0,23.0
10778,0,7,5,2,32.0,119,5,79.85,1,96.0
10779,0,3,1,3,36.0,149,0,37.97,1,92.0
10780,0,0,2,2,35.0,42,0,189.23,0,9.0
10781,0,1,1,3,34.0,40,2,0.0,1,88.0
10782,0,0,5,4,,144,2,137.55,1,99.0
10783,1,1,1,3,30.0,62,1,16.83,1,78.0
10784,1,1,1,3,48.0,145,5,0.0,0,42.0
10785,1,2,5,3,41.0,71,2,103.01,1,95.0
10786,3,1,1,2,34.0,2,3,23.55,1,93.0
10787,0,3,1,3,29.0,53,3,36.05,0,35.0
10788,0,3,1,2,32.0,118,1,64.53,1,97.0
10789,0,7,1,0,38.0,141,4,80.78,1,91.0
10790,3,2,4,0,48.0,33,2,124.22,1,56.00000000000001
10791,1,2,5,1,20.0,126,2,0.0,0,31.0
10792,0,4,0,1,40.0,125,3,,1,98.0
10793,0,1,1,4,45.0,0,4,6.39,1,65.0
10794,0,1,4,3,19.0,175,4,,1,93.0
10795,1,3,1,3,32.0,98,3,0.0,1,80.0
10796,2,7,1,4,,9,2,13.8,0,83.0
10797,3,3,1,2,38.0,82,1,0.0,1,94.0
10798,0,3,4,3,30.0,138,2,118.79,1,94.0
10799,0,3,1,3,32.0,118,1,0.0,1,97.0
10800,3,3,1,2,29.0,126,0,12.25,1,84.0
10801,0,1,1,1,41.0,98,2,76.13,0,30.0
10802,1,2,1,2,,65,2,15.38,0,32.0
10803,0,3,5,2,,2,2,9.48,1,92.0
10804,0,1,1,3,35.0,142,0,94.83,0,38.0
10805,0,7,1,0,39.0,58,1,0.0,1,90.0
10806,0,0,1,3,31.0,104,1,25.53,1,95.0
10807,3,0,1,3,51.0,174,2,4.66,1,96.0
10808,3,1,4,3,,91,1,134.45,0,41.0
10809,0,2,4,2,16.0,129,2,137.4,1,94.0
10810,1,0,1,4,15.0,157,0,52.02,1,73.0
10811,3,0,1,3,13.0,165,5,25.76,1,96.0
10812,2,2,1,3,40.0,4,1,64.43,1,87.0
10813,1,0,5,4,39.0,133,1,177.6,0,23.0
10814,3,3,5,1,46.0,132,4,112.93,1,95.0
10815,2,2,1,3,23.0,11,1,55.58,1,86.0
10816,0,0,5,2,41.0,131,0,72.47,1,97.0
10817,0,2,5,1,34.0,151,1,118.56,1,94.0
10818,1,3,4,4,35.0,152,6,169.1,1,98.0
10819,1,0,1,0,40.0,25,2,,0,23.0
10820,1,1,1,1,26.0,54,1,30.37,1,84.0
10821,2,0,1,3,,125,3,11.18,1,97.0
10822,1,0,4,3,47.0,45,1,187.99,1,89.0
10823,1,3,5,2,28.0,173,0,27.69,1,96.0
10824,1,1,5,3,23.0,42,2,82.01,1,88.0
10825,0,1,1,3,33.0,160,0,61.88,1,97.0
10826,3,1,1,4,35.0,20,3,76.96,0,21.0
10827,1,3,1,1,44.0,164,2,19.3,1,99.0
10828,1,3,5,4,22.0,11,0,114.72,0,16.0
10829,0,3,1,1,36.0,100,2,74.63,1,87.0
10830,0,3,1,0,18.0,148,0,23.61,1,95.0
10831,1,3,5,2,38.0,140,3,140.83,0,35.0
10832,0,5,1,0,,116,4,15.4,1,98.0
10833,1,2,1,0,53.0,32,5,0.0,1,100.0
10834,1,3,1,2,18.0,75,2,0.0,0,37.0
10835,0,6,4,3,47.0,119,4,154.51,1,94.0
10836,0,0,5,3,16.0,157,2,116.32,0,36.0
10837,3,0,4,2,,36,1,104.62,1,83.0
10838,1,3,1,2,17.0,81,3,30.9,0,86.0
10839,0,0,4,0,36.0,143,3,220.49,1,92.0
10840,0,2,2,2,22.0,44,0,146.23,0,22.0
10841,1,0,5,2,20.0,128,3,103.47,1,91.0
10842,0,4,2,1,36.0,27,3,160.88,1,87.0
10843,1,6,1,1,38.0,43,1,30.82,1,85.0
10844,3,0,1,4,34.0,66,1,0.0,1,88.0
10845,1,3,1,2,32.0,106,1,0.0,1,95.0
10846,0,2,5,0,52.0,166,1,89.3,1,94.0
10847,1,2,5,3,35.0,9,0,,0,21.0
10848,3,1,5,3,42.0,50,1,105.33,1,91.0
10849,0,1,1,3,35.0,108,3,56.7,1,99.0
10850,0,2,1,2,23.0,141,5,49.33,1,98.0
10851,1,2,1,2,39.0,78,0,22.66,1,69.0
10852,0,1,5,0,27.0,133,3,58.03,1,95.0
10853,1,3,1,0,,166,1,66.36,1,78.0
10854,2,4,4,3,,79,1,133.4,1,80.0
10855,1,0,1,2,14.0,81,3,30.43,1,98.0
10856,1,0,1,0,17.0,98,1,0.0,1,95.0
10857,1,6,4,1,43.0,175,2,220.32,1,75.0
10858,0,3,1,1,27.0,152,3,12.21,1,96.0
10859,0,1,1,3,27.0,119,1,0.0,1,47.0
10860,1,3,1,1,35.0,32,3,84.63,0,31.0
10861,0,3,1,4,30.0,82,2,28.31,0,30.0
10862,0,0,4,2,38.0,101,2,158.15,1,86.0
10863,0,1,3,3,33.0,74,2,151.59,0,21.0
10864,0,3,1,3,35.0,119,2,,1,99.0
10865,0,1,5,2,26.0,101,4,141.62,1,91.0
10866,0,2,0,0,35.0,64,1,0.0,1,86.0
10867,1,0,5,0,45.0,167,1,102.43,1,81.0
10868,1,1,4,0,28.0,24,2,172.34,0,14.000000000000002
10869,2,2,4,0,43.0,56,3,189.23,1,80.0
10870,3,2,1,3,33.0,159,0,0.0,1,94.0
10871,1,2,1,0,41.0,45,0,0.0,1,88.0
10872,1,3,1,1,35.0,99,4,121.5,1,84.0
10873,0,3,5,1,33.0,131,1,125.62,1,77.0
10874,0,0,5,0,37.0,118,4,76.12,1,98.0
10875,1,4,1,1,46.0,150,3,51.18,1,99.0
10876,1,2,4,1,36.0,79,2,135.6,0,25.0
10877,0,0,1,2,38.0,74,0,33.59,1,91.0
10878,0,3,1,2,30.0,149,1,0.0,1,94.0
10879,1,0,1,0,,102,3,24.18,1,99.0
10880,1,5,0,3,40.0,125,2,0.0,1,100.0
10881,1,3,1,3,,32,0,99.76,1,81.0
10882,0,2,5,2,32.0,40,1,79.71,1,85.0
10883,1,2,1,2,43.0,165,2,3.14,1,100.0
10884,1,0,1,3,27.0,62,1,0.0,0,65.0
10885,0,3,5,0,16.0,84,2,150.36,1,93.0
10886,1,2,0,3,34.0,178,3,30.24,1,98.0
10887,0,2,5,3,45.0,89,3,142.02,1,97.0
10888,1,3,1,1,49.0,64,5,38.62,1,99.0
10889,1,3,5,3,32.0,104,2,110.18,1,91.0
10890,1,2,4,2,34.0,56,3,169.29,0,34.0
10891,0,0,1,0,39.0,85,2,,1,94.0
10892,2,0,3,3,31.0,154,2,,1,90.0
10893,2,0,4,1,,71,1,172.02,1,92.0
10894,1,1,3,2,33.0,81,5,61.51,1,96.0
10895,0,3,1,2,44.0,3,3,29.61,0,33.0
10896,1,2,1,1,41.0,64,3,45.01,1,94.0
10897,1,1,5,2,42.0,43,1,68.94,1,85.0
10898,2,0,4,1,,15,1,127.39,1,83.0
10899,1,1,1,2,53.0,93,2,0.0,1,92.0
10900,1,2,1,2,38.0,22,1,19.63,1,94.0
10901,1,2,1,2,36.0,158,2,72.86,1,83.0
10902,1,3,1,2,26.0,155,1,5.92,1,98.0
10903,1,0,1,1,,177,1,7.49,0,40.0
10904,0,0,1,3,35.0,100,4,18.26,1,94.0
10905,0,1,1,2,26.0,15,3,15.91,0,24.0
10906,2,0,1,1,31.0,40,3,40.72,1,89.0
10907,2,1,4,1,,136,2,155.12,1,90.0
10908,1,2,1,1,34.0,1,1,8.74,1,84.0
10909,1,2,1,3,16.0,109,1,36.24,1,81.0
10910,1,2,1,0,,42,1,65.58,0,21.0
10911,0,2,4,1,,65,3,186.79,1,81.0
10912,1,2,5,1,33.0,95,3,70.86,1,97.0
10913,0,1,5,1,44.0,76,1,108.71,1,80.0
10914,0,2,1,3,54.0,176,5,30.26,1,98.0
10915,0,1,4,2,40.0,124,0,140.74,0,77.0
10916,0,2,1,3,21.0,96,0,0.0,1,88.0
10917,1,1,1,1,30.0,20,0,42.21,1,83.0
10918,3,1,5,0,39.0,146,0,79.64,1,88.0
10919,0,1,4,1,38.0,111,4,192.02,1,91.0
10920,1,0,3,2,43.0,56,3,157.81,1,88.0
10921,2,5,4,0,33.0,76,2,127.75,0,22.0
10922,0,1,4,0,,59,2,107.01,0,68.0
10923,2,2,1,3,51.0,146,3,0.0,1,99.0
10924,0,1,1,3,34.0,98,2,45.73,1,92.0
10925,0,1,1,2,,34,4,16.71,1,98.0
10926,1,3,4,3,48.0,125,1,165.77,0,31.0
10927,1,0,1,2,19.0,160,0,23.06,1,92.0
10928,0,3,4,0,0.0,66,0,196.44,0,63.0
10929,0,6,1,0,41.0,86,1,31.14,0,26.0
10930,1,0,1,0,43.0,47,1,0.0,1,90.0
10931,1,0,0,2,38.0,44,3,0.0,1,98.0
10932,2,7,1,3,20.0,74,2,66.1,1,90.0
10933,3,0,4,3,33.0,67,4,137.81,1,66.0
10934,0,3,1,3,31.0,142,2,54.58,1,100.0
10935,1,1,1,1,28.0,91,0,33.55,1,74.0
10936,1,3,1,0,48.0,71,2,64.45,0,34.0
10937,1,0,1,0,,97,2,85.94,1,93.0
10938,3,0,1,1,37.0,14,0,0.64,0,49.0
10939,1,2,1,0,45.0,150,2,75.27,1,100.0
10940,0,2,4,0,37.0,90,3,120.65,1,92.0
10941,1,2,1,1,46.0,141,0,64.24,1,94.0
10942,0,2,1,0,39.0,116,0,11.52,1,96.0
10943,0,0,5,3,38.0,1,1,0.0,1,88.0
10944,2,2,1,1,37.0,124,1,111.7,0,15.0
10945,1,3,1,0,40.0,42,4,25.67,1,96.0
10946,1,1,3,3,30.0,70,4,114.87,1,95.0
10947,1,0,1,2,20.0,143,2,20.02,1,98.0
10948,3,2,3,0,43.0,85,1,119.57,0,26.0
10949,2,0,0,1,45.0,27,0,0.55,1,92.0
10950,0,2,5,3,36.0,159,1,66.32,1,95.0
10951,0,0,4,2,28.0,70,2,184.28,1,82.0
10952,0,2,0,2,18.0,106,2,25.71,1,92.0
10953,1,1,1,0,34.0,129,2,0.0,1,56.00000000000001
10954,3,2,1,2,20.0,6,2,47.4,1,89.0
10955,0,3,1,1,19.0,37,1,44.12,1,86.0
10956,1,0,2,2,,175,1,153.79,1,89.0
10957,0,0,5,0,26.0,106,1,59.22,1,93.0
10958,1,3,1,2,37.0,85,1,,1,93.0
10959,1,3,5,0,32.0,81,0,118.06,1,56.00000000000001
10960,0,1,1,2,,72,1,15.97,1,93.0
10961,1,0,5,3,16.0,1,4,19.9,1,65.0
10962,0,5,5,0,25.0,41,3,77.58,1,93.0
10963,1,0,5,1,25.0,169,1,83.19,1,100.0
10964,1,0,1,1,21.0,80,1,37.52,1,91.0
10965,1,1,3,2,30.0,147,3,91.59,1,97.0
10966,1,0,1,3,22.0,5,1,55.81,0,39.0
10967,0,0,5,2,32.0,138,0,80.2,1,90.0
10968,1,1,1,2,36.0,73,1,23.64,0,68.0
10969,0,6,1,3,25.0,39,2,40.24,0,22.0
10970,0,1,5,0,38.0,127,1,16.69,1,96.0
10971,0,0,4,1,,35,3,143.08,1,81.0
10972,3,3,1,4,22.0,102,1,13.58,0,71.0
10973,0,2,4,2,32.0,178,1,151.51,0,34.0
10974,1,7,5,0,40.0,46,2,38.8,0,20.0
10975,1,2,5,2,42.0,97,1,89.37,1,91.0
10976,1,3,4,0,50.0,144,4,148.97,1,100.0
10977,0,2,1,1,30.0,25,2,0.0,0,30.0
10978,1,1,4,1,32.0,126,2,137.73,0,30.0
10979,0,2,1,0,23.0,47,3,32.42,0,36.0
10980,0,2,1,1,,26,1,73.9,0,16.0
10981,1,2,3,2,36.0,45,4,145.85,1,94.0
10982,0,0,4,0,26.0,66,4,154.91,1,93.0
10983,1,3,4,2,46.0,122,2,205.61,1,98.0
10984,1,1,5,0,19.0,146,2,124.82,1,94.0
10985,0,7,5,2,38.0,71,3,,1,86.0
10986,0,3,1,1,23.0,80,1,0.0,1,97.0
10987,0,1,4,3,25.0,64,3,185.1,0,30.0
10988,0,0,1,2,39.0,70,5,3.4,1,97.0
10989,1,2,5,0,27.0,35,0,118.78,1,73.0
10990,2,0,5,1,28.0,66,2,77.22,1,87.0
10991,0,0,3,0,,82,4,79.31,1,96.0
10992,0,2,1,2,51.0,169,1,54.18,1,100.0
10993,1,3,4,0,27.0,66,1,224.25,1,82.0
10994,0,2,5,0,34.0,97,3,103.57,1,85.0
10995,1,1,4,2,31.0,68,1,,0,26.0
10996,1,2,1,1,36.0,176,4,0.0,1,100.0
10997,3,3,5,1,,36,1,65.22,0,22.0
10998,1,0,5,2,31.0,45,3,,1,90.0
10999,3,0,5,1,37.0,55,4,64.49,1,91.0
11000,0,2,4,3,25.0,118,0,193.73,1,92.0
11001,1,5,1,0,44.0,62,1,7.76,1,93.0
11002,0,3,1,2,,77,1,7.44,1,91.0
11003,2,4,1,4,40.0,29,1,0.0,1,64.0
11004,0,2,1,0,34.0,95,2,29.61,1,94.0
11005,2,1,4,2,4.0,62,1,205.09,0,19.0
11006,0,1,1,1,38.0,114,2,52.89,1,96.0
11007,0,0,1,2,30.0,108,2,111.73,1,94.0
11008,2,0,1,2,31.0,75,0,73.86,0,22.0
11009,1,3,3,0,15.0,153,2,130.5,1,99.0
11010,0,1,1,0,38.0,22,0,106.95,0,18.0
11011,1,3,1,0,19.0,112,3,55.62,0,98.0
11012,3,1,1,3,35.0,147,0,0.0,1,91.0
11013,3,1,1,4,43.0,101,5,54.7,1,96.0
11014,1,2,4,2,29.0,45,0,180.9,1,82.0
11015,0,0,1,2,46.0,158,1,22.82,1,98.0
11016,3,1,5,1,26.0,148,1,55.49,0,34.0
11017,1,3,4,2,40.0,50,2,186.54,0,14.000000000000002
11018,0,0,5,0,20.0,166,1,76.8,1,94.0
11019,3,3,4,2,,62,1,145.7,1,65.0
11020,1,0,4,1,42.0,68,0,243.77,1,68.0
11021,0,0,1,3,38.0,19,1,83.76,0,28.000000000000004
11022,1,1,3,3,30.0,118,2,27.32,1,97.0
11023,3,2,1,1,19.0,22,2,133.73,1,66.0
11024,3,1,1,2,30.0,169,1,41.58,0,33.0
11025,3,4,4,2,45.0,130,5,,1,100.0
11026,0,1,5,3,35.0,26,5,126.72,1,92.0
11027,2,1,5,2,18.0,90,0,136.25,0,59.0
11028,2,0,5,3,22.0,79,1,-10.0,0,23.0
11029,1,0,1,1,46.0,151,0,3.49,1,96.0
11030,2,1,4,1,38.0,8,2,185.78,0,23.0
11031,1,1,1,2,21.0,129,2,73.84,1,90.0
11032,0,1,0,0,16.0,133,3,80.16,1,92.0
11033,1,3,4,0,27.0,70,3,119.43,1,89.0
11034,1,1,1,3,15.0,78,2,62.55,1,94.0
11035,1,3,5,1,32.0,20,0,122.44,0,34.0
11036,0,2,5,3,58.0,99,1,54.77,1,93.0
11037,1,3,1,4,18.0,156,4,57.42,1,99.0
11038,0,1,4,3,,12,3,152.09,0,20.0
11039,1,2,5,3,47.0,110,1,61.48,1,73.0
11040,1,3,1,3,41.0,102,2,0.0,1,97.0
11041,0,3,1,2,32.0,102,0,20.11,1,98.0
11042,0,0,4,0,32.0,169,1,192.1,0,30.0
11043,1,6,1,1,22.0,108,1,0.0,1,98.0
11044,0,0,4,3,31.0,119,0,112.61,1,91.0
11045,2,2,1,0,,125,3,10.78,1,95.0
11046,0,3,5,3,45.0,128,1,132.68,0,32.0
11047,1,0,4,3,27.0,147,3,157.24,1,89.0
11048,1,1,1,1,32.0,170,0,80.93,1,74.0
11049,2,3,5,2,24.0,0,0,68.45,0,18.0
11050,1,2,5,3,36.0,39,1,23.61,1,82.0
11051,2,2,5,1,41.0,6,2,28.14,1,93.0
11052,0,0,5,2,40.0,162,2,62.26,1,94.0
11053,3,4,5,2,22.0,179,3,19.98,1,98.0
11054,0,2,5,0,35.0,33,1,88.94,1,82.0
11055,3,3,4,0,27.0,177,4,236.35,1,95.0
11056,1,0,5,3,44.0,68,1,31.73,1,92.0
11057,0,1,1,0,32.0,156,4,61.91,1,92.0
11058,0,2,4,1,18.0,113,6,218.37,1,98.0
11059,0,1,1,1,31.0,111,2,14.07,1,99.0
11060,0,2,1,0,38.0,0,2,19.12,1,93.0
11061,2,1,1,1,36.0,72,1,0.0,0,33.0
11062,3,3,1,1,,16,2,0.0,1,85.0
11063,0,2,1,3,,104,3,37.75,1,96.0
11064,0,3,1,3,24.0,93,2,121.8,0,26.0
11065,0,0,1,4,30.0,169,3,7.37,1,100.0
11066,0,2,5,0,25.0,155,4,110.21,1,96.0
11067,1,3,1,1,43.0,2,1,0.0,1,90.0
11068,1,1,0,2,24.0,4,1,4.42,0,27.0
11069,1,3,1,2,35.0,53,1,0.0,1,81.0
11070,1,6,1,4,34.0,165,2,0.61,1,96.0
11071,1,3,1,3,43.0,43,3,34.65,1,93.0
11072,1,1,5,0,44.0,75,2,17.15,1,90.0
11073,1,1,4,1,40.0,117,3,154.71,1,97.0
11074,1,1,4,0,37.0,23,1,75.42,0,15.0
11075,3,0,4,0,23.0,79,4,140.77,0,24.0
11076,0,6,1,0,,7,1,0.0,1,85.0
11077,1,1,1,2,25.0,90,3,86.34,1,87.0
11078,0,0,1,1,41.0,89,5,37.43,1,95.0
11079,1,1,3,3,34.0,94,3,76.89,1,86.0
11080,3,3,1,0,42.0,1,1,0.0,0,30.0
11081,0,2,5,0,,40,1,83.37,0,23.0
11082,1,7,1,2,26.0,47,0,18.54,1,86.0
11083,0,0,1,2,34.0,105,2,39.43,1,97.0
11084,2,3,4,1,33.0,21,1,150.87,1,80.0
11085,3,3,5,3,30.0,96,2,53.71,1,83.0
11086,0,5,4,3,28.0,17,2,159.0,1,74.0
11087,0,3,3,2,45.0,78,4,25.93,1,96.0
11088,1,1,4,1,34.0,168,2,48.87,1,95.0
11089,3,1,5,0,34.0,66,1,47.24,1,90.0
11090,1,2,4,1,25.0,47,1,102.8,1,85.0
11091,3,0,1,3,40.0,121,2,76.32,1,78.0
11092,0,0,5,2,23.0,22,2,135.78,1,86.0
11093,0,0,5,0,38.0,110,0,113.38,1,86.0
11094,0,1,1,0,38.0,129,1,24.9,1,93.0
11095,1,4,4,3,29.0,105,2,119.39,0,35.0
11096,1,1,4,0,37.0,3,3,158.49,0,21.0
11097,1,2,1,1,35.0,153,4,0.0,1,100.0
11098,1,0,1,3,33.0,18,0,0.0,1,53.0
11099,0,5,1,3,34.0,48,3,0.0,1,95.0
11100,1,0,4,0,,73,2,192.98,1,89.0
11101,1,0,5,3,35.0,52,2,72.47,1,78.0
11102,3,2,1,2,34.0,133,2,0.0,1,100.0
11103,2,3,5,1,22.0,128,0,50.31,1,93.0
11104,3,4,1,3,32.0,143,3,24.27,1,94.0
11105,3,2,5,2,36.0,179,2,89.67,1,98.0
11106,1,0,1,0,34.0,6,0,0.0,0,28.999999999999996
11107,1,0,1,3,43.0,87,1,,1,92.0
11108,0,0,5,2,40.0,34,2,-10.0,0,70.0
11109,0,0,1,0,25.0,67,2,,1,96.0
11110,1,3,1,2,32.0,104,1,31.51,1,86.0
11111,2,3,1,0,30.0,142,2,51.16,1,97.0
11112,1,0,1,1,33.0,107,5,45.07,1,99.0
11113,1,0,1,3,33.0,150,3,0.0,1,87.0
11114,0,2,4,1,40.0,77,2,198.66,0,52.0
11115,0,2,2,1,35.0,124,1,203.63,1,86.0
11116,0,1,4,3,46.0,101,0,89.79,0,22.0
11117,1,3,4,1,36.0,138,2,100.24,1,97.0
11118,2,0,1,1,25.0,131,4,39.13,1,91.0
11119,1,3,1,2,29.0,167,2,42.11,1,94.0
11120,1,2,1,0,40.0,57,3,65.87,1,95.0
11121,2,3,4,1,17.0,118,2,196.98,1,93.0
11122,3,3,5,4,20.0,87,0,105.87,1,67.0
11123,2,0,1,2,34.0,121,1,,1,99.0
11124,2,0,1,0,43.0,66,2,0.0,0,64.0
11125,0,2,3,1,47.0,37,1,120.74,0,23.0
11126,0,0,5,1,31.0,129,0,112.29,1,83.0
11127,1,2,4,3,,86,1,196.52,1,89.0
11128,0,2,1,1,34.0,39,1,0.0,0,22.0
11129,1,1,4,3,18.0,55,2,205.6,1,80.0
11130,1,1,1,1,33.0,34,5,73.1,1,98.0
11131,0,1,5,1,27.0,48,0,46.92,1,88.0
11132,0,3,4,3,43.0,106,1,167.83,1,81.0
11133,1,1,4,0,,95,3,177.7,1,92.0
11134,1,4,1,4,21.0,121,3,67.68,1,94.0
11135,0,0,0,3,19.0,94,2,23.04,1,94.0
11136,1,1,1,0,33.0,171,3,18.94,1,96.0
11137,2,3,1,0,9.0,30,1,28.79,1,91.0
11138,0,2,5,3,28.0,124,0,47.45,1,92.0
11139,0,3,4,2,36.0,75,1,,1,81.0
11140,0,7,1,3,23.0,125,2,51.48,1,97.0
11141,2,2,0,1,43.0,145,0,55.75,1,94.0
11142,1,2,1,1,,87,4,18.93,1,98.0
11143,0,2,4,0,,35,1,186.48,1,49.0
11144,0,0,4,1,,156,1,166.98,1,96.0
11145,1,2,1,2,43.0,150,1,30.75,1,90.0
11146,2,2,1,3,33.0,2,2,,0,73.0
11147,0,3,3,2,20.0,29,0,95.93,0,9.0
11148,0,3,5,0,32.0,44,2,79.8,1,67.0
11149,2,1,1,1,25.0,176,1,35.73,1,95.0
11150,2,3,4,4,45.0,112,1,160.52,0,79.0
11151,0,6,4,3,40.0,121,0,151.72,1,93.0
11152,2,0,5,2,30.0,18,1,113.55,1,79.0
11153,0,7,5,2,35.0,132,2,88.92,0,40.0
11154,0,3,1,3,,55,3,72.33,1,81.0
11155,0,2,5,1,26.0,161,4,79.68,1,100.0
11156,0,3,1,0,49.0,72,3,97.68,0,77.0
11157,1,7,1,0,34.0,102,2,29.62,1,81.0
11158,2,2,1,3,43.0,175,2,31.82,1,99.0
11159,2,3,1,3,36.0,25,1,9.3,0,26.0
11160,1,0,1,3,47.0,132,-1,44.18,1,97.0
11161,2,1,5,2,14.0,87,2,166.12,1,68.0
11162,1,3,5,1,32.0,158,2,87.19,1,96.0
11163,1,0,5,1,50.0,23,3,117.95,0,80.0
11164,0,3,1,3,43.0,84,2,22.73,1,94.0
11165,1,1,1,0,47.0,21,0,0.0,0,30.0
11166,2,2,4,2,33.0,101,2,225.5,1,87.0
11167,2,1,1,3,28.0,149,2,50.82,1,88.0
11168,0,7,4,2,23.0,56,2,263.82,0,12.0
11169,1,1,1,3,23.0,157,2,35.14,1,97.0
11170,1,1,5,2,42.0,112,1,77.84,1,93.0
11171,0,6,1,0,39.0,46,2,29.4,1,85.0
11172,3,3,5,0,33.0,166,3,113.3,1,98.0
11173,0,1,4,4,39.0,88,1,152.92,0,24.0
11174,1,1,2,0,35.0,90,1,142.49,1,91.0
11175,0,2,4,1,43.0,156,2,130.32,1,99.0
11176,0,0,1,1,43.0,141,0,31.5,1,94.0
11177,0,3,5,4,23.0,3,2,121.97,0,32.0
11178,1,4,1,3,36.0,4,0,43.43,0,19.0
11179,0,0,3,1,17.0,43,7,92.11,1,94.0
11180,0,2,1,3,35.0,90,5,25.85,1,100.0
11181,3,2,4,2,40.0,23,2,119.31,1,56.00000000000001
11182,1,7,2,3,20.0,27,1,177.61,0,18.0
11183,0,0,1,4,29.0,151,2,5.66,1,97.0
11184,3,1,1,0,34.0,127,1,,1,89.0
11185,1,0,1,1,36.0,4,1,79.47,1,74.0
11186,3,2,5,2,31.0,12,1,76.29,1,82.0
11187,0,5,1,1,22.0,54,3,0.0,1,94.0
11188,1,1,4,1,33.0,29,3,185.12,1,91.0
11189,1,2,5,1,,101,0,,1,79.0
11190,0,1,5,2,31.0,82,2,49.31,1,93.0
11191,1,0,3,0,29.0,176,2,49.68,0,91.0
11192,0,2,0,0,32.0,112,2,46.41,1,98.0
11193,1,3,4,1,28.0,81,3,204.08,0,24.0
11194,0,2,5,3,18.0,89,0,112.02,1,88.0
11195,1,3,4,0,30.0,14,2,139.81,0,67.0
11196,2,3,5,0,43.0,29,1,141.97,1,36.0
11197,3,2,3,2,46.0,27,4,68.11,1,91.0
11198,3,2,1,0,58.0,131,1,78.15,1,88.0
11199,0,7,5,0,50.0,67,1,135.17,0,18.0
11200,1,3,5,1,22.0,100,0,113.08,0,36.0
11201,0,1,5,1,29.0,142,2,55.41,1,96.0
11202,1,2,5,2,33.0,33,1,134.4,0,23.0
11203,1,2,1,2,33.0,98,1,107.94,0,30.0
11204,1,1,4,3,,170,-1,208.44,1,82.0
11205,0,2,4,0,58.0,60,2,118.46,0,25.0
11206,0,5,1,1,23.0,1,4,0.0,1,94.0
11207,0,5,4,4,26.0,117,0,177.9,1,88.0
11208,0,2,1,0,,51,1,0.0,1,97.0
11209,1,0,5,2,27.0,51,2,93.61,1,60.0
11210,3,3,1,4,37.0,14,3,29.46,1,87.0
11211,0,2,4,2,44.0,167,1,128.3,1,96.0
11212,0,0,1,1,38.0,27,1,66.16,0,14.000000000000002
11213,1,1,1,4,,95,0,0.0,1,90.0
11214,0,0,1,3,43.0,97,-1,60.13,1,94.0
11215,0,2,1,1,25.0,54,0,25.03,1,93.0
11216,1,6,5,0,29.0,177,1,86.95,1,97.0
11217,1,0,1,0,39.0,21,0,26.1,0,22.0
11218,0,2,5,0,13.0,156,0,82.06,1,88.0
11219,0,3,2,2,48.0,71,3,223.16,1,84.0
11220,1,0,4,1,37.0,139,2,75.94,1,94.0
11221,3,1,4,2,35.0,37,1,216.17,1,50.0
11222,1,0,1,3,17.0,119,2,0.0,1,98.0
11223,0,0,1,1,21.0,1,1,74.65,1,28.999999999999996
11224,3,4,3,0,30.0,139,1,80.52,1,92.0
11225,0,0,1,3,42.0,125,1,51.72,1,89.0
11226,0,1,4,3,13.0,139,1,153.66,1,93.0
11227,1,1,1,1,41.0,108,3,27.02,0,31.0
11228,1,1,4,0,30.0,8,2,,1,88.0
11229,3,0,1,2,31.0,31,3,38.61,1,93.0
11230,0,3,4,1,36.0,72,0,130.76,0,20.0
11231,2,3,1,0,36.0,135,3,0.0,1,99.0
11232,1,1,1,3,26.0,115,0,0.0,1,93.0
11233,1,3,3,1,40.0,155,1,,1,98.0
11234,1,7,1,3,10.0,81,1,126.52,0,33.0
11235,0,3,5,0,29.0,106,3,17.96,1,97.0
11236,1,3,5,2,35.0,35,2,152.53,0,17.0
11237,2,3,1,2,30.0,116,0,39.83,0,32.0
11238,0,2,4,3,,164,0,158.92,1,93.0
11239,3,1,1,3,,31,4,58.11,1,99.0
11240,1,0,5,3,21.0,166,1,74.09,1,97.0
11241,2,3,5,1,33.0,48,1,58.33,0,30.0
11242,0,2,5,0,35.0,145,0,23.6,1,97.0
11243,0,0,1,3,34.0,22,2,29.87,1,87.0
11244,2,2,1,4,45.0,32,1,22.38,1,78.0
11245,0,3,5,3,33.0,111,4,71.11,1,100.0
11246,0,3,1,2,38.0,178,1,67.47,1,96.0
11247,1,3,1,3,33.0,170,2,16.75,1,100.0
11248,1,3,5,0,40.0,3,2,117.96,0,65.0
11249,3,0,5,4,47.0,79,0,,1,77.0
11250,0,0,0,0,,124,3,69.35,1,96.0
11251,0,2,1,2,41.0,1,1,81.77,0,45.0
11252,0,1,1,2,48.0,44,2,32.32,0,24.0
11253,1,3,1,1,47.0,87,4,31.58,1,98.0
11254,1,6,1,2,30.0,114,2,61.06,1,87.0
11255,0,2,1,2,44.0,167,2,52.91,1,100.0
11256,0,2,4,0,36.0,129,4,140.59,1,94.0
11257,1,3,5,0,,159,5,90.4,1,95.0
11258,0,3,1,3,39.0,0,3,121.26,0,27.0
11259,1,2,1,1,36.0,17,3,8.59,1,98.0
11260,0,3,5,2,38.0,159,0,107.53,0,89.0
11261,1,2,1,1,36.0,8,0,49.97,0,9.0
11262,0,0,5,3,36.0,54,1,88.51,1,47.0
11263,1,3,4,1,32.0,66,2,208.72,1,92.0
11264,0,0,5,2,31.0,23,1,152.6,0,47.0
11265,1,1,1,0,51.0,120,1,91.4,0,32.0
11266,1,3,5,1,38.0,10,3,118.98,1,86.0
11267,1,5,4,2,28.0,155,1,215.77,1,82.0
11268,0,2,5,3,31.0,15,3,43.83,0,20.0
11269,0,3,5,2,,92,4,17.65,1,99.0
11270,1,3,1,1,26.0,104,1,0.0,1,95.0
11271,0,3,1,2,19.0,11,1,8.87,1,90.0
11272,2,1,5,2,19.0,120,3,150.82,1,97.0
11273,0,1,4,1,16.0,89,2,170.89,1,91.0
11274,1,6,5,4,21.0,131,0,52.13,1,92.0
11275,0,0,3,3,22.0,74,2,182.04,0,22.0
11276,1,0,1,2,47.0,65,3,0.0,1,91.0
11277,1,1,1,0,33.0,30,1,0.0,0,28.999999999999996
11278,3,7,5,1,,177,4,59.89,1,90.0
11279,1,0,1,2,19.0,88,4,63.64,1,99.0
11280,0,4,5,0,32.0,97,4,,1,95.0
11281,0,1,1,0,16.0,128,0,,1,97.0
11282,0,2,5,2,,38,2,38.51,1,87.0
11283,0,1,4,2,,179,4,180.47,1,94.0
11284,1,1,1,2,40.0,94,1,55.79,1,95.0
11285,1,3,1,0,31.0,163,1,8.17,1,100.0
11286,0,1,5,4,40.0,139,4,74.63,1,98.0
11287,1,3,4,1,28.0,60,1,77.11,0,28.999999999999996
11288,1,6,3,4,,71,1,97.68,1,94.0
11289,1,3,1,1,51.0,138,2,25.2,1,97.0
11290,1,2,1,1,22.0,108,3,0.0,1,92.0
11291,1,2,1,2,30.0,13,0,91.5,0,26.0
11292,1,2,1,1,37.0,135,3,35.74,1,100.0
11293,0,1,2,2,24.0,160,1,154.37,1,95.0
11294,0,3,4,0,40.0,131,0,215.08,0,24.0
11295,2,0,1,1,30.0,112,1,0.0,0,41.0
11296,1,1,1,2,40.0,29,3,0.0,1,96.0
11297,1,2,1,3,39.0,83,1,14.44,1,88.0
11298,1,0,4,2,31.0,93,2,81.92,1,81.0
11299,0,1,5,3,51.0,90,2,70.09,0,34.0
11300,0,0,5,2,27.0,88,2,3.84,0,35.0
11301,1,2,1,3,47.0,53,2,0.0,1,89.0
11302,3,0,5,1,45.0,133,2,96.08,1,92.0
11303,1,0,1,3,51.0,4,5,20.4,1,90.0
11304,0,2,1,1,35.0,50,0,37.38,1,80.0
11305,0,0,5,1,26.0,141,0,38.73,1,95.0
11306,2,1,5,2,,33,2,71.78,1,91.0
11307,0,0,1,1,30.0,168,7,14.08,1,97.0
11308,2,3,1,0,25.0,88,3,0.0,1,95.0
11309,1,1,1,3,32.0,166,2,57.77,1,98.0
11310,2,0,0,2,24.0,145,3,84.36,1,92.0
11311,1,3,5,1,,19,0,130.89,0,33.0
11312,2,3,4,3,27.0,106,1,89.73,1,91.0
11313,0,3,1,3,31.0,135,1,63.27,1,94.0
11314,2,0,1,0,43.0,25,0,9.98,0,69.0
11315,0,2,1,3,40.0,84,0,102.79,0,27.0
11316,0,7,5,2,34.0,154,1,79.35,1,91.0
11317,0,2,1,2,35.0,159,3,74.58,1,97.0
11318,0,1,5,1,34.0,41,2,37.72,1,92.0
11319,1,2,1,1,29.0,177,0,31.07,1,86.0
11320,1,2,5,2,33.0,80,2,189.55,1,86.0
11321,1,2,2,4,38.0,176,3,104.83,1,98.0
11322,1,2,4,3,32.0,26,0,167.4,0,13.0
11323,2,2,2,0,38.0,99,1,189.51,1,81.0
11324,1,1,5,1,25.0,34,0,67.03,1,78.0
11325,3,1,2,3,27.0,37,5,128.23,1,97.0
11326,1,2,1,3,26.0,37,1,81.36,1,82.0
11327,1,2,1,1,,41,3,43.61,1,97.0
11328,0,3,1,2,46.0,169,3,104.89,1,95.0
11329,0,1,5,3,41.0,176,0,73.06,1,100.0
11330,0,0,2,4,23.0,56,3,174.15,0,23.0
11331,0,1,1,3,,99,2,,1,86.0
11332,0,0,5,3,30.0,53,2,123.76,0,16.0
11333,1,3,5,0,27.0,137,1,51.17,1,97.0
11334,3,2,4,2,19.0,39,2,183.37,1,92.0
11335,3,7,5,0,43.0,128,0,,1,91.0
11336,0,2,4,0,20.0,119,4,158.57,1,96.0
11337,1,1,1,1,33.0,85,2,34.14,1,94.0
11338,0,2,1,3,24.0,63,3,32.97,1,91.0
11339,1,0,5,2,41.0,80,2,88.92,1,83.0
11340,1,0,1,3,30.0,11,1,0.0,1,33.0
11341,1,3,1,2,32.0,88,4,,1,94.0
11342,0,5,5,0,32.0,25,3,64.2,1,96.0
11343,2,0,3,1,37.0,39,3,105.77,1,87.0
11344,0,3,5,0,,109,3,108.36,0,24.0
11345,0,5,1,3,33.0,112,4,0.0,1,97.0
11346,0,1,5,1,28.0,42,1,36.65,1,85.0
11347,1,3,1,1,18.0,71,4,47.63,1,95.0
11348,1,0,1,3,22.0,140,2,28.56,1,94.0
11349,3,0,5,2,41.0,89,1,91.23,0,21.0
11350,1,3,1,1,30.0,16,2,13.55,1,68.0
11351,2,0,1,2,,87,2,,1,85.0
11352,0,3,5,2,19.0,23,4,54.24,0,76.0
11353,0,0,1,2,16.0,75,3,34.68,1,94.0
11354,0,0,4,1,26.0,57,3,,1,91.0
11355,0,3,3,0,42.0,155,0,,0,32.0
11356,2,7,4,1,28.0,96,2,161.57,1,70.0
11357,3,0,1,0,38.0,50,1,33.66,1,88.0
11358,0,7,5,1,27.0,87,0,159.53,1,85.0
11359,1,0,1,0,40.0,91,2,0.0,1,91.0
11360,0,2,2,0,30.0,110,2,158.85,1,88.0
11361,3,1,1,1,21.0,166,1,72.52,1,89.0
11362,1,1,1,2,31.0,100,3,38.44,1,96.0
11363,0,0,4,2,52.0,167,1,188.29,1,91.0
11364,0,1,1,0,51.0,12,2,38.67,0,26.0
11365,0,0,1,3,38.0,146,2,31.62,1,99.0
11366,1,3,1,4,32.0,5,0,29.87,0,17.0
11367,0,2,5,4,37.0,145,2,99.24,1,93.0
11368,3,1,1,1,37.0,8,1,69.37,1,79.0
11369,1,1,1,1,33.0,80,2,92.73,1,77.0
11370,1,3,1,3,38.0,67,3,0.0,1,78.0
11371,3,2,5,2,36.0,53,1,50.27,0,24.0
11372,1,6,5,1,30.0,125,2,135.55,1,96.0
11373,2,2,1,1,22.0,49,0,69.18,1,56.99999999999999
11374,0,3,1,2,,69,0,34.11,1,74.0
11375,1,1,1,0,41.0,138,1,35.24,1,97.0
11376,2,1,0,1,33.0,117,1,50.06,1,94.0
11377,0,2,1,3,37.0,169,1,47.3,1,100.0
11378,0,3,1,3,,89,2,7.34,0,26.0
11379,1,3,5,1,23.0,138,0,29.3,1,98.0
11380,0,3,4,3,31.0,71,2,128.91,1,87.0
11381,1,2,1,2,23.0,66,3,24.79,0,34.0
11382,1,3,5,0,23.0,129,3,85.15,1,97.0
11383,3,6,5,0,46.0,25,3,60.63,1,92.0
11384,1,2,5,1,,75,1,160.07,1,82.0
11385,0,2,4,1,26.0,36,3,124.71,0,28.000000000000004
11386,1,0,1,0,50.0,35,1,0.0,1,86.0
11387,0,2,1,0,42.0,15,2,,1,83.0
11388,1,3,5,1,30.0,77,0,45.0,1,91.0
11389,3,0,1,3,38.0,65,3,82.77,0,27.0
11390,0,1,1,1,31.0,20,4,29.06,1,91.0
11391,1,5,1,2,27.0,134,4,108.82,1,96.0
11392,1,3,1,1,38.0,138,2,89.32,1,96.0
11393,1,3,5,1,30.0,171,0,74.16,1,94.0
11394,0,3,1,1,34.0,53,4,,1,78.0
11395,1,3,1,1,44.0,92,2,45.21,1,97.0
11396,2,4,1,1,43.0,57,2,83.52,1,92.0
11397,0,3,1,1,28.0,36,2,0.0,1,89.0
11398,1,2,4,3,38.0,119,2,81.56,1,94.0
11399,0,5,1,1,,175,1,12.29,1,97.0
11400,0,3,4,4,38.0,38,5,129.01,1,92.0
11401,1,2,5,1,35.0,103,2,124.46,0,26.0
11402,1,3,5,3,37.0,67,3,42.88,1,99.0
11403,1,2,1,2,31.0,67,1,49.26,1,78.0
11404,0,0,1,0,54.0,154,1,4.77,1,98.0
11405,0,1,4,1,24.0,103,2,,1,88.0
11406,0,1,4,1,43.0,59,3,178.73,0,28.000000000000004
11407,2,0,1,0,23.0,171,2,0.0,1,95.0
11408,2,2,1,1,39.0,157,3,77.37,1,97.0
11409,0,3,1,3,39.0,125,3,40.46,1,99.0
11410,2,2,4,1,,122,2,126.49,1,96.0
11411,1,1,1,2,,35,0,115.47,0,19.0
11412,1,0,5,4,35.0,132,1,149.55,0,20.0
11413,1,0,5,1,36.0,123,1,8.75,1,99.0
11414,1,2,5,2,51.0,146,0,70.34,1,88.0
11415,0,2,5,0,25.0,139,0,67.49,1,88.0
11416,3,0,1,3,28.0,89,0,0.0,1,87.0
11417,1,1,4,1,36.0,82,1,208.49,1,78.0
11418,1,3,5,1,31.0,138,2,50.92,1,97.0
11419,0,7,5,0,32.0,52,0,76.23,1,64.0
11420,3,2,1,0,44.0,19,1,19.61,0,30.0
11421,1,0,5,3,5.0,72,2,0.0,0,28.000000000000004
11422,0,0,1,4,,83,0,62.74,0,28.000000000000004
11423,1,0,1,3,16.0,26,4,94.05,1,92.0
11424,1,1,5,1,22.0,57,1,53.29,1,86.0
11425,3,2,5,1,58.0,122,2,103.87,1,96.0
11426,3,2,5,3,39.0,132,2,91.64,1,82.0
11427,1,2,1,1,,73,0,59.9,1,93.0
11428,3,1,5,0,33.0,136,0,145.99,0,23.0
11429,0,2,1,2,41.0,76,1,26.22,1,94.0
11430,2,3,5,1,16.0,124,0,32.62,1,95.0
11431,0,2,1,3,44.0,124,1,120.52,1,94.0
11432,0,2,5,1,25.0,31,1,83.16,0,26.0
11433,0,2,4,4,28.0,172,2,120.62,1,97.0
11434,0,5,1,3,39.0,26,5,15.13,1,98.0
11435,1,3,1,2,37.0,155,2,24.71,1,100.0
11436,1,3,5,3,34.0,17,0,40.96,1,79.0
11437,1,0,5,3,,86,0,49.22,1,88.0
11438,0,0,5,3,34.0,104,-1,124.83,0,25.0
11439,1,3,5,1,43.0,158,0,96.47,1,94.0
11440,0,2,1,2,28.0,40,1,60.68,1,83.0
11441,3,2,1,4,47.0,33,2,54.35,0,24.0
11442,1,2,1,1,,6,0,0.0,1,46.0
11443,0,1,1,2,34.0,4,2,28.9,0,23.0
11444,0,2,3,2,,20,1,140.04,0,17.0
11445,2,1,1,1,27.0,133,0,32.47,1,96.0
11446,1,3,4,3,44.0,172,3,195.48,1,97.0
11447,0,2,4,2,53.0,119,2,183.46,1,77.0
11448,2,2,4,0,,162,1,-10.0,1,86.0
11449,3,0,4,1,28.0,105,2,204.34,1,86.0
11450,0,3,0,2,26.0,86,5,85.85,1,94.0
11451,0,2,4,0,47.0,130,1,163.06,1,95.0
11452,0,1,1,0,46.0,160,3,71.62,1,99.0
11453,2,3,1,0,48.0,37,1,34.1,1,79.0
11454,0,0,5,0,33.0,86,0,86.84,0,77.0
11455,1,3,1,1,,79,1,17.45,1,89.0
11456,3,1,4,0,33.0,112,1,119.93,1,89.0
11457,0,0,5,1,25.0,143,4,57.81,1,94.0
11458,0,1,5,0,45.0,88,1,41.59,1,95.0
11459,1,3,1,0,50.0,105,3,,1,90.0
11460,0,0,5,1,23.0,70,0,86.49,0,28.999999999999996
11461,1,1,1,3,23.0,7,1,78.28,1,79.0
11462,0,3,4,2,34.0,130,2,76.21,1,92.0
11463,1,1,1,2,43.0,68,3,0.0,0,39.0
11464,0,6,5,1,22.0,127,1,65.23,1,92.0
11465,3,3,1,0,36.0,18,4,,1,89.0
11466,1,0,1,1,28.0,134,0,37.5,0,32.0
11467,3,4,1,0,41.0,85,1,29.85,0,20.0
11468,0,2,1,1,26.0,49,3,0.0,1,97.0
11469,2,1,5,2,41.0,133,1,116.69,1,93.0
11470,0,1,1,1,32.0,132,1,,1,100.0
11471,0,0,1,4,24.0,60,2,105.86,1,62.0
11472,0,1,5,2,34.0,94,3,0.0,1,98.0
11473,2,3,1,4,14.0,57,4,24.83,1,84.0
11474,0,3,1,1,28.0,149,2,0.0,1,99.0
11475,1,4,4,4,37.0,31,1,113.56,0,24.0
11476,0,3,1,1,16.0,144,4,3.61,1,99.0
11477,2,0,1,1,8.0,168,1,92.57,1,92.0
11478,0,1,1,3,10.0,21,0,32.0,0,11.0
11479,0,1,1,3,47.0,79,0,18.85,0,19.0
11480,0,1,5,2,33.0,41,0,74.94,1,65.0
11481,2,2,1,0,28.0,78,3,43.48,0,33.0
11482,1,0,3,0,43.0,135,1,65.75,1,97.0
11483,0,7,0,2,29.0,45,1,41.65,1,45.0
11484,1,1,1,1,36.0,175,1,38.64,1,98.0
11485,1,2,1,0,34.0,114,2,25.88,1,97.0
11486,1,3,3,1,29.0,130,1,100.61,1,98.0
11487,1,3,4,3,36.0,76,1,129.54,1,55.00000000000001
11488,0,3,5,3,41.0,29,0,76.51,0,19.0
11489,1,1,4,2,32.0,27,2,106.48,0,51.0
11490,0,3,1,1,29.0,72,1,0.0,1,89.0
11491,1,0,1,2,30.0,152,1,82.83,1,98.0
11492,1,2,1,0,11.0,164,1,60.02,1,100.0
11493,1,3,1,0,,178,2,83.52,1,96.0
11494,1,3,1,0,21.0,38,2,68.18,1,93.0
11495,0,0,1,1,40.0,82,0,1.42,0,44.0
11496,0,3,1,2,33.0,66,3,0.0,1,98.0
11497,0,1,1,2,35.0,128,5,0.05,1,95.0
11498,0,5,1,0,41.0,37,1,48.21,0,30.0
11499,1,1,1,2,24.0,179,4,33.46,1,97.0
11500,2,3,4,3,37.0,51,5,161.62,1,95.0
11501,0,2,1,3,36.0,82,2,14.69,1,94.0
11502,0,6,5,3,32.0,84,2,37.95,1,75.0
11503,1,7,5,3,24.0,12,3,150.53,0,16.0
11504,1,2,1,2,39.0,16,2,,1,92.0
11505,1,2,1,3,41.0,83,-1,50.76,1,90.0
11506,1,3,1,3,35.0,157,3,0.0,1,97.0
11507,0,1,5,3,23.0,165,2,77.6,1,99.0
11508,0,3,1,3,28.0,138,4,52.57,1,98.0
11509,0,1,1,3,33.0,154,1,108.43,1,88.0
11510,0,1,1,1,40.0,37,1,73.65,1,53.0
11511,2,2,4,4,,27,0,146.47,1,78.0
11512,0,2,1,3,28.0,153,1,57.71,1,99.0
11513,3,5,5,3,29.0,102,3,99.91,1,87.0
11514,1,1,1,2,33.0,160,0,62.05,1,94.0
11515,1,2,4,3,,159,5,147.48,1,94.0
11516,1,0,5,0,31.0,152,0,91.26,0,33.0
11517,0,1,1,1,30.0,23,5,0.0,1,93.0
11518,2,1,4,4,23.0,167,5,147.32,1,97.0
11519,1,1,5,1,32.0,154,3,133.28,1,97.0
11520,3,2,1,3,28.0,45,3,,1,96.0
11521,1,3,1,0,,83,5,0.0,1,99.0
11522,3,1,3,3,25.0,96,2,66.53,1,96.0
11523,1,1,4,1,34.0,68,3,186.23,1,91.0
11524,1,1,5,1,,68,0,,1,63.0
11525,0,3,5,1,28.0,38,5,115.06,1,91.0
11526,1,3,5,2,36.0,156,0,127.35,1,95.0
11527,1,1,1,1,36.0,74,0,42.57,1,91.0
11528,1,1,5,3,29.0,85,0,60.61,1,78.0
11529,2,0,1,0,31.0,30,3,0.0,1,90.0
11530,0,3,4,0,19.0,64,2,117.78,1,92.0
11531,1,0,5,3,48.0,14,5,148.04,1,87.0
11532,0,1,3,2,40.0,82,1,79.29,0,30.0
11533,0,1,1,3,40.0,73,3,79.61,1,97.0
11534,1,1,1,1,18.0,8,3,17.14,0,16.0
11535,0,1,1,2,28.0,12,1,1.59,0,25.0
11536,1,2,5,4,30.0,119,1,83.19,1,97.0
11537,1,2,5,2,14.0,44,2,135.24,0,78.0
11538,0,6,1,0,42.0,89,4,53.33,1,96.0
11539,1,0,5,3,48.0,133,0,42.52,1,97.0
11540,0,3,4,3,54.0,103,3,131.87,1,94.0
11541,0,1,1,0,,43,4,0.0,1,98.0
11542,1,3,1,4,35.0,1,2,,0,30.0
11543,0,2,5,0,47.0,156,1,92.5,1,90.0
11544,1,1,3,2,31.0,175,5,96.41,1,87.0
11545,3,1,5,3,28.0,124,0,,0,30.0
11546,0,0,5,2,15.0,11,1,83.59,1,85.0
11547,2,3,4,4,45.0,113,1,131.74,1,92.0
11548,0,0,1,1,33.0,66,5,0.0,1,96.0
11549,1,2,1,1,26.0,177,0,37.08,1,93.0
11550,0,3,1,1,36.0,10,1,117.64,0,13.0
11551,3,6,1,0,35.0,4,0,0.0,1,91.0
11552,0,0,1,0,35.0,44,4,0.0,1,88.0
11553,2,4,0,1,,116,3,17.87,1,99.0
11554,2,1,4,3,50.0,174,1,,0,25.0
11555,1,3,4,3,32.0,133,2,119.51,1,96.0
11556,1,3,0,3,50.0,79,0,5.5,1,83.0
11557,0,5,5,0,39.0,93,3,35.22,1,92.0
11558,0,3,5,2,37.0,83,1,86.79,0,22.0
11559,2,2,4,0,32.0,88,2,174.44,1,78.0
11560,3,2,5,1,43.0,110,1,70.79,1,93.0
11561,1,0,1,2,35.0,66,3,0.0,1,98.0
11562,1,2,5,3,24.0,174,2,108.77,1,100.0
11563,0,3,5,0,24.0,161,1,114.51,1,92.0
11564,1,1,5,0,38.0,11,2,76.98,1,88.0
11565,2,0,4,1,24.0,26,0,174.47,1,83.0
11566,0,1,4,3,33.0,104,0,194.67,0,22.0
11567,0,0,5,0,44.0,85,1,51.34,1,91.0
11568,1,0,5,0,37.0,116,4,27.62,1,99.0
11569,0,1,2,2,26.0,155,3,190.94,1,89.0
11570,0,6,1,0,48.0,172,0,108.41,1,60.0
11571,0,2,1,2,39.0,129,1,0.0,1,97.0
11572,1,2,1,4,44.0,136,6,93.42,1,96.0
11573,0,2,4,3,11.0,30,2,157.49,0,26.0
11574,2,1,5,1,37.0,163,1,123.86,1,96.0
11575,1,7,1,3,42.0,112,2,0.0,1,97.0
11576,1,4,4,1,,104,3,137.96,1,86.0
11577,1,1,5,0,19.0,14,3,122.39,1,61.0
11578,0,2,4,3,,96,2,197.94,1,94.0
11579,0,2,1,2,50.0,30,1,18.08,0,70.0
11580,0,1,5,1,13.0,154,1,81.22,1,97.0
11581,1,4,5,1,38.0,1,2,66.67,0,25.0
11582,1,5,5,0,40.0,42,3,32.13,0,26.0
11583,0,1,5,1,30.0,114,3,89.7,1,96.0
11584,0,3,2,1,29.0,122,2,154.5,1,81.0
11585,3,1,1,1,40.0,0,4,14.19,1,99.0
11586,1,3,4,0,27.0,8,1,107.01,1,81.0
11587,0,0,1,3,31.0,129,2,20.1,1,99.0
11588,0,5,1,0,42.0,100,2,37.79,1,93.0
11589,0,1,1,2,51.0,109,2,,1,95.0
11590,0,2,1,1,,139,2,36.33,1,97.0
11591,0,1,1,1,35.0,137,1,,1,100.0
11592,3,2,4,3,28.0,110,1,,1,82.0
11593,1,2,5,1,,64,2,122.91,1,95.0
11594,1,6,1,3,45.0,64,3,7.49,1,83.0
11595,0,0,5,1,32.0,60,2,,1,93.0
11596,0,3,1,1,45.0,94,1,10.06,1,90.0
11597,1,6,1,0,30.0,34,2,6.02,1,87.0
11598,1,1,5,0,27.0,138,3,128.76,1,87.0
11599,1,1,5,2,38.0,37,6,112.0,1,92.0
11600,2,2,5,3,33.0,113,1,161.18,1,72.0
11601,1,2,1,2,21.0,38,4,41.67,1,88.0
11602,1,1,5,0,52.0,148,6,186.58,1,89.0
11603,1,2,5,3,,119,2,167.9,0,31.0
11604,1,3,4,0,,163,0,184.35,0,25.0
11605,1,3,1,3,42.0,109,1,67.99,1,96.0
11606,0,0,5,1,,19,3,123.54,1,92.0
11607,1,2,5,2,23.0,42,5,114.37,0,77.0
11608,2,0,4,4,30.0,148,3,124.63,1,92.0
11609,1,0,1,3,25.0,162,2,22.66,1,99.0
11610,0,0,5,4,51.0,63,0,76.18,0,22.0
11611,2,2,0,4,31.0,106,2,72.93,1,92.0
11612,0,0,3,2,42.0,31,0,107.23,0,18.0
11613,0,3,1,3,39.0,35,1,37.36,1,90.0
11614,1,0,1,4,36.0,104,3,0.0,1,90.0
11615,1,3,5,2,34.0,68,3,64.33,1,96.0
11616,0,3,1,0,46.0,108,3,7.39,1,100.0
11617,3,6,1,1,25.0,179,1,111.57,1,76.0
11618,0,0,1,0,,131,3,21.54,1,94.0
11619,0,2,1,2,21.0,6,3,0.0,1,75.0
11620,0,3,4,2,41.0,83,2,166.21,0,28.000000000000004
11621,0,1,5,1,19.0,151,0,96.28,1,91.0
11622,1,0,4,1,30.0,148,2,154.48,1,94.0
11623,0,2,1,0,34.0,146,3,89.07,1,96.0
11624,3,1,4,1,29.0,155,2,207.68,1,83.0
11625,1,0,1,0,32.0,159,0,3.52,0,39.0
11626,0,0,5,3,20.0,33,3,53.77,1,88.0
11627,1,2,1,2,24.0,15,1,0.0,1,71.0
11628,0,1,5,1,38.0,37,5,230.39,1,89.0
11629,1,2,5,3,34.0,114,2,59.53,1,98.0
11630,0,0,1,3,27.0,80,1,30.4,1,88.0
11631,0,0,0,0,,118,1,11.61,1,92.0
11632,1,3,3,0,21.0,131,1,34.53,1,76.0
11633,0,0,0,1,30.0,55,3,83.55,0,26.0
11634,0,0,1,0,28.0,167,1,49.53,1,100.0
11635,3,1,0,3,,119,1,,0,79.0
11636,1,1,5,3,34.0,49,3,11.66,1,93.0
11637,1,3,2,2,32.0,108,0,155.1,1,88.0
11638,1,3,1,3,15.0,116,0,50.27,1,93.0
11639,3,3,0,1,42.0,167,1,0.0,1,95.0
11640,3,2,4,2,31.0,105,3,197.36,0,34.0
11641,0,2,5,0,35.0,81,3,133.04,1,96.0
11642,2,3,0,2,26.0,113,1,49.42,1,93.0
11643,0,2,2,3,24.0,48,2,121.55,0,15.0
11644,0,0,1,1,48.0,47,0,4.55,1,81.0
11645,1,3,1,0,16.0,133,0,48.97,0,30.0
11646,0,7,4,0,23.0,125,0,205.97,0,17.0
11647,1,2,4,3,48.0,132,0,140.96,1,93.0
11648,2,1,1,1,40.0,78,1,26.49,1,89.0
11649,0,3,1,3,30.0,172,1,2.94,1,99.0
11650,0,6,1,3,46.0,143,1,16.61,0,27.0
11651,1,2,1,1,38.0,111,5,82.02,1,95.0
11652,1,1,0,3,36.0,144,0,28.72,1,96.0
11653,1,3,1,1,36.0,119,2,0.0,1,99.0
11654,1,1,2,1,,100,2,,1,98.0
11655,1,0,4,3,39.0,106,2,150.85,0,19.0
11656,3,1,5,3,55.0,78,1,143.98,1,66.0
11657,0,1,5,2,32.0,162,3,43.62,1,98.0
11658,1,2,1,0,32.0,7,4,52.35,0,27.0
11659,1,5,1,0,21.0,98,2,58.73,1,79.0
11660,0,0,1,4,,60,1,0.0,1,93.0
11661,0,6,5,2,52.0,99,2,46.52,1,81.0
11662,0,0,0,1,43.0,26,2,8.04,1,95.0
11663,3,1,2,2,28.0,118,1,182.98,1,71.0
11664,0,4,5,4,34.0,19,3,6.17,1,94.0
11665,3,0,1,4,,56,2,80.6,1,85.0
11666,2,1,1,2,24.0,22,3,0.0,1,91.0
11667,1,1,5,3,35.0,99,0,63.71,0,19.0
11668,3,2,4,3,29.0,129,2,72.8,0,23.0
11669,1,2,5,0,23.0,154,4,60.15,1,99.0
11670,2,3,0,2,38.0,159,4,95.08,1,94.0
11671,1,2,5,3,33.0,177,2,45.1,1,99.0
11672,2,1,0,3,18.0,39,1,88.22,0,47.0
11673,2,0,4,3,,103,3,94.19,1,86.0
11674,2,0,5,0,28.0,32,2,47.93,1,71.0
11675,0,2,5,1,18.0,28,5,85.12,1,93.0
11676,1,2,1,3,15.0,32,2,41.68,1,86.0
11677,1,1,5,3,,99,3,99.04,1,99.0
11678,0,0,1,1,33.0,144,-1,0.0,1,97.0
11679,1,3,1,3,31.0,73,3,90.43,0,35.0
11680,0,3,1,2,32.0,64,3,23.29,1,92.0
11681,1,2,4,3,,121,1,195.9,1,92.0
11682,3,3,5,1,38.0,42,3,55.45,1,97.0
11683,0,1,1,0,32.0,116,3,43.82,1,99.0
11684,2,7,4,0,,126,1,145.0,1,70.0
11685,1,6,1,2,27.0,99,2,71.35,1,80.0
11686,2,1,1,3,21.0,90,0,53.5,0,23.0
11687,3,0,1,3,29.0,42,2,42.21,1,83.0
11688,0,1,5,1,31.0,164,4,86.6,1,98.0
11689,0,2,5,1,29.0,45,1,17.53,1,79.0
11690,0,6,1,2,34.0,24,3,90.03,1,90.0
11691,1,3,5,4,33.0,97,1,176.53,0,25.0
11692,0,3,1,3,36.0,92,2,,1,84.0
11693,1,0,5,3,43.0,98,2,57.38,1,75.0
11694,1,0,0,2,39.0,104,3,19.54,1,97.0
11695,1,2,5,0,43.0,178,1,135.73,0,28.999999999999996
11696,1,2,5,4,25.0,73,2,70.31,1,97.0
11697,1,2,5,0,,116,0,145.99,1,90.0
11698,1,0,1,0,,37,2,46.83,1,84.0
11699,3,2,5,2,40.0,165,5,45.6,1,99.0
11700,0,0,1,1,27.0,0,4,70.18,1,91.0
11701,3,2,4,0,40.0,53,3,191.77,0,18.0
11702,0,1,0,2,24.0,95,5,3.09,1,97.0
11703,1,1,1,0,38.0,21,1,39.79,1,71.0
11704,0,2,3,3,33.0,18,3,35.57,1,92.0
11705,0,1,5,0,,33,2,86.33,0,28.000000000000004
11706,1,0,1,2,29.0,43,1,53.91,1,74.0
11707,0,3,4,3,55.0,116,1,135.42,1,88.0
11708,1,1,2,3,36.0,108,1,190.92,1,90.0
11709,0,3,5,0,57.0,66,0,78.24,1,90.0
11710,0,1,1,0,19.0,113,3,10.32,1,99.0
11711,1,0,5,3,41.0,179,2,160.55,1,88.0
11712,1,1,1,1,8.0,21,3,70.45,1,96.0
11713,0,1,1,2,33.0,28,1,0.0,1,83.0
11714,0,2,2,2,40.0,141,3,212.08,1,80.0
11715,1,3,4,2,42.0,61,3,163.19,1,84.0
11716,3,3,4,2,26.0,14,2,174.21,1,83.0
11717,1,0,1,2,44.0,141,5,12.98,1,100.0
11718,0,0,1,3,28.0,114,1,0.0,1,93.0
11719,3,3,1,2,32.0,149,0,88.84,0,67.0
11720,1,2,1,1,29.0,96,2,19.68,1,90.0
11721,1,2,0,1,22.0,86,2,13.16,1,89.0
11722,1,3,0,0,49.0,124,1,0.0,1,90.0
11723,1,1,5,0,34.0,119,2,110.87,1,79.0
11724,1,3,5,0,,6,0,45.38,0,22.0
11725,0,1,5,0,44.0,83,2,43.05,1,94.0
11726,1,3,4,3,24.0,6,0,199.39,0,13.0
11727,0,1,1,4,46.0,16,2,,1,49.0
11728,3,2,0,3,39.0,31,1,0.0,0,35.0
11729,2,3,5,1,23.0,124,2,112.64,1,93.0
11730,0,0,3,3,38.0,78,1,,1,84.0
11731,1,1,5,1,23.0,61,2,29.9,1,67.0
11732,0,2,1,0,,57,1,,0,73.0
11733,0,4,0,1,,110,1,58.84,1,90.0
11734,0,2,5,0,33.0,130,2,51.98,1,87.0
11735,1,5,4,1,46.0,88,2,189.04,1,86.0
11736,2,3,4,3,18.0,79,1,169.83,1,82.0
11737,0,6,5,4,26.0,117,3,73.43,1,97.0
11738,1,3,5,4,31.0,0,0,109.19,0,36.0
11739,1,3,4,3,56.0,109,3,134.9,1,97.0
11740,0,2,5,2,23.0,66,1,115.86,1,78.0
11741,2,2,5,3,16.0,147,3,62.35,1,95.0
11742,0,2,4,2,,61,2,179.25,0,66.0
11743,0,3,3,4,43.0,55,1,,1,84.0
11744,1,0,4,1,28.0,55,0,150.23,0,7.000000000000001
11745,0,1,1,3,32.0,77,2,0.0,1,97.0
11746,0,0,5,1,41.0,172,0,38.59,1,99.0
11747,1,3,4,0,32.0,78,4,208.91,1,81.0
11748,1,2,0,0,36.0,95,2,68.33,1,89.0
11749,0,2,5,1,39.0,145,2,142.19,1,88.0
11750,1,1,1,3,29.0,47,6,48.64,1,98.0
11751,0,5,4,3,32.0,37,3,245.18,0,21.0
11752,1,0,5,3,36.0,21,2,52.75,0,23.0
11753,1,4,1,1,42.0,72,5,43.43,1,97.0
11754,1,1,1,4,26.0,128,2,0.0,1,97.0
11755,3,3,5,3,3.0,169,1,-10.0,1,94.0
11756,2,0,5,2,40.0,124,1,44.14,1,97.0
11757,3,2,1,3,43.0,123,1,22.42,1,97.0
11758,0,2,4,4,36.0,74,0,102.88,1,85.0
11759,1,3,5,3,36.0,156,5,,1,94.0
11760,0,1,5,1,28.0,133,2,159.02,1,89.0
11761,0,0,1,1,39.0,55,2,57.23,1,68.0
11762,2,2,4,4,,119,1,114.64,1,95.0
11763,1,1,0,1,34.0,11,2,30.05,0,16.0
11764,0,0,5,1,58.0,38,2,132.29,1,80.0
11765,1,3,2,4,,107,2,76.33,1,95.0
11766,1,6,0,4,,139,1,74.2,1,83.0
11767,0,3,5,2,22.0,32,1,78.97,0,61.0
11768,0,3,1,4,42.0,119,1,136.92,1,94.0
11769,1,3,3,2,18.0,82,5,51.48,1,81.0
11770,1,0,5,0,20.0,18,2,116.82,0,21.0
11771,0,3,4,3,27.0,84,5,80.3,1,98.0
11772,0,0,4,1,36.0,127,3,154.02,1,94.0
11773,2,4,5,1,28.0,42,1,76.07,0,19.0
11774,3,3,5,3,28.0,72,1,53.09,0,28.000000000000004
11775,0,3,5,1,32.0,172,3,82.86,1,100.0
11776,1,5,1,0,31.0,85,3,54.51,1,85.0
11777,0,2,5,2,48.0,18,1,151.12,1,79.0
11778,0,1,4,3,40.0,164,1,172.45,0,28.000000000000004
11779,1,2,0,1,30.0,10,4,28.27,1,92.0
11780,2,2,1,0,54.0,127,0,39.51,1,90.0
11781,1,1,1,1,38.0,152,5,50.28,1,99.0
11782,3,1,1,0,24.0,98,0,30.76,1,92.0
11783,0,2,1,1,36.0,44,1,85.72,1,82.0
11784,0,2,1,2,39.0,61,0,16.33,0,80.0
11785,0,2,1,3,27.0,94,1,0.0,0,33.0
11786,2,0,5,2,23.0,141,1,72.62,1,78.0
11787,0,2,1,4,34.0,33,1,36.08,0,19.0
11788,0,3,5,1,,97,2,97.5,1,93.0
11789,1,3,4,2,48.0,59,0,197.82,0,13.0
11790,0,3,4,3,41.0,63,4,215.2,0,28.000000000000004
11791,1,1,3,0,,178,2,38.86,1,94.0
11792,0,1,1,0,38.0,41,3,27.93,0,81.0
11793,0,1,4,1,46.0,148,2,232.03,1,93.0
11794,0,2,5,3,20.0,103,5,32.84,1,95.0
11795,1,3,1,3,23.0,132,5,0.14,1,98.0
11796,1,2,1,0,33.0,65,5,43.84,1,96.0
11797,0,0,1,0,34.0,113,0,0.0,1,87.0
11798,1,0,0,2,33.0,135,4,0.0,1,96.0
11799,1,1,1,1,30.0,65,2,56.28,1,91.0
11800,1,0,4,0,30.0,86,4,186.46,1,88.0
11801,3,3,5,0,,61,1,109.33,0,35.0
11802,0,0,5,3,45.0,147,0,96.99,1,81.0
11803,1,1,4,3,29.0,131,1,123.5,1,97.0
11804,1,2,5,3,58.0,142,3,81.85,1,92.0
11805,1,0,4,0,53.0,19,0,201.97,0,12.0
11806,0,3,4,1,47.0,23,4,96.43,1,62.0
11807,0,3,1,2,40.0,8,0,,1,83.0
11808,1,3,2,1,54.0,115,0,102.26,1,67.0
11809,1,2,5,4,,148,1,117.67,1,96.0
11810,1,3,1,2,25.0,40,1,3.65,1,87.0
11811,0,1,5,1,28.0,12,1,65.75,1,90.0
11812,0,1,5,0,23.0,132,2,35.76,1,96.0
11813,1,3,4,1,35.0,45,0,289.59,0,19.0
11814,1,0,1,0,36.0,77,0,45.16,1,88.0
11815,1,3,5,3,36.0,70,5,138.87,1,92.0
11816,3,1,0,1,,58,3,0.0,1,92.0
11817,1,1,1,3,35.0,50,4,65.83,1,96.0
11818,0,1,1,3,51.0,15,3,72.27,0,79.0
11819,0,4,5,2,40.0,50,1,88.23,1,96.0
11820,1,0,4,2,43.0,127,-1,143.73,1,89.0
11821,1,0,1,1,35.0,169,1,0.0,1,99.0
11822,1,1,5,0,17.0,10,1,110.75,1,74.0
11823,0,2,1,2,15.0,67,2,0.0,1,91.0
11824,0,3,1,2,54.0,120,1,39.57,1,95.0
11825,0,3,3,3,,179,2,129.63,1,92.0
11826,0,1,1,3,27.0,137,2,91.14,1,72.0
11827,1,0,5,0,36.0,71,4,104.97,1,95.0
11828,3,2,1,2,39.0,163,1,16.21,1,95.0
11829,0,2,0,2,40.0,44,2,54.68,1,84.0
11830,1,0,5,0,51.0,5,0,116.65,0,13.0
11831,3,3,3,2,49.0,5,0,24.01,1,80.0
11832,0,3,1,1,25.0,90,2,20.97,1,98.0
11833,0,2,5,1,43.0,72,2,58.33,1,96.0
11834,0,2,4,0,30.0,63,1,186.36,0,79.0
11835,2,4,5,3,32.0,37,2,,1,93.0
11836,0,3,1,0,23.0,77,0,19.83,0,71.0
11837,1,2,5,4,17.0,62,2,104.24,1,94.0
11838,1,7,5,2,33.0,110,0,35.0,1,93.0
11839,3,2,1,2,24.0,70,0,29.26,1,93.0
11840,1,4,4,3,43.0,19,1,175.01,0,10.0
11841,1,3,4,4,31.0,76,1,66.42,0,25.0
11842,0,2,4,1,37.0,63,1,159.66,1,81.0
11843,0,2,4,3,47.0,36,1,129.91,1,87.0
11844,0,2,5,0,19.0,107,3,47.4,1,96.0
11845,3,2,5,1,26.0,163,6,124.9,1,98.0
11846,1,0,5,2,35.0,9,2,172.3,1,74.0
11847,1,3,4,2,37.0,161,1,188.09,1,97.0
11848,1,3,5,2,45.0,44,0,112.51,0,18.0
11849,2,1,1,3,42.0,62,0,0.0,1,92.0
11850,0,3,1,1,34.0,12,2,9.8,1,92.0
11851,1,1,4,4,37.0,24,1,169.03,1,81.0
11852,2,2,1,0,37.0,126,4,0.0,1,99.0
11853,2,0,5,1,19.0,43,3,184.35,1,84.0
11854,2,0,4,3,32.0,73,4,156.04,1,90.0
11855,3,2,5,2,36.0,115,4,145.31,0,24.0
11856,1,1,4,2,38.0,151,2,179.94,0,38.0
11857,0,2,5,0,24.0,68,1,103.82,1,85.0
11858,0,0,1,0,21.0,46,1,45.64,0,14.000000000000002
11859,2,0,4,0,31.0,90,3,236.72,1,88.0
11860,0,3,1,2,53.0,49,3,24.33,0,25.0
11861,0,1,1,3,25.0,115,0,0.0,1,92.0
11862,0,3,1,2,45.0,163,0,25.01,0,38.0
11863,1,0,1,2,49.0,32,0,0.0,1,44.0
11864,0,4,1,4,34.0,91,1,0.0,1,86.0
11865,3,3,1,3,27.0,103,2,9.89,1,91.0
11866,3,3,5,2,39.0,130,3,59.03,1,97.0
11867,1,0,4,0,,158,0,50.9,1,92.0
11868,1,3,1,0,,59,3,,1,92.0
11869,1,3,0,0,27.0,28,0,56.1,1,84.0
11870,0,1,5,0,38.0,171,3,74.04,1,98.0
11871,2,0,5,2,43.0,172,2,154.92,1,97.0
11872,1,2,4,4,30.0,115,-1,184.61,1,94.0
11873,0,1,1,2,,41,1,60.54,1,77.0
11874,2,2,4,0,40.0,148,1,100.59,1,95.0
11875,0,3,5,3,32.0,31,2,83.91,1,89.0
11876,0,3,5,1,31.0,155,1,117.61,0,39.0
11877,0,2,1,1,26.0,174,1,3.87,1,100.0
11878,0,3,1,4,26.0,98,2,115.44,1,61.0
11879,1,3,1,3,60.0,119,3,71.65,1,90.0
11880,0,1,1,2,32.0,46,2,55.97,1,80.0
11881,0,2,5,1,47.0,16,3,78.91,1,70.0
11882,2,1,4,1,50.0,28,0,61.35,1,75.0
11883,0,2,5,2,32.0,47,1,119.75,0,26.0
11884,0,1,5,1,37.0,129,4,60.2,1,99.0
11885,1,0,5,2,,32,1,55.54,0,26.0
11886,0,0,1,1,17.0,127,2,16.1,1,98.0
11887,1,2,4,2,18.0,67,4,105.2,1,73.0
11888,1,0,5,0,34.0,38,2,44.45,0,23.0
11889,0,1,1,3,29.0,132,1,59.73,1,100.0
11890,3,2,1,1,52.0,118,-1,51.42,1,88.0
11891,1,0,5,4,,67,3,95.11,1,91.0
11892,0,0,5,0,,51,1,18.97,0,89.0
11893,2,2,0,2,29.0,179,2,81.49,1,93.0
11894,1,4,4,1,53.0,156,3,181.94,1,92.0
11895,0,0,5,1,39.0,164,3,18.5,1,99.0
11896,0,2,5,1,39.0,135,0,117.42,1,95.0
11897,0,0,1,1,28.0,147,0,9.11,0,42.0
11898,1,0,1,1,39.0,168,1,51.99,1,95.0
11899,1,0,2,0,50.0,69,2,92.98,1,86.0
11900,0,0,4,2,32.0,35,2,138.79,1,81.0
11901,0,3,1,2,30.0,31,2,0.0,1,94.0
11902,1,2,1,1,31.0,4,2,26.01,0,63.0
11903,0,3,1,2,50.0,103,0,52.51,1,94.0
11904,1,3,1,0,42.0,147,4,0.14,1,100.0
11905,0,1,3,1,48.0,67,3,92.3,1,90.0
11906,1,3,4,3,37.0,149,2,108.3,1,96.0
11907,3,3,1,0,34.0,158,1,26.92,0,38.0
11908,1,1,1,1,,168,2,86.15,1,97.0
11909,1,0,4,2,44.0,4,4,152.91,1,94.0
11910,1,0,1,0,31.0,9,3,68.54,1,83.0
11911,1,7,2,1,,113,2,186.91,0,20.0
11912,2,1,5,2,37.0,164,2,122.68,1,98.0
11913,3,0,4,2,9.0,55,1,98.47,1,72.0
11914,1,1,1,1,,85,3,63.52,1,99.0
11915,0,2,1,0,21.0,151,2,,1,97.0
11916,0,2,1,1,42.0,99,1,97.56,1,68.0
11917,2,2,1,1,43.0,143,3,0.0,1,100.0
11918,0,2,1,1,37.0,1,2,32.95,1,96.0
11919,1,7,4,1,39.0,142,1,107.21,1,95.0
11920,0,2,4,1,44.0,168,2,139.81,1,100.0
11921,0,2,5,2,29.0,62,3,37.1,1,90.0
11922,1,1,1,1,41.0,176,3,72.21,1,94.0
11923,0,0,5,0,45.0,153,2,125.91,1,99.0
11924,1,1,5,3,51.0,93,3,109.08,1,77.0
11925,0,3,1,1,22.0,65,2,39.0,1,94.0
11926,1,2,4,0,38.0,117,1,171.55,1,81.0
11927,0,0,1,3,24.0,28,0,24.14,1,80.0
11928,0,0,1,0,23.0,39,0,55.72,0,11.0
11929,0,2,1,2,37.0,10,1,74.38,0,23.0
11930,1,2,3,2,34.0,179,7,116.0,1,97.0
11931,0,3,5,3,45.0,125,0,135.2,1,84.0
11932,0,3,1,3,30.0,86,3,137.94,0,30.0
11933,0,2,1,3,32.0,89,0,57.91,0,31.0
11934,0,2,1,2,36.0,78,1,0.0,0,37.0
11935,0,2,1,4,25.0,102,0,0.0,1,95.0
11936,2,2,1,0,26.0,80,1,0.0,1,92.0
11937,1,0,1,2,45.0,98,2,21.86,1,98.0
11938,2,3,1,3,28.0,99,1,-10.0,0,78.0
11939,0,6,4,1,45.0,130,0,160.77,1,92.0
11940,1,2,3,4,,10,1,85.73,1,81.0
11941,1,0,5,3,18.0,27,5,98.29,1,82.0
11942,1,1,1,2,39.0,47,6,36.95,1,95.0
11943,0,2,1,3,39.0,27,1,87.06,0,23.0
11944,0,0,1,2,38.0,45,1,83.67,0,6.0
11945,0,4,1,4,32.0,54,0,21.61,0,15.0
11946,0,1,1,4,24.0,82,0,41.15,1,84.0
11947,0,3,4,2,47.0,118,0,230.25,1,85.0
11948,1,3,4,0,32.0,1,2,137.79,0,24.0
11949,1,3,1,1,25.0,143,1,0.0,1,100.0
11950,0,2,1,0,38.0,10,1,0.0,0,28.000000000000004
11951,1,3,4,0,26.0,2,2,105.24,1,57.99999999999999
11952,1,2,1,3,24.0,41,0,6.38,0,25.0
11953,0,6,5,0,30.0,156,2,19.5,1,97.0
11954,0,0,4,1,27.0,91,0,128.1,1,55.00000000000001
11955,3,3,4,2,24.0,158,1,219.56,0,61.0
11956,3,3,0,0,42.0,76,0,0.0,1,84.0
11957,0,3,1,2,32.0,152,2,27.07,1,98.0
11958,0,2,1,3,46.0,119,1,,1,86.0
11959,0,6,2,1,25.0,133,0,163.97,1,83.0
11960,0,3,4,1,16.0,115,0,156.6,0,24.0
11961,1,2,5,2,35.0,66,3,,1,96.0
11962,0,6,5,1,52.0,149,2,92.75,1,91.0
11963,2,1,3,3,39.0,40,1,28.77,0,20.0
11964,1,1,5,2,66.0,38,0,87.43,0,32.0
11965,0,3,4,1,37.0,54,1,77.76,1,64.0
11966,0,3,5,3,36.0,157,0,7.78,1,93.0
11967,1,1,3,3,12.0,70,2,130.76,1,83.0
11968,1,2,0,0,38.0,129,0,48.68,1,90.0
11969,1,2,5,1,35.0,7,0,56.58,1,75.0
11970,1,0,1,2,29.0,113,2,23.59,1,98.0
11971,1,3,1,0,32.0,62,1,66.87,1,87.0
11972,2,3,2,2,33.0,96,2,161.34,0,22.0
11973,1,3,5,0,,155,4,53.01,1,94.0
11974,0,0,4,3,54.0,73,2,124.96,0,28.000000000000004
11975,1,0,1,0,30.0,165,2,0.0,1,98.0
11976,3,2,5,0,35.0,17,1,56.59,0,21.0
11977,1,5,1,0,29.0,96,3,0.0,1,86.0
11978,0,1,2,1,41.0,22,1,187.59,1,79.0
11979,2,1,0,0,35.0,123,0,44.13,0,33.0
11980,2,2,5,3,31.0,167,3,39.0,1,99.0
11981,1,5,5,2,14.0,59,3,48.69,1,91.0
11982,2,0,1,4,36.0,84,2,16.11,1,73.0
11983,0,0,4,3,30.0,4,0,137.0,0,11.0
11984,0,3,4,4,,98,2,205.51,1,86.0
11985,1,1,1,2,22.0,145,3,114.69,1,93.0
11986,1,0,1,2,48.0,165,2,0.0,1,98.0
11987,0,3,1,2,42.0,110,1,70.65,1,99.0
11988,0,1,0,1,48.0,156,1,19.12,1,97.0
11989,0,1,4,1,45.0,153,3,158.32,1,99.0
11990,0,0,4,2,39.0,59,0,167.08,0,10.0
11991,0,3,1,2,22.0,163,0,7.44,1,97.0
11992,1,3,1,3,52.0,113,2,0.0,1,99.0
11993,0,0,5,2,24.0,81,2,61.67,0,25.0
11994,1,0,1,0,31.0,156,0,39.72,1,93.0
11995,0,0,1,1,,158,4,42.76,1,99.0
11996,0,5,1,3,41.0,105,4,110.57,1,96.0
11997,3,4,5,1,39.0,140,2,80.75,1,96.0
11998,1,0,5,2,29.0,117,3,63.33,1,93.0
11999,1,2,3,0,27.0,122,2,65.74,1,97.0
12000,1,0,1,4,59.0,167,0,15.97,1,92.0
12001,1,0,4,1,33.0,120,4,154.64,1,94.0
12002,1,1,5,4,32.0,1,3,96.31,0,23.0
12003,3,3,4,1,,117,1,257.66,0,22.0
12004,1,1,1,3,36.0,135,0,24.82,1,93.0
12005,1,2,2,0,35.0,73,2,104.54,1,90.0
12006,0,0,4,2,33.0,126,1,220.3,0,15.0
12007,0,0,1,2,37.0,117,0,48.6,1,94.0
12008,0,0,1,0,51.0,107,4,0.0,1,92.0
12009,1,0,4,1,28.0,42,4,167.72,1,87.0
12010,0,0,3,0,34.0,176,0,90.76,1,85.0
12011,1,0,2,2,27.0,111,6,190.86,1,96.0
12012,1,2,5,3,36.0,149,1,183.06,1,88.0
12013,3,0,5,2,28.0,162,3,84.77,1,95.0
12014,1,0,1,1,28.0,18,2,,1,92.0
12015,0,0,1,3,19.0,131,2,33.78,1,96.0
12016,0,2,4,1,34.0,18,1,145.07,0,25.0
12017,1,0,1,4,38.0,19,2,0.0,0,24.0
12018,2,2,1,4,52.0,3,1,58.33,1,86.0
12019,1,1,5,3,38.0,48,3,0.0,1,81.0
12020,0,0,5,1,,153,1,30.84,1,94.0
12021,3,3,1,3,20.0,2,3,0.0,1,79.0
12022,0,2,1,3,21.0,51,2,28.66,0,32.0
12023,3,1,1,1,21.0,127,6,6.24,1,98.0
12024,1,2,1,3,52.0,35,2,65.08,1,83.0
12025,0,2,5,0,,168,2,131.31,1,93.0
12026,1,1,1,3,28.0,178,2,0.0,1,88.0
12027,0,0,4,2,24.0,102,1,107.82,1,87.0
12028,3,0,4,1,25.0,15,0,101.02,1,79.0
12029,1,2,5,2,27.0,46,6,135.18,1,92.0
12030,0,1,1,0,47.0,79,2,34.37,1,74.0
12031,1,0,5,0,33.0,45,-1,50.31,1,51.0
12032,0,6,1,3,19.0,99,3,56.57,1,98.0
12033,0,3,1,2,57.0,97,2,3.04,1,99.0
12034,3,1,4,3,22.0,123,-1,175.34,1,88.0
12035,0,3,1,4,28.0,166,3,12.95,1,98.0
12036,1,3,4,2,47.0,133,0,110.54,1,92.0
12037,1,2,1,0,38.0,83,1,64.65,1,84.0
12038,1,1,1,4,29.0,60,0,15.46,0,28.000000000000004
12039,1,0,4,0,21.0,8,0,197.75,1,63.0
12040,1,0,5,1,24.0,138,3,157.08,0,70.0
12041,2,2,3,1,24.0,64,4,115.12,1,96.0
12042,0,0,5,3,,90,4,125.63,1,96.0
12043,0,0,1,1,35.0,121,0,60.11,1,92.0
12044,1,3,5,1,32.0,58,1,65.16,0,30.0
12045,2,3,1,2,33.0,111,2,60.2,1,95.0
12046,0,1,5,3,23.0,112,2,83.52,1,85.0
12047,1,3,3,3,36.0,117,3,14.91,1,95.0
12048,0,0,2,2,46.0,6,2,180.21,0,27.0
12049,0,1,3,0,32.0,111,0,113.5,1,88.0
12050,1,1,1,2,32.0,121,2,,1,100.0
12051,0,2,5,0,34.0,60,1,19.42,1,93.0
12052,0,3,1,3,45.0,56,2,,0,28.000000000000004
12053,1,1,1,3,,85,4,42.46,1,100.0
12054,3,0,1,1,48.0,161,1,72.32,0,32.0
12055,2,1,5,1,38.0,83,1,70.58,1,93.0
12056,0,5,1,2,34.0,44,0,23.83,1,67.0
12057,0,6,1,1,46.0,44,2,0.0,0,27.0
12058,0,0,4,3,22.0,14,1,228.08,0,10.0
12059,0,4,5,3,39.0,136,2,199.41,0,26.0
12060,0,3,1,4,38.0,173,2,24.4,1,98.0
12061,1,0,1,1,24.0,173,1,,1,100.0
12062,0,5,5,0,38.0,35,2,147.02,0,11.0
12063,2,0,4,3,36.0,45,1,82.46,0,16.0
12064,0,0,1,1,32.0,41,3,137.57,0,24.0
12065,1,1,4,0,42.0,157,1,237.21,1,82.0
12066,0,6,5,3,28.0,138,4,39.59,1,100.0
12067,1,3,5,0,36.0,117,0,44.5,1,89.0
12068,1,3,2,1,32.0,32,3,101.06,1,49.0
12069,1,2,5,0,27.0,125,3,29.02,1,97.0
12070,1,1,4,0,39.0,109,2,185.31,1,71.0
12071,0,3,1,3,31.0,167,2,0.0,1,99.0
12072,0,2,5,1,19.0,69,4,99.43,0,32.0
12073,1,6,5,2,15.0,170,1,137.72,1,92.0
12074,2,2,1,2,41.0,109,2,,1,96.0
12075,2,3,5,0,21.0,166,4,125.31,1,99.0
12076,2,3,1,3,36.0,124,0,59.33,1,73.0
12077,1,3,1,1,34.0,38,0,74.8,1,90.0
12078,0,3,1,3,,82,1,32.07,1,93.0
12079,3,4,5,1,53.0,158,1,61.38,1,94.0
12080,0,2,4,3,35.0,105,3,106.06,0,33.0
12081,1,4,1,2,,62,1,,0,22.0
12082,1,2,5,2,36.0,24,4,125.07,1,91.0
12083,0,3,1,2,31.0,40,3,0.0,1,99.0
12084,3,3,4,3,33.0,177,1,142.23,1,97.0
12085,0,0,5,3,48.0,58,5,83.08,1,93.0
12086,0,1,5,0,,176,3,76.82,1,97.0
12087,1,3,5,2,53.0,29,2,44.73,1,86.0
12088,0,1,1,0,36.0,44,1,94.23,1,80.0
12089,2,6,5,4,25.0,52,0,65.12,1,60.0
12090,1,0,4,1,29.0,153,2,179.28,1,90.0
12091,0,1,1,2,22.0,39,2,8.74,1,93.0
12092,3,1,5,2,41.0,139,3,,1,99.0
12093,1,3,4,2,28.0,0,1,147.19,0,13.0
12094,0,1,1,2,3.0,69,1,0.0,0,19.0
12095,1,1,4,4,58.0,128,3,97.37,1,98.0
12096,0,2,4,3,28.0,135,1,151.25,1,98.0
12097,0,0,5,2,28.0,111,2,98.42,1,92.0
12098,0,3,1,4,,32,2,51.88,1,86.0
12099,0,3,1,0,21.0,114,0,27.7,0,82.0
12100,1,1,1,1,45.0,177,0,12.34,1,98.0
12101,3,6,4,2,28.0,103,0,174.43,0,30.0
12102,0,1,4,0,20.0,133,2,122.38,0,30.0
12103,1,1,5,3,51.0,179,1,140.56,1,89.0
12104,0,3,1,0,43.0,130,1,28.79,1,95.0
12105,0,1,1,2,43.0,78,0,68.36,1,91.0
12106,1,1,5,0,37.0,5,0,107.17,0,15.0
12107,2,2,5,0,39.0,36,0,79.11,0,19.0
12108,3,3,4,3,21.0,178,1,166.94,1,84.0
12109,1,0,5,0,35.0,26,3,38.77,1,79.0
12110,3,2,4,4,24.0,105,7,171.34,1,99.0
12111,1,6,5,3,20.0,173,1,53.67,1,81.0
12112,1,2,5,0,38.0,68,3,55.5,1,96.0
12113,1,3,1,2,,122,1,77.07,1,96.0
12114,2,1,4,4,30.0,144,1,135.98,1,99.0
12115,0,0,5,0,31.0,16,1,130.0,0,49.0
12116,1,3,1,0,22.0,104,1,0.0,1,87.0
12117,0,1,0,0,34.0,117,2,68.78,1,92.0
12118,0,2,1,1,41.0,22,3,0.0,1,98.0
12119,1,3,5,1,41.0,38,3,85.66,1,87.0
12120,2,1,1,3,39.0,160,1,40.04,1,96.0
12121,2,0,1,1,27.0,9,5,47.87,1,83.0
12122,0,0,5,1,27.0,82,3,86.24,1,89.0
12123,3,5,1,0,41.0,167,1,0.0,1,94.0
12124,0,7,4,3,42.0,72,2,93.98,1,81.0
12125,3,2,1,2,32.0,142,3,27.33,1,93.0
12126,0,1,5,3,,42,3,162.22,1,87.0
12127,0,2,1,1,45.0,87,1,11.11,1,95.0
12128,1,0,0,1,30.0,11,3,87.3,0,51.0
12129,2,1,1,0,41.0,21,0,72.32,1,55.00000000000001
12130,0,0,4,2,32.0,17,4,189.6,1,91.0
12131,1,2,5,2,,61,2,38.55,1,97.0
12132,1,2,1,2,50.0,78,3,52.28,1,93.0
12133,0,1,3,4,,166,2,105.97,1,96.0
12134,0,5,1,1,26.0,149,3,30.73,1,89.0
12135,0,1,4,3,20.0,141,3,172.48,1,89.0
12136,2,0,4,1,21.0,104,0,135.94,0,22.0
12137,1,6,5,2,30.0,6,0,111.08,0,10.0
12138,0,2,5,2,53.0,162,2,127.93,1,97.0
12139,1,0,4,2,28.0,33,2,,0,63.0
12140,2,5,5,0,48.0,62,1,88.03,1,87.0
12141,2,3,5,3,32.0,129,1,25.38,1,94.0
12142,0,1,4,3,22.0,108,0,131.27,0,27.0
12143,0,3,5,1,29.0,172,4,98.64,1,97.0
12144,1,3,5,0,21.0,62,3,97.45,1,88.0
12145,0,0,4,3,25.0,129,1,139.38,1,94.0
12146,2,2,5,0,,50,0,163.36,0,60.0
12147,0,6,5,0,14.0,40,1,94.73,1,86.0
12148,1,2,1,1,49.0,132,2,5.94,1,98.0
12149,0,2,1,0,36.0,84,0,44.01,0,26.0
12150,2,0,1,4,27.0,70,5,0.0,1,93.0
12151,1,3,5,1,36.0,152,3,101.23,1,92.0
12152,1,2,1,3,25.0,0,1,18.05,1,80.0
12153,0,3,4,0,,8,5,213.3,0,42.0
12154,2,0,5,0,63.0,107,1,41.93,1,94.0
12155,1,1,5,2,35.0,100,3,119.67,0,34.0
12156,1,0,1,1,28.0,121,1,29.46,0,39.0
12157,1,2,4,1,14.0,107,3,193.0,1,94.0
12158,1,1,5,2,19.0,3,4,126.41,0,63.0
12159,0,0,5,3,,148,1,102.63,1,85.0
12160,0,0,1,3,49.0,60,2,69.59,1,90.0
12161,0,7,5,0,41.0,25,2,98.27,0,12.0
12162,0,0,5,1,,116,0,58.93,1,90.0
12163,1,1,5,0,49.0,171,1,155.07,0,28.000000000000004
12164,2,4,4,2,38.0,164,0,78.44,1,87.0
12165,0,2,4,0,40.0,77,1,112.4,0,18.0
12166,3,3,4,3,38.0,137,0,146.73,1,83.0
12167,0,1,5,3,18.0,81,2,55.77,0,26.0
12168,1,1,4,2,22.0,80,3,158.98,1,73.0
12169,0,0,4,3,28.0,74,0,161.98,1,28.999999999999996
12170,1,2,0,2,40.0,46,1,3.44,1,82.0
12171,0,3,0,1,20.0,87,0,,1,91.0
12172,1,1,1,2,32.0,82,1,0.0,1,95.0
12173,1,3,1,2,32.0,150,1,51.09,0,28.000000000000004
12174,2,0,1,2,,119,0,8.65,1,97.0
12175,1,2,1,3,40.0,122,2,22.77,1,98.0
12176,2,0,5,1,23.0,53,1,,0,16.0
12177,1,3,1,0,48.0,146,3,120.6,1,97.0
12178,0,0,1,1,22.0,24,1,4.16,1,86.0
12179,0,3,5,3,44.0,66,4,152.74,1,96.0
12180,0,5,4,4,28.0,140,1,117.79,1,96.0
12181,1,1,2,4,35.0,20,1,141.58,0,20.0
12182,1,0,5,2,36.0,21,2,98.02,1,80.0
12183,1,1,1,2,35.0,174,0,38.63,0,35.0
12184,1,7,1,3,,28,2,9.25,1,88.0
12185,0,1,1,2,37.0,48,2,27.31,0,62.0
12186,3,2,1,3,41.0,106,2,76.95,1,98.0
12187,2,2,1,0,38.0,24,1,0.0,1,84.0
12188,0,0,4,1,21.0,150,5,197.45,1,94.0
12189,0,0,0,4,36.0,75,2,43.1,0,25.0
12190,0,0,1,0,28.0,48,2,48.07,1,64.0
12191,1,0,1,1,22.0,150,1,0.0,1,98.0
12192,3,3,5,2,31.0,4,2,115.44,1,79.0
12193,0,3,1,0,35.0,156,4,,1,99.0
12194,0,2,1,1,36.0,4,2,10.89,1,92.0
12195,1,3,1,0,44.0,38,0,5.82,0,23.0
12196,0,1,1,0,47.0,162,5,26.32,1,97.0
12197,0,2,1,1,,80,0,21.94,1,88.0
12198,2,0,5,2,39.0,29,2,73.75,1,88.0
12199,0,0,1,3,34.0,1,0,26.88,0,19.0
12200,1,3,5,1,41.0,14,4,121.49,0,72.0
12201,3,2,5,3,38.0,50,4,193.25,1,88.0
12202,1,3,5,1,33.0,22,2,11.77,1,88.0
12203,0,3,0,1,55.0,25,3,0.0,1,96.0
12204,1,3,1,3,28.0,10,0,-10.0,0,22.0
12205,0,2,1,3,48.0,127,0,10.69,1,91.0
12206,3,0,5,2,20.0,23,1,77.12,0,23.0
12207,1,1,5,1,,136,1,77.43,0,35.0
12208,2,0,1,1,48.0,70,3,40.7,1,93.0
12209,1,2,3,1,14.0,137,2,145.88,1,97.0
12210,3,0,4,2,35.0,96,3,218.94,1,87.0
12211,0,0,5,3,41.0,109,2,48.73,1,83.0
12212,2,5,1,1,36.0,71,2,0.0,1,87.0
12213,1,0,5,3,37.0,70,3,36.17,1,96.0
12214,3,0,1,2,35.0,89,0,0.0,1,85.0
12215,0,0,3,0,23.0,126,3,14.99,1,97.0
12216,1,7,1,3,57.0,122,2,87.2,1,87.0
12217,2,2,1,2,,142,1,64.17,1,93.0
12218,1,2,2,0,38.0,32,2,138.72,0,18.0
12219,2,1,5,1,,138,2,79.46,1,92.0
12220,1,3,1,1,11.0,146,1,0.0,1,100.0
12221,0,3,1,3,24.0,169,2,,1,100.0
12222,0,0,5,0,19.0,57,0,116.66,0,49.0
12223,1,2,4,2,44.0,145,2,174.84,1,94.0
12224,1,1,3,1,27.0,145,0,49.27,1,96.0
12225,1,3,4,1,28.0,21,0,226.41,1,70.0
12226,0,0,1,0,23.0,88,1,85.41,1,90.0
12227,1,5,5,2,34.0,117,2,40.68,1,90.0
12228,0,3,5,1,,179,1,29.72,1,83.0
12229,1,1,5,1,43.0,43,1,100.41,1,89.0
12230,1,3,1,3,37.0,158,1,120.28,1,90.0
12231,0,1,5,2,28.0,8,1,49.1,1,90.0
12232,1,3,5,1,42.0,49,0,115.01,1,79.0
12233,3,3,5,0,34.0,118,4,66.27,1,96.0
12234,2,1,5,1,34.0,60,3,112.37,1,71.0
12235,0,3,5,2,19.0,18,2,1.47,0,39.0
12236,0,3,5,3,,51,4,52.0,1,94.0
12237,2,3,1,1,37.0,54,2,41.18,1,79.0
12238,1,5,1,0,,24,1,42.37,1,86.0
12239,1,1,5,1,26.0,68,2,4.65,1,89.0
12240,1,3,4,0,56.0,74,1,,1,61.0
12241,0,3,1,2,39.0,140,3,3.88,1,97.0
12242,1,5,5,3,18.0,161,2,111.06,1,98.0
12243,0,0,1,2,25.0,71,2,23.38,1,95.0
12244,3,3,1,1,48.0,24,2,46.03,0,22.0
12245,2,0,5,4,46.0,90,0,139.84,1,81.0
12246,0,1,5,3,34.0,74,1,78.49,1,81.0
12247,1,3,1,0,35.0,63,1,55.87,1,89.0
12248,2,0,5,2,22.0,81,3,,0,21.0
12249,0,1,4,0,47.0,137,0,-10.0,0,32.0
12250,1,0,4,1,24.0,96,1,141.5,0,68.0
12251,1,2,1,0,42.0,99,4,59.1,1,100.0
12252,3,1,5,2,47.0,16,1,102.29,0,20.0
12253,0,2,1,0,34.0,4,2,75.89,1,54.0
12254,2,1,1,1,43.0,66,3,47.32,0,26.0
12255,2,1,3,2,52.0,100,5,73.93,1,88.0
12256,0,3,5,0,36.0,137,0,93.05,1,95.0
12257,0,2,1,0,32.0,154,2,8.35,1,97.0
12258,0,2,2,2,33.0,134,1,78.06,0,33.0
12259,1,2,4,1,26.0,112,1,194.45,1,89.0
12260,0,1,5,2,,28,0,39.69,1,89.0
12261,0,6,5,1,38.0,48,1,98.92,1,68.0
12262,0,2,1,0,32.0,166,1,31.78,0,43.0
12263,2,3,5,2,37.0,8,2,95.01,1,88.0
12264,0,0,1,1,19.0,77,2,0.0,1,93.0
12265,0,0,4,2,,136,1,100.4,0,28.999999999999996
12266,0,2,0,0,44.0,59,0,,0,23.0
12267,0,6,0,2,22.0,51,1,34.38,1,80.0
12268,0,2,5,0,34.0,120,1,97.13,0,16.0
12269,1,2,1,0,15.0,74,3,3.33,1,96.0
12270,0,0,1,0,20.0,10,3,0.0,1,95.0
12271,1,3,0,1,42.0,103,1,58.48,1,85.0
12272,1,1,2,1,30.0,162,3,233.89,1,91.0
12273,0,2,5,3,52.0,74,1,105.67,0,18.0
12274,0,2,1,1,38.0,35,0,69.62,1,63.0
12275,3,0,1,3,39.0,130,1,0.0,1,91.0
12276,0,2,0,2,23.0,108,1,64.51,0,83.0
12277,0,3,5,0,,82,-1,62.07,1,96.0
12278,0,3,5,1,26.0,27,1,73.36,1,83.0
12279,0,2,1,0,23.0,52,0,83.32,1,75.0
12280,1,0,1,3,40.0,53,1,12.1,1,89.0
12281,1,2,1,1,42.0,64,1,55.38,1,91.0
12282,1,2,1,1,37.0,52,2,15.65,1,94.0
12283,0,0,1,1,25.0,39,2,-10.0,1,91.0
12284,1,3,5,4,37.0,40,1,115.98,0,22.0
12285,1,1,1,0,14.0,165,4,33.01,1,99.0
12286,1,2,5,1,47.0,74,4,91.37,0,31.0
12287,3,3,5,3,21.0,28,4,97.55,1,74.0
12288,1,6,0,1,22.0,158,1,87.82,1,86.0
12289,0,1,5,3,35.0,39,3,85.04,1,77.0
12290,1,0,3,3,36.0,129,0,0.0,1,96.0
12291,0,3,1,0,,47,1,89.54,0,23.0
12292,1,1,4,1,22.0,0,0,171.5,0,37.0
12293,1,2,1,3,45.0,58,1,0.0,1,92.0
12294,0,1,4,4,17.0,159,1,195.81,0,26.0
12295,1,3,5,0,19.0,87,4,32.8,1,97.0
12296,1,0,5,0,,1,1,0.0,1,91.0
12297,1,2,4,1,21.0,58,3,203.55,1,89.0
12298,1,0,4,3,46.0,130,1,,0,26.0
12299,1,0,5,2,22.0,48,1,132.03,0,18.0
12300,1,1,5,2,49.0,75,1,66.76,1,94.0
12301,2,1,1,0,44.0,33,0,17.27,1,88.0
12302,0,3,5,3,46.0,61,1,66.97,1,78.0
12303,0,3,1,4,52.0,33,0,0.0,0,26.0
12304,1,0,1,3,34.0,22,3,14.77,1,90.0
12305,3,3,4,1,23.0,18,0,147.38,0,32.0
12306,1,0,1,0,32.0,179,1,0.0,1,99.0
12307,1,2,1,4,28.0,59,1,87.77,0,17.0
12308,0,0,5,1,26.0,126,1,55.5,0,28.999999999999996
12309,1,3,1,1,35.0,95,1,90.66,0,38.0
12310,1,3,1,3,30.0,155,2,66.9,1,98.0
12311,0,0,5,2,26.0,89,2,93.61,1,71.0
12312,2,1,5,1,31.0,48,3,29.65,1,90.0
12313,0,0,5,0,39.0,44,3,114.05,1,84.0
12314,0,0,5,3,43.0,75,0,166.47,0,11.0
12315,3,5,5,2,17.0,106,0,58.92,0,28.999999999999996
12316,1,2,5,1,30.0,59,1,102.69,0,32.0
12317,1,1,1,0,32.0,131,2,16.99,1,73.0
12318,1,3,5,1,22.0,145,0,15.24,1,97.0
12319,0,5,4,2,32.0,156,0,162.43,0,34.0
12320,0,3,0,2,35.0,119,0,20.11,1,90.0
12321,3,3,1,4,39.0,166,1,0.0,1,97.0
12322,0,0,1,1,34.0,54,0,68.61,0,14.000000000000002
12323,0,0,5,3,25.0,174,0,53.04,1,94.0
12324,1,2,1,2,54.0,30,5,5.73,1,93.0
12325,2,3,5,2,42.0,114,1,109.77,1,92.0
12326,3,0,2,1,39.0,155,3,113.08,1,92.0
12327,2,3,5,0,44.0,154,2,115.53,1,99.0
12328,1,2,1,1,36.0,29,1,37.78,1,84.0
12329,0,3,5,1,46.0,48,2,96.39,1,66.0
12330,1,2,1,4,34.0,169,2,79.1,1,100.0
12331,1,2,5,3,34.0,74,3,65.03,1,97.0
12332,1,2,5,1,40.0,67,1,47.36,1,94.0
12333,0,0,1,0,49.0,99,0,0.0,0,22.0
12334,0,1,4,4,49.0,128,2,,1,95.0
12335,1,1,1,1,39.0,171,2,22.67,1,99.0
12336,1,0,4,0,39.0,102,4,137.49,1,87.0
12337,0,3,1,0,40.0,164,1,42.41,1,94.0
12338,1,0,1,1,43.0,160,2,0.0,0,99.0
12339,1,3,0,0,46.0,148,1,13.23,1,95.0
12340,0,2,1,0,31.0,87,0,55.45,1,88.0
12341,0,0,5,1,47.0,167,0,121.08,1,86.0
12342,1,5,5,2,37.0,113,4,148.49,1,88.0
12343,1,3,5,3,40.0,12,3,61.8,0,23.0
12344,1,0,1,3,47.0,112,0,0.0,1,99.0
12345,3,0,1,2,41.0,165,0,64.42,1,93.0
12346,0,3,5,1,43.0,156,1,88.91,0,40.0
12347,0,2,1,2,,63,-1,9.0,1,95.0
12348,1,6,5,3,48.0,35,1,42.57,0,26.0
12349,0,2,5,3,40.0,103,1,44.38,1,86.0
12350,1,2,1,3,,110,0,16.86,0,27.0
12351,0,3,5,3,45.0,4,2,191.92,0,11.0
12352,3,1,5,1,59.0,147,2,85.95,1,93.0
12353,0,4,5,3,22.0,138,4,120.06,1,98.0
12354,2,0,1,3,25.0,71,3,0.0,1,97.0
12355,0,2,1,1,60.0,155,3,0.0,1,100.0
12356,1,3,1,2,38.0,176,3,56.68,1,100.0
12357,3,1,1,1,35.0,168,1,0.0,1,97.0
12358,1,1,1,4,32.0,145,1,0.0,1,94.0
12359,0,0,2,0,46.0,157,4,159.63,0,97.0
12360,1,2,5,1,,127,1,,1,89.0
12361,1,0,5,1,27.0,141,2,121.48,1,95.0
12362,0,0,1,2,33.0,55,0,2.55,1,85.0
12363,1,1,4,3,30.0,72,4,172.5,1,90.0
12364,0,3,1,0,41.0,179,2,50.0,1,98.0
12365,0,1,5,1,,90,3,106.2,1,92.0
12366,1,0,4,1,50.0,28,2,147.3,1,83.0
12367,1,2,5,1,41.0,127,0,105.24,1,87.0
12368,0,2,4,0,59.0,26,2,181.25,1,75.0
12369,1,3,5,1,28.0,67,3,101.36,0,24.0
12370,0,3,1,1,25.0,162,5,0.0,1,100.0
12371,0,3,1,0,48.0,90,1,30.42,0,17.0
12372,2,0,0,1,35.0,9,1,67.78,0,19.0
12373,0,0,1,0,,126,0,0.0,1,92.0
12374,0,3,5,2,30.0,25,1,133.68,0,11.0
12375,0,2,0,0,36.0,70,1,64.48,1,86.0
12376,1,2,4,2,27.0,90,4,176.26,1,96.0
12377,1,2,1,0,23.0,93,1,50.2,1,97.0
12378,0,0,1,3,31.0,75,2,,0,82.0
12379,0,1,4,1,23.0,103,1,121.5,1,89.0
12380,0,2,1,4,40.0,76,5,20.19,1,94.0
12381,2,2,5,1,14.0,40,2,86.65,1,95.0
12382,2,2,5,1,34.0,131,4,74.86,1,99.0
12383,3,3,1,0,,65,4,45.13,1,94.0
12384,0,0,5,3,33.0,164,3,,1,95.0
12385,1,3,1,0,44.0,33,2,31.23,1,80.0
12386,0,7,5,1,20.0,121,2,106.68,1,84.0
12387,1,1,5,0,26.0,49,0,111.01,1,83.0
12388,0,3,1,2,,89,4,0.0,1,97.0
12389,0,5,5,3,41.0,41,3,131.84,1,61.0
12390,0,3,0,1,36.0,128,3,4.83,1,93.0
12391,1,2,3,0,55.0,33,0,98.85,1,85.0
12392,1,0,4,2,25.0,137,3,150.78,1,92.0
12393,0,7,2,4,20.0,4,2,160.74,0,20.0
12394,1,1,5,4,51.0,89,0,134.22,1,82.0
12395,2,0,1,0,19.0,171,2,22.85,1,95.0
12396,1,1,4,1,40.0,146,-1,174.76,0,18.0
12397,1,2,1,2,24.0,148,-1,,1,100.0
12398,1,3,5,3,13.0,120,8,117.3,1,97.0
12399,0,0,0,0,30.0,161,3,50.41,1,97.0
12400,0,2,4,3,42.0,28,0,244.19,0,9.0
12401,1,3,5,2,21.0,101,2,,1,89.0
12402,1,3,5,1,39.0,39,2,126.25,1,87.0
12403,0,1,1,1,41.0,114,0,137.31,1,90.0
12404,1,1,5,1,21.0,17,6,62.33,1,93.0
12405,0,2,5,4,31.0,122,1,150.56,1,88.0
12406,0,1,5,3,49.0,48,3,105.25,0,79.0
12407,1,2,1,0,40.0,64,1,99.32,1,91.0
12408,1,2,0,2,31.0,163,2,37.19,1,96.0
12409,3,2,1,2,38.0,69,1,-10.0,1,85.0
12410,0,1,1,2,27.0,6,4,0.0,1,95.0
12411,0,0,1,3,45.0,60,3,0.0,0,25.0
12412,1,2,1,1,45.0,103,0,55.55,0,32.0
12413,0,0,1,2,35.0,87,1,57.01,1,87.0
12414,1,3,1,0,36.0,157,1,,1,99.0
12415,0,1,1,3,24.0,16,3,59.1,1,92.0
12416,3,1,4,1,20.0,171,0,176.78,0,24.0
12417,1,0,5,2,30.0,75,1,108.21,0,18.0
12418,1,3,1,1,33.0,25,5,72.92,1,93.0
12419,1,3,5,0,,144,2,,1,96.0
12420,1,2,5,2,43.0,162,5,118.34,1,99.0
12421,1,1,4,2,35.0,173,0,180.19,1,87.0
12422,1,3,1,1,,107,1,1.62,1,100.0
12423,0,3,1,3,24.0,132,0,0.0,1,97.0
12424,0,2,4,1,44.0,44,0,141.77,1,53.0
12425,1,2,1,0,26.0,74,2,16.34,1,98.0
12426,3,0,1,1,46.0,143,2,13.04,1,96.0
12427,1,1,1,1,33.0,57,2,36.34,0,35.0
12428,3,3,1,2,14.0,41,2,76.41,1,88.0
12429,1,0,4,3,41.0,93,2,175.01,0,21.0
12430,2,1,1,3,42.0,133,6,0.0,1,93.0
12431,0,0,2,3,29.0,19,4,174.17,1,95.0
12432,2,1,4,3,30.0,23,2,146.33,1,77.0
12433,3,1,3,1,,90,1,69.32,1,87.0
12434,1,7,1,2,14.0,51,2,9.29,0,25.0
12435,3,1,1,2,10.0,137,2,40.5,1,99.0
12436,1,2,1,3,47.0,152,0,33.25,1,93.0
12437,1,3,0,1,25.0,105,1,5.95,0,28.999999999999996
12438,1,2,5,3,52.0,172,4,100.0,1,99.0
12439,0,0,1,3,47.0,0,0,,1,81.0
12440,1,0,4,2,,24,1,145.95,0,13.0
12441,0,1,5,2,27.0,111,0,90.84,1,87.0
12442,0,1,5,3,17.0,102,1,78.16,1,91.0
12443,0,2,4,1,23.0,136,3,,1,97.0
12444,2,2,1,3,29.0,169,3,70.03,1,100.0
12445,0,2,1,2,10.0,104,0,,1,95.0
12446,1,0,1,2,29.0,152,1,8.18,1,98.0
12447,1,2,1,1,31.0,47,0,43.63,1,85.0
12448,1,3,5,3,21.0,65,0,70.51,1,65.0
12449,1,3,1,3,,23,0,18.54,0,11.0
12450,1,0,1,0,31.0,81,1,7.48,1,94.0
12451,1,2,4,3,37.0,90,1,117.95,0,18.0
12452,3,2,1,4,25.0,171,2,30.42,1,98.0
12453,0,1,3,2,36.0,34,1,78.04,1,86.0
12454,1,3,1,0,35.0,33,1,17.12,1,67.0
12455,0,0,1,1,34.0,5,1,80.63,0,13.0
12456,1,2,5,1,27.0,176,1,98.94,1,92.0
12457,0,1,4,0,20.0,143,0,173.84,1,86.0
12458,0,0,1,4,50.0,140,5,97.68,1,84.0
12459,0,0,1,0,40.0,11,1,49.04,0,56.00000000000001
12460,0,3,0,1,44.0,138,1,111.96,1,89.0
12461,3,2,1,3,33.0,46,0,16.43,1,95.0
12462,2,0,1,2,32.0,59,5,31.15,1,96.0
12463,0,1,5,0,38.0,48,2,126.61,1,84.0
12464,0,1,1,1,15.0,51,2,0.0,1,93.0
12465,0,0,1,3,22.0,60,2,38.45,1,73.0
12466,1,1,5,1,26.0,94,4,187.88,1,93.0
12467,1,0,1,3,29.0,119,2,0.0,1,96.0
12468,1,1,1,3,25.0,39,0,87.41,0,16.0
12469,0,4,4,0,37.0,89,1,155.57,0,19.0
12470,0,0,1,2,34.0,70,0,142.06,0,16.0
12471,1,4,5,3,47.0,60,1,55.15,1,76.0
12472,3,1,1,1,58.0,149,6,1.69,1,94.0
12473,3,0,1,3,21.0,37,2,0.0,1,91.0
12474,0,3,1,2,35.0,60,2,,0,79.0
12475,0,0,1,1,35.0,82,1,14.1,1,78.0
12476,2,2,0,3,33.0,99,1,6.95,1,93.0
12477,1,2,1,3,23.0,117,1,43.94,1,90.0
12478,0,7,4,0,24.0,46,1,186.14,1,86.0
12479,1,0,5,2,36.0,26,2,3.05,1,71.0
12480,0,2,1,3,24.0,145,1,66.04,1,99.0
12481,1,0,5,2,35.0,124,2,36.5,1,99.0
12482,2,2,4,3,31.0,19,2,147.82,1,89.0
12483,3,1,5,1,35.0,41,0,70.52,1,78.0
12484,1,1,1,2,24.0,40,0,45.51,0,49.0
12485,0,3,4,1,35.0,71,1,128.76,1,71.0
12486,3,3,1,2,,57,0,61.25,1,66.0
12487,0,0,1,1,35.0,39,1,0.0,1,89.0
12488,2,3,5,3,47.0,118,2,,1,73.0
12489,0,0,2,1,,157,4,153.95,1,100.0
12490,1,1,2,1,37.0,139,1,,1,94.0
12491,1,1,4,3,42.0,117,2,201.07,1,94.0
12492,1,2,1,2,19.0,61,2,22.98,1,93.0
12493,0,0,4,1,51.0,86,3,247.51,0,62.0
12494,1,1,1,0,23.0,69,2,22.34,1,93.0
12495,0,1,1,0,42.0,98,3,38.76,1,96.0
12496,0,0,5,1,41.0,142,2,149.53,1,91.0
12497,0,6,1,1,24.0,123,2,50.1,1,98.0
12498,2,2,3,1,44.0,6,4,120.85,1,91.0
12499,3,2,1,2,38.0,133,1,15.67,1,97.0
12500,0,2,4,3,52.0,26,2,78.6,0,16.0
12501,2,1,1,0,35.0,1,5,6.29,1,87.0
12502,0,0,1,0,32.0,133,0,28.54,1,91.0
12503,0,0,4,4,28.0,60,2,130.33,1,74.0
12504,3,1,1,1,16.0,159,3,32.41,1,98.0
12505,1,5,5,1,30.0,156,0,25.18,1,93.0
12506,1,1,5,3,31.0,64,1,88.38,0,21.0
12507,2,3,5,4,36.0,142,1,55.83,1,93.0
12508,0,0,5,0,19.0,137,2,19.61,1,66.0
12509,2,0,1,3,31.0,9,0,34.82,1,74.0
12510,2,0,4,0,39.0,9,1,161.01,0,22.0
12511,1,2,1,2,40.0,36,1,17.18,1,92.0
12512,2,1,1,1,15.0,31,5,0.0,1,96.0
12513,0,5,1,1,41.0,35,0,0.0,1,87.0
12514,0,1,5,0,31.0,63,4,144.35,1,84.0
12515,0,3,5,4,32.0,142,6,112.88,1,99.0
12516,3,0,4,2,10.0,72,3,137.06,0,26.0
12517,1,1,5,4,48.0,15,3,63.11,0,33.0
12518,0,7,5,2,35.0,104,0,43.14,1,87.0
12519,0,1,4,1,18.0,82,6,154.24,1,97.0
12520,0,2,1,2,37.0,173,1,79.63,1,91.0
12521,0,4,5,4,37.0,121,2,104.25,0,23.0
12522,1,3,3,0,46.0,171,5,120.84,1,97.0
12523,1,1,0,4,30.0,75,1,0.0,0,64.0
12524,1,0,4,3,,34,3,136.72,1,69.0
12525,2,3,1,1,27.0,124,4,41.65,1,97.0
12526,1,0,5,1,39.0,50,2,0.0,1,95.0
12527,1,0,5,3,26.0,106,3,59.25,1,96.0
12528,3,6,4,2,,4,3,125.9,1,94.0
12529,1,0,4,2,33.0,165,0,212.85,0,19.0
12530,3,3,5,2,21.0,5,2,119.58,1,86.0
12531,0,0,5,3,50.0,178,1,104.25,1,93.0
12532,2,3,1,0,,141,0,28.2,1,71.0
12533,1,0,1,1,29.0,175,4,52.07,1,100.0
12534,1,1,4,1,20.0,11,1,149.55,0,18.0
12535,0,6,4,3,37.0,113,2,197.74,1,66.0
12536,2,1,4,0,29.0,179,1,123.84,1,96.0
12537,0,2,1,3,45.0,113,2,0.0,1,99.0
12538,1,3,4,2,26.0,67,0,157.2,1,80.0
12539,0,6,4,2,39.0,106,3,170.23,1,91.0
12540,0,0,1,1,35.0,58,2,,1,91.0
12541,0,0,5,1,27.0,17,0,52.13,1,84.0
12542,0,1,3,1,36.0,30,2,83.31,1,89.0
12543,2,2,5,4,42.0,34,2,,1,66.0
12544,0,3,4,2,34.0,3,2,133.33,1,80.0
12545,1,7,1,2,34.0,8,1,52.75,1,59.0
12546,0,4,5,0,25.0,108,2,44.53,1,72.0
12547,1,3,5,1,45.0,142,2,80.05,1,97.0
12548,0,0,1,3,44.0,41,3,45.68,1,89.0
12549,0,0,4,0,29.0,84,2,175.8,0,31.0
12550,1,0,5,0,32.0,95,2,94.1,1,95.0
12551,1,1,1,2,48.0,111,4,0.0,1,99.0
12552,1,1,1,1,22.0,31,3,72.55,1,98.0
12553,2,0,1,0,40.0,79,3,28.21,0,28.999999999999996
12554,3,0,5,1,28.0,44,1,23.67,1,83.0
12555,1,0,4,2,51.0,4,0,113.75,0,43.0
12556,3,3,1,0,34.0,158,4,0.0,1,99.0
12557,0,0,1,0,46.0,152,1,,1,99.0
12558,1,0,0,4,26.0,0,5,,1,84.0
12559,1,2,5,2,21.0,60,1,0.0,1,89.0
12560,0,2,4,3,31.0,66,3,192.68,1,88.0
12561,0,2,5,2,36.0,66,2,135.28,1,97.0
12562,0,2,5,3,28.0,169,1,127.7,1,98.0
12563,1,0,5,2,41.0,95,1,33.81,0,33.0
12564,1,2,1,2,31.0,93,0,54.48,1,94.0
12565,0,3,3,0,13.0,58,3,126.59,1,84.0
12566,1,3,5,3,39.0,177,3,165.8,0,35.0
12567,1,2,5,3,25.0,33,2,32.6,0,17.0
12568,1,1,4,4,30.0,111,1,188.74,1,92.0
12569,2,3,5,0,49.0,67,1,71.94,1,88.0
12570,3,7,5,1,51.0,141,0,103.9,1,86.0
12571,0,6,4,2,28.0,159,0,138.87,1,96.0
12572,3,2,4,3,39.0,106,2,174.26,1,89.0
12573,1,0,3,2,28.0,80,2,165.03,1,88.0
12574,0,3,1,0,31.0,7,0,0.0,0,21.0
12575,1,2,1,2,27.0,162,2,0.0,1,97.0
12576,0,2,5,0,16.0,23,0,58.42,1,89.0
12577,3,0,1,4,34.0,2,0,52.97,0,21.0
12578,0,3,1,3,36.0,80,4,51.52,1,98.0
12579,1,2,1,4,27.0,35,2,0.0,0,27.0
12580,0,0,5,2,44.0,178,1,76.44,1,96.0
12581,1,2,5,0,29.0,103,0,107.63,1,87.0
12582,2,1,1,0,,80,0,41.85,0,28.999999999999996
12583,0,1,1,1,39.0,58,0,40.94,1,82.0
12584,0,2,5,3,18.0,93,2,,1,94.0
12585,0,7,1,0,43.0,21,1,20.87,1,89.0
12586,0,5,1,0,,164,1,45.3,1,95.0
12587,1,0,5,2,43.0,125,4,44.96,1,98.0
12588,0,2,5,0,46.0,11,4,144.14,1,86.0
12589,1,0,1,0,40.0,148,5,0.0,1,99.0
12590,0,1,5,3,25.0,142,2,62.31,1,94.0
12591,2,3,1,3,21.0,11,3,30.97,1,92.0
12592,2,0,5,2,19.0,85,2,67.68,1,92.0
12593,0,1,1,0,45.0,102,2,49.08,1,88.0
12594,0,1,1,0,32.0,55,2,0.0,0,27.0
12595,1,1,3,0,28.0,105,1,12.82,0,26.0
12596,0,0,5,1,,143,5,47.82,1,98.0
12597,1,1,1,1,44.0,32,1,75.64,1,86.0
12598,0,2,1,2,41.0,116,3,0.0,1,98.0
12599,1,1,4,1,,170,0,179.45,1,87.0
12600,1,2,5,2,40.0,48,2,123.37,0,28.000000000000004
12601,0,7,1,0,35.0,77,2,36.58,0,28.000000000000004
12602,1,2,5,1,37.0,17,2,46.76,0,31.0
12603,0,3,0,3,36.0,143,0,0.21,1,87.0
12604,1,3,5,1,33.0,167,2,127.4,1,99.0
12605,1,2,1,0,41.0,106,0,27.26,1,88.0
12606,0,3,0,4,37.0,89,2,35.18,0,34.0
12607,1,2,1,2,25.0,78,1,25.45,0,26.0
12608,1,0,1,0,,99,3,36.52,1,99.0
12609,0,3,1,3,36.0,154,2,35.16,1,99.0
12610,1,2,1,1,40.0,117,2,67.44,1,94.0
12611,2,3,1,2,32.0,119,2,7.83,1,100.0
12612,1,1,1,1,42.0,126,0,0.0,1,89.0
12613,1,2,5,3,33.0,80,1,84.53,1,97.0
12614,0,1,1,3,41.0,141,3,25.44,1,97.0
12615,1,3,5,0,29.0,154,3,85.44,1,97.0
12616,1,3,1,2,30.0,53,0,107.82,0,22.0
12617,1,0,1,4,40.0,87,3,2.87,1,86.0
12618,1,2,5,3,30.0,167,1,117.93,1,98.0
12619,2,1,4,0,56.0,172,0,145.74,0,23.0
12620,1,0,1,3,39.0,98,0,56.82,0,61.0
12621,0,7,1,3,34.0,67,2,35.65,1,55.00000000000001
12622,2,3,5,4,42.0,167,1,103.15,1,99.0
12623,0,4,4,1,29.0,40,2,184.02,0,20.0
12624,3,5,4,1,43.0,0,1,133.62,0,23.0
12625,1,3,1,2,,8,1,0.0,0,23.0
12626,3,3,0,0,46.0,74,2,66.02,0,66.0
12627,1,6,5,4,29.0,79,4,0.0,1,95.0
12628,0,0,5,0,21.0,92,1,58.27,0,73.0
12629,0,3,5,2,,142,4,44.22,1,98.0
12630,1,1,4,0,31.0,58,3,195.09,1,85.0
12631,0,2,5,4,50.0,9,1,150.44,0,23.0
12632,0,0,1,3,55.0,176,1,33.09,1,99.0
12633,1,1,1,4,37.0,138,3,,1,99.0
12634,1,3,5,2,34.0,29,4,54.75,0,20.0
12635,0,0,1,3,,22,2,44.12,0,18.0
12636,0,0,1,2,42.0,21,2,0.0,1,92.0
12637,3,1,1,1,55.0,178,2,0.0,1,94.0
12638,0,0,0,3,51.0,41,1,0.0,0,25.0
12639,3,1,1,2,45.0,28,1,11.38,1,88.0
12640,0,7,4,2,45.0,172,3,73.07,1,99.0
12641,1,2,1,1,42.0,160,3,97.06,1,96.0
12642,1,1,5,2,,166,3,58.48,1,98.0
12643,0,2,1,0,26.0,64,1,0.0,0,31.0
12644,0,4,1,3,33.0,177,8,58.98,1,99.0
12645,1,1,4,0,38.0,111,2,103.08,1,71.0
12646,1,3,4,1,19.0,85,2,143.56,1,95.0
12647,3,1,1,0,32.0,47,1,38.57,1,91.0
12648,0,1,5,4,25.0,36,0,46.09,0,14.000000000000002
12649,0,1,1,1,,85,2,24.42,0,43.0
12650,0,2,4,1,28.0,160,1,179.64,1,92.0
12651,1,2,1,0,37.0,133,2,9.65,1,99.0
12652,1,0,1,1,26.0,90,2,107.28,1,93.0
12653,1,0,5,0,49.0,69,3,,1,99.0
12654,1,0,4,0,16.0,54,3,159.12,1,86.0
12655,0,0,1,0,38.0,171,0,22.83,1,96.0
12656,0,1,5,1,21.0,49,1,84.37,1,83.0
12657,2,2,1,1,28.0,53,3,8.26,1,95.0
12658,2,2,4,3,,104,0,208.36,0,30.0
12659,1,2,1,0,36.0,15,3,84.2,1,86.0
12660,0,6,4,0,36.0,127,2,183.29,0,23.0
12661,0,0,1,0,35.0,46,4,30.73,0,27.0
12662,2,1,1,0,27.0,129,1,11.04,1,97.0
12663,1,2,4,0,32.0,164,0,141.6,1,92.0
12664,0,3,4,0,,92,2,,1,92.0
12665,0,1,5,0,35.0,22,2,70.6,1,86.0
12666,1,3,1,3,,140,2,0.0,1,100.0
12667,1,1,5,3,41.0,114,1,147.63,1,89.0
12668,0,1,5,2,34.0,64,2,25.04,1,93.0
12669,0,1,5,0,36.0,47,1,41.47,0,30.0
12670,1,3,5,0,,6,3,81.36,1,85.0
12671,0,2,1,4,23.0,158,1,28.66,1,97.0
12672,1,2,5,3,,172,2,82.63,1,98.0
12673,0,7,5,0,46.0,55,0,91.56,0,16.0
12674,1,2,1,0,38.0,21,0,2.77,1,87.0
12675,2,0,5,3,25.0,62,3,20.17,1,88.0
12676,1,2,5,3,42.0,79,2,70.33,1,97.0
12677,1,0,5,2,30.0,27,0,37.55,1,64.0
12678,1,0,1,2,41.0,171,1,,1,98.0
12679,1,0,5,0,30.0,102,2,62.26,0,31.0
12680,0,3,1,3,37.0,141,1,21.03,1,98.0
12681,1,2,5,2,28.0,84,6,139.97,1,99.0
12682,2,2,5,0,29.0,146,2,93.72,1,96.0
12683,1,3,5,2,18.0,76,4,52.16,0,36.0
12684,1,3,1,2,39.0,1,5,17.5,1,91.0
12685,1,2,5,2,37.0,50,4,,0,92.0
12686,1,3,4,1,38.0,77,2,184.81,1,57.99999999999999
12687,1,3,1,0,,161,1,29.77,0,33.0
12688,0,0,4,2,26.0,81,1,124.49,1,84.0
12689,0,3,5,0,43.0,50,3,131.04,0,26.0
12690,0,0,5,0,43.0,146,2,37.86,1,95.0
12691,0,1,1,3,26.0,163,5,52.93,1,98.0
12692,0,0,1,0,39.0,117,2,41.71,1,97.0
12693,1,0,4,2,42.0,153,3,156.42,1,93.0
12694,0,3,1,0,29.0,162,2,0.0,1,98.0
12695,3,2,1,3,31.0,62,2,0.0,1,85.0
12696,0,1,5,1,39.0,103,1,,1,87.0
12697,0,1,1,1,18.0,131,2,45.13,1,98.0
12698,1,5,5,4,23.0,84,3,101.59,1,90.0
12699,0,2,5,2,24.0,2,3,146.15,1,75.0
12700,0,1,4,2,16.0,4,0,161.7,1,67.0
12701,0,1,5,2,44.0,156,3,87.04,1,99.0
12702,3,2,1,0,14.0,118,3,1.98,1,90.0
12703,1,1,1,1,37.0,18,2,14.88,0,28.000000000000004
12704,1,3,3,4,42.0,114,3,85.1,1,96.0
12705,0,3,1,1,,144,3,96.54,1,97.0
12706,2,0,2,3,27.0,33,1,173.9,1,81.0
12707,1,0,3,1,36.0,19,2,68.49,0,18.0
12708,1,0,1,2,34.0,155,3,2.24,1,97.0
12709,1,3,4,1,44.0,72,1,73.14,1,84.0
12710,1,3,1,3,7.0,137,1,,1,90.0
12711,0,3,1,1,24.0,148,4,15.35,1,99.0
12712,0,0,5,0,39.0,115,3,85.09,1,100.0
12713,1,0,4,3,34.0,3,3,125.12,0,22.0
12714,1,0,5,0,41.0,21,2,129.99,0,19.0
12715,1,0,1,0,36.0,70,2,61.27,1,86.0
12716,1,0,1,2,32.0,11,1,47.76,0,22.0
12717,0,0,1,2,30.0,138,1,74.49,1,96.0
12718,3,7,1,4,57.0,149,0,78.47,1,86.0
12719,2,2,1,4,49.0,156,1,9.72,0,38.0
12720,1,2,5,1,38.0,60,3,65.62,1,97.0
12721,2,0,4,3,34.0,26,2,155.79,1,89.0
12722,0,2,1,2,39.0,174,1,13.8,1,100.0
12723,0,2,1,2,42.0,83,1,0.0,1,97.0
12724,0,3,4,1,38.0,141,0,178.06,1,94.0
12725,1,0,5,0,26.0,6,1,85.91,1,41.0
12726,1,0,4,4,51.0,142,3,205.51,0,36.0
12727,1,2,1,0,36.0,173,1,0.0,1,100.0
12728,1,0,1,2,54.0,155,4,64.4,1,98.0
12729,1,0,5,0,35.0,170,3,168.74,1,95.0
12730,0,0,5,0,31.0,9,3,52.15,1,83.0
12731,0,0,1,2,,178,2,7.76,1,84.0
12732,0,2,5,3,37.0,2,1,92.75,1,94.0
12733,1,1,0,1,35.0,102,3,48.45,1,91.0
12734,3,2,1,2,21.0,43,1,0.0,1,92.0
12735,3,3,5,1,40.0,53,1,119.71,1,87.0
12736,0,1,1,1,29.0,161,0,0.0,1,96.0
12737,3,1,5,0,29.0,88,6,117.58,1,98.0
12738,0,1,1,2,29.0,24,2,0.0,1,71.0
12739,3,2,1,4,38.0,69,3,1.79,0,23.0
12740,1,3,1,1,18.0,44,2,68.18,0,27.0
12741,1,2,1,1,31.0,67,2,2.9,1,95.0
12742,1,3,1,3,43.0,25,2,72.47,0,21.0
12743,1,6,5,1,21.0,25,5,86.02,1,88.0
12744,1,2,4,2,35.0,153,3,164.18,1,95.0
12745,0,2,1,3,,111,1,11.05,1,88.0
12746,0,1,1,2,29.0,91,1,0.0,1,94.0
12747,0,2,4,3,50.0,129,1,231.96,1,79.0
12748,1,3,1,1,17.0,40,2,34.01,1,89.0
12749,2,3,1,4,41.0,172,1,0.0,1,94.0
12750,0,3,1,2,29.0,13,2,53.24,1,91.0
12751,1,1,5,3,28.0,164,1,25.14,1,97.0
12752,0,2,1,1,22.0,129,5,24.94,1,98.0
12753,1,2,5,0,,4,2,,1,84.0
12754,1,0,0,1,32.0,101,1,0.0,1,60.0
12755,3,1,1,1,30.0,129,2,36.04,1,94.0
12756,1,3,1,0,35.0,128,2,38.36,1,100.0
12757,0,3,5,3,32.0,175,7,33.17,1,98.0
12758,2,6,3,1,13.0,21,6,90.03,1,91.0
12759,0,3,1,0,,40,0,0.0,0,56.99999999999999
12760,1,2,1,2,42.0,152,2,74.62,1,97.0
12761,1,2,5,0,18.0,45,1,85.39,0,28.999999999999996
12762,1,0,4,1,23.0,93,2,159.03,0,36.0
12763,0,1,1,2,29.0,8,0,0.0,1,80.0
12764,0,2,5,1,26.0,100,4,54.11,1,95.0
12765,1,2,1,0,33.0,46,1,63.42,1,74.0
12766,3,2,1,2,23.0,73,1,44.74,0,31.0
12767,0,0,0,1,,2,2,67.14,1,79.0
12768,1,6,5,0,33.0,7,4,55.84,0,18.0
12769,0,1,1,2,40.0,152,1,20.82,1,100.0
12770,0,1,4,1,46.0,35,4,172.26,1,78.0
12771,1,3,5,0,31.0,42,2,75.89,1,94.0
12772,1,1,4,1,52.0,177,3,177.53,1,87.0
12773,2,3,1,1,32.0,62,1,5.91,1,92.0
12774,0,1,1,1,42.0,161,1,0.0,1,100.0
12775,0,3,4,3,53.0,137,1,175.65,1,89.0
12776,0,2,5,1,35.0,26,1,26.38,0,26.0
12777,1,0,4,2,20.0,88,3,241.6,1,84.0
12778,1,0,1,0,34.0,12,0,16.92,0,39.0
12779,0,0,1,4,27.0,50,2,13.89,0,28.999999999999996
12780,1,2,3,3,31.0,67,0,93.64,0,28.999999999999996
12781,1,0,1,3,53.0,123,1,46.39,1,95.0
12782,2,1,5,3,21.0,143,2,65.41,1,96.0
12783,3,3,1,1,,139,4,37.74,1,98.0
12784,0,2,1,1,,24,1,8.85,1,91.0
12785,2,0,1,2,30.0,176,1,78.91,1,98.0
12786,1,1,1,0,41.0,143,1,,1,97.0
12787,3,1,1,4,37.0,102,1,9.41,0,30.0
12788,1,2,5,1,31.0,1,0,68.4,1,80.0
12789,3,2,1,0,27.0,72,3,7.02,1,98.0
12790,3,0,1,1,37.0,122,2,27.48,1,96.0
12791,0,3,4,3,51.0,126,2,179.34,0,28.999999999999996
12792,3,0,0,1,24.0,76,3,56.79,1,93.0
12793,0,0,1,2,53.0,77,1,34.96,1,95.0
12794,1,2,5,1,45.0,75,2,93.14,0,31.0
12795,0,0,4,1,,162,2,156.84,1,91.0
12796,0,0,1,0,37.0,149,2,67.36,1,94.0
12797,1,3,1,1,45.0,47,1,16.76,1,89.0
12798,0,1,5,2,23.0,113,2,162.43,0,27.0
12799,3,1,1,1,27.0,63,2,84.44,1,95.0
12800,1,7,5,1,41.0,149,0,73.62,1,97.0
12801,0,1,4,3,36.0,72,0,156.18,0,14.000000000000002
12802,3,0,4,4,32.0,46,6,39.34,1,89.0
12803,3,3,1,1,8.0,39,2,0.0,1,87.0
12804,3,3,1,1,29.0,105,2,12.1,1,99.0
12805,0,2,4,2,22.0,117,0,143.25,1,89.0
12806,3,1,1,0,38.0,2,1,50.92,1,85.0
12807,0,2,0,3,32.0,94,1,60.81,1,89.0
12808,1,0,5,3,27.0,100,0,19.16,1,76.0
12809,0,7,0,1,60.0,133,1,0.0,1,90.0
12810,0,0,1,1,44.0,141,3,0.0,1,96.0
12811,1,1,4,0,44.0,82,5,103.55,1,91.0
12812,0,2,1,1,56.0,81,2,28.96,1,97.0
12813,0,1,1,2,,120,1,67.94,1,98.0
12814,1,0,1,0,26.0,134,2,81.61,1,95.0
12815,0,2,5,1,25.0,156,1,132.39,1,91.0
12816,0,1,1,0,43.0,2,2,0.0,1,90.0
12817,0,0,1,3,13.0,12,3,10.98,1,56.99999999999999
12818,1,1,5,1,33.0,163,2,92.24,1,94.0
12819,1,3,4,0,12.0,104,1,190.45,1,85.0
12820,1,2,1,0,34.0,88,5,0.0,1,99.0
12821,3,2,4,1,42.0,91,1,129.06,1,88.0
12822,1,2,1,0,36.0,165,0,88.39,1,89.0
12823,0,3,5,1,43.0,74,3,81.29,1,96.0
12824,1,2,1,1,53.0,59,2,85.18,1,84.0
12825,1,3,1,2,32.0,125,1,57.03,0,37.0
12826,2,6,5,2,62.0,72,2,61.0,1,89.0
12827,0,1,1,0,36.0,21,4,51.12,1,92.0
12828,1,1,1,0,43.0,148,1,73.56,1,98.0
12829,0,1,1,0,27.0,122,1,15.47,1,99.0
12830,1,1,5,3,50.0,32,2,-10.0,1,87.0
12831,0,7,1,1,44.0,3,1,0.0,1,93.0
12832,0,0,1,1,48.0,171,3,64.44,1,99.0
12833,1,0,1,3,34.0,128,1,65.96,1,97.0
12834,1,1,0,3,21.0,149,2,0.0,1,99.0
12835,1,0,1,0,38.0,58,2,0.0,1,90.0
12836,3,0,1,4,17.0,36,0,6.35,1,79.0
12837,3,2,1,2,30.0,150,3,20.04,1,96.0
12838,1,7,0,2,35.0,160,2,58.2,0,41.0
12839,0,1,5,3,,112,0,148.44,0,25.0
12840,1,0,5,3,37.0,149,1,57.81,1,89.0
12841,1,0,4,1,35.0,126,3,226.08,0,76.0
12842,0,1,1,1,33.0,117,1,0.0,1,99.0
12843,3,2,4,2,20.0,139,1,185.52,1,87.0
12844,3,1,1,1,34.0,111,3,80.1,0,34.0
12845,0,2,4,0,35.0,145,1,119.56,1,99.0
12846,1,0,1,3,24.0,124,1,0.0,1,98.0
12847,0,3,1,2,22.0,99,3,,0,77.0
12848,1,2,0,2,29.0,0,4,73.74,1,97.0
12849,0,2,1,0,34.0,120,0,22.93,1,89.0
12850,1,1,4,1,29.0,88,1,195.0,1,83.0
12851,0,0,5,1,,19,2,111.87,1,88.0
12852,1,3,4,3,,16,1,101.21,1,85.0
12853,1,1,5,0,39.0,176,1,85.14,1,99.0
12854,3,1,1,2,35.0,149,1,69.87,1,94.0
12855,1,3,1,0,28.0,113,2,0.0,1,100.0
12856,0,0,4,2,39.0,160,0,130.95,1,69.0
12857,1,3,5,0,32.0,25,2,130.78,0,19.0
12858,1,1,5,1,22.0,26,1,78.44,0,17.0
12859,1,1,1,2,44.0,161,2,47.58,1,100.0
12860,1,2,3,3,37.0,86,0,14.88,1,83.0
12861,2,3,4,0,,79,1,,0,33.0
12862,1,3,1,1,18.0,179,1,0.94,1,99.0
12863,3,3,1,2,26.0,54,1,0.0,1,84.0
12864,0,1,1,1,,60,1,20.15,0,35.0
12865,0,0,5,0,18.0,177,1,117.86,1,90.0
12866,0,1,1,3,,13,2,66.74,0,18.0
12867,0,2,1,3,33.0,125,2,27.53,1,100.0
12868,0,1,1,0,37.0,108,3,,0,35.0
12869,1,1,5,2,19.0,121,1,24.76,1,90.0
12870,1,1,1,4,35.0,50,2,52.97,1,80.0
12871,2,6,1,1,17.0,112,4,25.99,1,92.0
12872,3,3,4,2,34.0,154,1,151.77,1,97.0
12873,2,0,2,0,27.0,167,3,144.91,1,95.0
12874,0,4,1,1,,67,1,64.47,1,89.0
12875,0,2,5,1,42.0,8,2,112.45,0,27.0
12876,0,3,5,0,31.0,38,1,123.91,0,24.0
12877,0,3,1,1,38.0,142,1,58.48,1,93.0
12878,1,2,1,2,,88,1,14.51,1,99.0
12879,0,1,1,2,46.0,17,2,9.28,1,92.0
12880,1,3,1,0,21.0,51,0,24.1,0,27.0
12881,1,0,1,0,43.0,36,1,26.58,0,26.0
12882,2,2,4,2,34.0,79,2,190.57,1,89.0
12883,1,0,1,0,,139,0,27.59,0,45.0
12884,1,1,5,2,22.0,152,0,80.01,1,99.0
12885,1,6,1,2,40.0,78,1,44.82,1,83.0
12886,3,0,5,2,24.0,24,0,103.2,0,56.99999999999999
12887,0,0,1,1,,148,1,0.0,1,89.0
12888,0,1,5,0,,121,2,68.8,1,95.0
12889,2,2,5,1,,87,0,,1,89.0
12890,2,3,5,0,47.0,134,1,59.63,1,97.0
12891,1,3,1,3,26.0,176,1,76.02,1,97.0
12892,0,0,5,1,41.0,38,1,114.05,1,86.0
12893,0,1,4,1,22.0,74,1,184.86,1,83.0
12894,0,0,5,1,31.0,96,2,114.93,1,86.0
12895,1,1,1,4,51.0,48,0,0.0,1,65.0
12896,2,3,5,4,27.0,161,3,76.14,1,97.0
12897,0,0,1,3,45.0,143,0,36.98,1,98.0
12898,1,0,4,0,44.0,95,1,124.5,1,86.0
12899,0,1,5,0,44.0,142,2,21.57,1,99.0
12900,1,2,0,0,21.0,39,3,18.35,1,82.0
12901,1,5,1,0,39.0,6,2,55.24,0,20.0
12902,0,2,1,0,32.0,100,1,66.18,1,93.0
12903,1,3,4,3,44.0,39,2,105.55,0,25.0
12904,0,0,1,1,17.0,69,1,42.39,1,77.0
12905,0,0,1,3,37.0,102,2,0.0,1,92.0
12906,1,1,4,1,36.0,91,0,172.99,0,17.0
12907,3,1,1,4,14.0,21,1,0.0,1,88.0
12908,1,3,1,4,25.0,100,-1,51.66,1,86.0
12909,1,3,5,4,15.0,132,1,96.4,1,85.0
12910,1,2,1,3,26.0,145,1,96.99,1,93.0
12911,1,3,1,2,39.0,10,3,28.82,1,92.0
12912,1,7,1,0,35.0,118,2,47.01,1,93.0
12913,0,3,5,0,35.0,7,3,110.05,1,86.0
12914,3,3,2,1,23.0,19,2,140.8,1,60.0
12915,1,2,1,0,45.0,58,2,73.85,1,96.0
12916,0,3,1,4,,90,3,,1,97.0
12917,0,6,0,2,34.0,152,1,19.84,0,27.0
12918,2,1,4,3,43.0,114,4,,1,94.0
12919,0,0,1,0,24.0,18,1,0.0,1,93.0
12920,1,1,4,0,36.0,124,0,248.69,1,52.0
12921,1,3,1,3,38.0,129,2,72.36,1,98.0
12922,0,0,4,2,28.0,105,6,167.75,1,93.0
12923,2,3,5,2,40.0,65,1,119.16,0,65.0
12924,1,3,5,0,38.0,6,3,38.72,1,88.0
12925,1,1,1,1,32.0,50,1,,0,27.0
12926,3,3,5,3,32.0,94,6,93.28,1,94.0
12927,2,1,1,2,39.0,160,3,18.18,1,98.0
12928,3,3,1,0,41.0,74,-1,34.22,1,77.0
12929,0,2,1,2,34.0,103,2,0.0,1,97.0
12930,1,4,4,0,45.0,12,0,128.54,0,27.0
12931,0,1,5,3,40.0,137,4,34.81,1,97.0
12932,0,1,5,1,16.0,112,1,92.56,1,96.0
12933,1,0,5,3,19.0,58,4,90.63,0,23.0
12934,0,1,1,2,45.0,37,1,0.0,0,31.0
12935,0,0,2,2,31.0,19,3,98.45,1,80.0
12936,1,6,5,2,35.0,13,1,123.31,0,42.0
12937,0,3,5,1,45.0,39,1,111.86,1,84.0
12938,0,2,1,3,33.0,134,4,13.89,1,100.0
12939,3,3,4,0,34.0,5,2,195.21,0,17.0
12940,1,0,4,3,25.0,167,2,92.33,1,98.0
12941,1,2,5,3,37.0,8,4,122.41,0,35.0
12942,0,3,0,1,39.0,105,0,0.0,0,24.0
12943,1,0,5,3,28.0,64,3,,1,97.0
12944,0,3,5,2,24.0,147,2,124.18,1,89.0
12945,0,1,1,1,60.0,133,1,,1,98.0
12946,1,1,1,2,33.0,95,1,77.2,1,87.0
12947,0,0,1,2,27.0,38,3,21.8,1,93.0
12948,0,3,5,3,41.0,122,2,82.65,1,92.0
12949,1,1,1,0,33.0,20,3,79.51,1,92.0
12950,3,2,1,3,23.0,36,4,72.18,1,97.0
12951,2,7,5,0,38.0,11,1,68.66,1,73.0
12952,0,3,5,1,25.0,14,5,100.71,1,87.0
12953,0,1,0,1,49.0,148,0,2.11,1,93.0
12954,0,1,1,1,38.0,84,1,79.54,1,94.0
12955,3,4,4,2,31.0,91,1,158.49,1,62.0
12956,0,3,5,4,35.0,99,2,100.06,1,75.0
12957,0,2,1,1,43.0,173,1,20.85,1,98.0
12958,2,1,4,3,35.0,108,3,30.04,1,80.0
12959,1,3,1,2,55.0,85,4,0.0,1,97.0
12960,2,5,4,2,45.0,137,0,99.72,1,91.0
12961,1,0,1,3,38.0,81,1,41.83,0,78.0
12962,1,7,1,2,24.0,65,1,0.0,0,28.999999999999996
12963,1,7,1,3,32.0,117,5,41.43,1,98.0
12964,3,0,1,0,38.0,116,3,0.0,1,93.0
12965,2,2,5,3,25.0,166,2,99.46,1,98.0
12966,0,1,5,0,46.0,21,3,86.17,1,96.0
12967,0,0,4,2,24.0,85,2,155.75,1,87.0
12968,0,3,1,0,27.0,169,3,72.44,1,98.0
12969,3,0,1,3,28.0,133,2,,1,92.0
12970,0,3,1,0,41.0,109,1,82.09,0,37.0
12971,1,0,1,1,25.0,179,2,0.85,1,95.0
12972,1,2,5,3,16.0,164,0,38.73,1,97.0
12973,0,3,1,4,,5,4,71.46,1,90.0
12974,0,4,3,0,29.0,72,3,56.62,1,96.0
12975,1,6,5,2,23.0,156,0,27.61,1,97.0
12976,1,2,0,2,26.0,100,3,0.0,1,95.0
12977,2,1,5,3,51.0,178,2,91.57,0,38.0
12978,1,3,1,3,27.0,76,1,20.92,1,89.0
12979,0,1,1,0,32.0,26,1,73.3,0,23.0
12980,3,6,5,3,29.0,164,3,,1,98.0
12981,0,1,1,3,21.0,173,1,0.0,1,97.0
12982,1,1,1,2,26.0,97,3,19.24,0,33.0
12983,0,0,5,3,20.0,24,2,6.5,1,66.0
12984,2,1,0,0,43.0,164,2,10.15,1,95.0
12985,0,2,3,3,35.0,150,1,119.53,1,97.0
12986,3,1,1,3,58.0,153,2,114.64,1,92.0
12987,1,3,1,3,26.0,75,4,13.51,1,93.0
12988,0,0,4,1,,119,0,140.36,1,92.0
12989,0,2,5,3,,179,1,89.31,1,97.0
12990,2,5,1,0,44.0,2,0,56.38,0,20.0
12991,1,3,1,2,37.0,72,5,72.83,1,96.0
12992,2,6,2,2,22.0,110,0,,1,90.0
12993,0,1,1,1,51.0,78,1,72.13,0,83.0
12994,1,0,5,0,33.0,71,2,64.41,1,88.0
12995,1,1,5,2,29.0,155,2,148.99,1,90.0
12996,2,2,5,2,45.0,33,2,122.61,0,63.0
12997,1,2,5,3,33.0,83,2,52.39,1,96.0
12998,1,6,5,3,22.0,64,0,89.65,1,87.0
12999,1,3,5,3,34.0,28,1,67.54,0,23.0
13000,2,1,4,1,26.0,3,6,,1,91.0
13001,0,5,5,3,3.0,118,3,73.17,1,91.0
13002,0,1,1,0,25.0,165,2,0.76,1,100.0
13003,1,0,1,1,28.0,129,2,51.29,1,94.0
13004,0,3,3,2,22.0,112,2,98.74,1,83.0
13005,0,3,4,2,39.0,91,2,108.44,0,23.0
13006,2,0,1,4,26.0,75,1,84.68,1,79.0
13007,3,3,1,0,38.0,124,2,,1,94.0
13008,1,0,2,2,21.0,43,0,190.97,0,33.0
13009,0,6,5,0,43.0,113,0,77.2,1,97.0
13010,1,2,1,0,21.0,104,2,0.0,1,91.0
13011,0,3,5,0,10.0,94,2,131.84,0,39.0
13012,1,2,4,3,46.0,116,1,132.56,1,90.0
13013,1,2,4,2,25.0,100,0,125.94,1,67.0
13014,1,2,5,0,,31,2,92.45,1,88.0
13015,0,1,1,4,39.0,130,1,0.0,0,31.0
13016,1,2,4,4,41.0,16,1,171.63,1,45.0
13017,0,5,5,2,,118,0,54.36,1,88.0
13018,0,0,4,1,35.0,139,3,153.22,1,93.0
13019,1,0,1,2,35.0,63,1,61.99,1,89.0
13020,0,0,1,2,46.0,77,3,80.48,1,94.0
13021,1,0,1,2,35.0,40,2,74.15,0,22.0
13022,0,0,1,3,26.0,1,0,86.56,0,28.000000000000004
13023,0,2,5,2,39.0,33,1,83.26,0,25.0
13024,1,2,4,1,12.0,124,3,64.65,1,87.0
13025,1,2,5,0,47.0,87,3,77.02,1,85.0
13026,1,0,4,2,47.0,111,2,186.27,0,79.0
13027,3,0,1,3,45.0,39,0,5.98,0,65.0
13028,0,1,3,2,45.0,54,5,69.4,1,82.0
13029,0,3,4,2,33.0,125,0,110.98,0,26.0
13030,0,2,5,1,32.0,73,1,113.09,1,81.0
13031,1,3,5,1,21.0,178,1,58.05,0,26.0
13032,0,0,5,3,51.0,4,2,73.82,0,16.0
13033,0,0,5,3,29.0,55,2,108.06,1,37.0
13034,1,0,1,3,37.0,117,2,26.73,1,92.0
13035,1,3,4,3,36.0,148,0,223.14,1,68.0
13036,1,1,4,3,20.0,57,3,144.65,1,95.0
13037,0,0,1,0,16.0,92,2,0.0,1,92.0
13038,3,1,5,0,34.0,30,2,112.81,1,61.0
13039,1,1,5,3,29.0,173,3,,1,99.0
13040,0,2,5,3,33.0,154,2,113.12,1,97.0
13041,1,3,5,0,,106,1,67.6,1,95.0
13042,3,0,4,1,36.0,158,1,172.54,1,83.0
13043,1,1,1,0,41.0,168,1,19.6,1,98.0
13044,0,3,1,3,38.0,44,1,0.0,1,88.0
13045,0,3,4,1,,163,0,186.24,0,17.0
13046,0,0,5,3,23.0,1,0,,1,55.00000000000001
13047,0,2,2,2,36.0,61,2,200.9,1,85.0
13048,1,2,1,1,34.0,148,0,0.0,1,91.0
13049,1,1,1,3,43.0,161,2,29.59,1,100.0
13050,1,6,4,4,32.0,85,4,141.75,1,95.0
13051,1,2,1,3,31.0,12,0,67.1,0,44.0
13052,0,2,4,0,31.0,18,1,165.24,1,69.0
13053,1,3,4,1,24.0,160,1,144.95,1,98.0
13054,1,0,5,0,48.0,123,4,149.06,1,92.0
13055,0,3,1,1,45.0,101,2,,1,99.0
13056,3,3,3,3,21.0,103,3,146.59,1,95.0
13057,0,0,4,0,42.0,48,1,174.55,0,27.0
13058,1,3,1,1,,2,2,12.49,0,21.0
13059,1,1,1,1,43.0,165,1,111.78,0,26.0
13060,3,1,1,1,27.0,70,2,84.87,1,96.0
13061,1,3,0,2,37.0,14,5,65.33,1,89.0
13062,1,2,4,4,14.0,37,2,145.55,1,91.0
13063,0,3,4,3,22.0,152,4,115.0,1,95.0
13064,0,2,4,3,,60,1,111.56,1,64.0
13065,0,3,5,3,26.0,177,2,85.85,1,97.0
13066,1,1,5,1,25.0,9,1,107.12,1,43.0
13067,1,2,0,3,47.0,99,4,0.0,1,99.0
13068,3,1,5,1,56.0,100,2,125.23,1,93.0
13069,1,3,5,4,43.0,177,1,24.41,1,95.0
13070,0,0,4,1,23.0,122,3,150.54,1,95.0
13071,0,2,4,2,51.0,41,2,210.06,1,41.0
13072,0,2,4,0,18.0,179,3,249.15,1,95.0
13073,1,3,4,3,,173,2,165.2,1,94.0
13074,1,3,4,2,34.0,39,2,154.2,1,82.0
13075,0,2,0,3,53.0,23,1,26.06,0,19.0
13076,2,0,4,2,43.0,68,1,155.4,1,82.0
13077,3,7,5,0,,84,2,117.45,1,79.0
13078,1,3,1,0,24.0,167,1,6.26,1,98.0
13079,1,3,1,0,44.0,147,4,5.24,1,100.0
13080,3,0,5,0,28.0,28,4,58.85,0,91.0
13081,0,2,1,1,36.0,36,1,71.1,1,85.0
13082,2,1,1,3,20.0,19,1,48.95,0,31.0
13083,1,3,5,3,39.0,145,0,99.05,1,94.0
13084,0,0,4,3,38.0,3,2,234.72,1,78.0
13085,0,2,4,4,21.0,138,3,185.75,1,89.0
13086,0,2,1,3,44.0,85,4,112.08,1,94.0
13087,0,0,1,0,39.0,51,2,85.05,0,20.0
13088,1,3,1,3,41.0,42,3,0.0,1,95.0
13089,0,1,1,3,30.0,141,4,70.76,1,89.0
13090,1,3,1,2,35.0,121,1,87.65,1,91.0
13091,0,2,4,1,34.0,172,3,108.5,0,41.0
13092,3,1,5,0,32.0,155,0,111.38,0,19.0
13093,1,3,1,0,35.0,131,3,0.0,1,100.0
13094,2,1,1,0,46.0,143,3,41.96,1,95.0
13095,1,0,5,3,,165,2,130.27,1,86.0
13096,0,3,3,0,22.0,150,0,50.49,1,82.0
13097,3,2,1,0,43.0,76,1,58.47,1,88.0
13098,1,2,4,2,45.0,147,2,,1,97.0
13099,1,1,1,4,32.0,82,1,43.93,1,71.0
13100,0,0,1,2,39.0,148,3,44.77,0,39.0
13101,1,7,1,1,38.0,169,1,35.73,1,88.0
13102,0,0,5,3,25.0,68,0,57.21,1,63.0
13103,3,0,1,4,30.0,13,1,60.16,1,79.0
13104,0,1,1,1,41.0,69,3,61.73,0,38.0
13105,1,1,1,2,,4,0,,0,17.0
13106,0,3,5,1,43.0,151,4,190.59,1,78.0
13107,0,6,1,0,47.0,156,3,0.0,1,97.0
13108,1,3,1,0,,1,0,3.61,1,31.0
13109,0,0,1,3,53.0,5,1,16.83,1,80.0
13110,0,1,1,2,33.0,33,2,32.67,1,86.0
13111,0,0,5,2,,21,1,80.51,1,60.0
13112,1,1,1,1,37.0,131,2,45.42,1,99.0
13113,0,2,1,3,33.0,112,1,0.0,1,96.0
13114,1,0,5,0,39.0,133,0,66.3,1,97.0
13115,1,1,1,2,16.0,66,1,0.0,1,87.0
13116,2,3,1,1,36.0,76,3,37.34,1,95.0
13117,0,7,1,0,20.0,89,3,0.0,1,95.0
13118,1,7,4,0,24.0,115,3,,1,93.0
13119,1,0,5,0,41.0,86,0,124.46,1,49.0
13120,1,1,4,1,32.0,67,1,138.48,1,90.0
13121,1,1,4,1,40.0,161,2,173.56,1,94.0
13122,1,1,4,0,31.0,100,4,214.9,1,91.0
13123,1,0,5,1,,161,3,110.04,1,97.0
13124,0,1,5,4,31.0,56,1,141.24,1,41.0
13125,0,6,1,0,14.0,164,1,98.45,1,92.0
13126,0,0,1,0,36.0,133,1,30.09,1,84.0
13127,0,2,5,1,12.0,70,3,92.68,1,71.0
13128,1,2,4,3,19.0,172,1,,1,97.0
13129,3,3,1,3,25.0,168,3,0.0,1,88.0
13130,2,0,3,1,23.0,102,0,111.69,1,89.0
13131,2,1,1,2,,132,0,65.96,1,78.0
13132,2,2,1,1,23.0,59,0,0.0,0,74.0
13133,3,4,1,2,19.0,144,1,0.59,1,96.0
13134,0,1,5,0,49.0,108,0,33.04,1,91.0
13135,1,7,1,2,27.0,100,0,50.41,1,88.0
13136,0,0,3,0,11.0,8,4,57.82,0,20.0
13137,0,0,4,3,30.0,131,3,215.93,1,91.0
13138,0,0,4,0,,169,5,192.74,1,92.0
13139,0,1,1,2,25.0,173,3,96.31,0,26.0
13140,1,2,4,3,,73,3,144.43,1,85.0
13141,1,2,1,3,29.0,95,1,114.73,1,92.0
13142,3,0,1,1,22.0,128,0,0.0,1,93.0
13143,0,0,5,2,38.0,86,2,104.29,0,32.0
13144,0,1,1,2,45.0,114,3,42.1,1,99.0
13145,1,3,1,1,39.0,144,2,70.05,1,99.0
13146,1,0,1,1,9.0,115,0,13.92,1,68.0
13147,2,4,5,3,22.0,127,2,123.02,1,94.0
13148,0,3,1,1,34.0,90,2,0.0,1,96.0
13149,0,0,5,3,31.0,78,3,66.64,1,85.0
13150,0,2,3,2,30.0,117,2,88.22,1,90.0
13151,0,0,5,1,24.0,6,0,111.47,0,19.0
13152,1,2,4,2,19.0,132,2,106.98,1,91.0
13153,0,1,0,3,54.0,179,0,46.49,1,95.0
13154,0,1,0,0,34.0,115,1,0.0,1,96.0
13155,0,2,1,0,40.0,102,1,0.0,1,77.0
13156,0,2,1,2,34.0,52,3,82.34,1,92.0
13157,3,3,5,3,34.0,118,1,126.12,1,91.0
13158,1,2,1,3,33.0,2,3,85.11,1,90.0
13159,2,2,1,0,22.0,61,1,0.0,1,90.0
13160,1,0,5,3,18.0,31,3,,1,84.0
13161,0,3,5,3,37.0,1,1,55.62,1,62.0
13162,1,2,5,4,35.0,79,2,96.83,1,97.0
13163,1,2,4,0,43.0,123,2,219.77,1,93.0
13164,0,2,5,3,41.0,80,2,87.39,1,91.0
13165,1,0,5,2,25.0,52,2,11.54,0,24.0
13166,0,0,1,1,45.0,139,1,33.65,1,98.0
13167,3,0,4,0,41.0,123,2,157.74,1,97.0
13168,1,1,5,2,40.0,132,2,134.96,0,30.0
13169,0,4,1,1,,3,2,44.72,1,86.0
13170,0,2,1,3,54.0,55,2,43.18,1,70.0
13171,0,0,5,3,40.0,79,1,89.43,0,21.0
13172,1,0,4,1,,44,2,118.62,1,79.0
13173,1,3,1,2,44.0,147,2,27.99,1,99.0
13174,1,6,1,3,28.0,52,1,,1,89.0
13175,1,0,2,3,28.0,72,1,164.74,0,22.0
13176,1,1,4,2,40.0,15,3,86.78,1,87.0
13177,0,3,1,2,25.0,92,1,67.03,1,99.0
13178,2,0,1,1,39.0,112,2,40.71,1,98.0
13179,2,3,3,3,35.0,29,3,130.7,0,15.0
13180,0,3,1,2,25.0,19,0,22.58,0,19.0
13181,1,1,4,0,34.0,105,1,173.41,0,16.0
13182,1,1,1,1,47.0,86,1,0.0,1,89.0
13183,1,1,1,1,34.0,179,0,18.13,1,96.0
13184,1,2,1,4,34.0,35,7,88.34,1,96.0
13185,0,3,1,1,37.0,21,0,63.89,0,56.00000000000001
13186,0,0,0,0,38.0,128,0,5.6,0,28.999999999999996
13187,1,1,0,1,30.0,20,4,5.37,1,95.0
13188,1,1,5,4,37.0,175,2,119.76,1,97.0
13189,2,3,1,2,23.0,4,1,0.0,1,84.0
13190,0,3,4,3,26.0,119,3,183.68,1,94.0
13191,1,3,1,1,27.0,167,3,91.8,1,96.0
13192,3,0,3,2,38.0,81,2,36.55,1,87.0
13193,3,2,1,2,35.0,78,1,43.49,0,26.0
13194,1,2,1,3,32.0,44,2,46.46,0,31.0
13195,1,1,5,2,40.0,158,0,105.03,1,80.0
13196,0,2,5,2,,142,1,93.66,1,85.0
13197,3,0,5,1,31.0,57,2,134.8,0,25.0
13198,2,2,5,1,,44,3,54.07,1,95.0
13199,1,4,5,2,25.0,169,2,60.07,1,99.0
13200,1,1,1,0,19.0,151,1,0.0,1,97.0
13201,0,3,4,3,35.0,37,0,154.27,0,17.0
13202,0,4,3,2,25.0,50,4,126.61,1,90.0
13203,1,3,4,2,29.0,23,1,165.09,0,13.0
13204,2,1,4,0,32.0,90,2,199.98,1,92.0
13205,0,0,1,3,44.0,160,2,25.99,1,95.0
13206,2,0,1,2,43.0,146,3,0.0,1,97.0
13207,2,2,5,2,33.0,24,1,83.13,0,63.0
13208,0,0,5,1,46.0,69,0,49.82,1,68.0
13209,0,1,5,2,13.0,48,0,67.86,0,70.0
13210,0,3,5,0,52.0,16,3,26.08,1,57.99999999999999
13211,1,0,1,2,40.0,148,1,62.0,1,92.0
13212,0,1,1,3,35.0,42,0,62.86,0,16.0
13213,1,1,1,3,,81,2,48.15,1,95.0
13214,0,0,3,0,29.0,149,1,,1,94.0
13215,1,2,5,2,40.0,62,2,71.65,1,95.0
13216,1,0,1,2,40.0,23,3,0.0,1,99.0
13217,1,0,5,2,40.0,32,5,18.54,1,93.0
13218,1,6,1,2,26.0,16,2,40.77,0,35.0
13219,0,5,1,2,,175,0,62.19,1,84.0
13220,0,0,5,3,,43,3,102.22,0,21.0
13221,0,2,1,1,41.0,152,3,0.0,1,100.0
13222,1,3,5,3,,106,2,-10.0,1,97.0
13223,1,3,4,1,,98,2,224.91,1,81.0
13224,1,2,4,3,34.0,28,3,165.81,1,89.0
13225,1,1,0,0,33.0,11,0,75.76,1,82.0
13226,2,6,0,2,40.0,99,2,5.13,1,99.0
13227,1,5,5,1,46.0,126,2,47.49,0,39.0
13228,1,3,3,3,20.0,136,3,0.0,1,93.0
13229,1,0,5,1,22.0,85,0,102.3,0,22.0
13230,1,2,1,2,30.0,52,1,43.3,1,94.0
13231,0,3,1,0,65.0,60,2,,1,85.0
13232,0,0,5,2,31.0,158,3,85.18,1,96.0
13233,1,3,5,3,32.0,112,2,,1,95.0
13234,1,2,1,3,40.0,47,1,20.74,0,26.0
13235,1,2,1,1,43.0,107,1,18.87,1,93.0
13236,1,0,5,0,35.0,78,2,57.08,1,85.0
13237,1,6,1,0,45.0,46,3,38.84,1,90.0
13238,3,3,1,3,22.0,160,0,28.02,1,96.0
13239,0,0,1,1,26.0,66,0,49.91,1,68.0
13240,0,0,1,2,,63,1,28.09,1,94.0
13241,0,3,5,2,34.0,121,2,48.69,1,97.0
13242,0,1,1,3,21.0,144,3,64.17,0,31.0
13243,0,0,1,3,,43,4,0.0,1,96.0
13244,0,1,0,2,25.0,4,2,94.54,0,14.000000000000002
13245,0,3,1,2,34.0,93,2,55.44,1,78.0
13246,1,3,5,2,38.0,78,3,189.67,1,68.0
13247,0,0,1,1,30.0,38,1,0.0,1,84.0
13248,0,2,5,0,37.0,169,0,80.65,1,97.0
13249,2,0,1,3,29.0,101,4,19.72,0,26.0
13250,0,2,1,3,46.0,91,5,24.04,1,99.0
13251,0,1,1,4,59.0,20,3,23.12,1,86.0
13252,1,2,0,2,30.0,174,5,46.29,1,100.0
13253,0,0,5,1,38.0,73,1,113.36,1,86.0
13254,1,2,0,2,37.0,27,0,62.1,1,88.0
13255,1,3,4,3,35.0,148,0,204.22,1,63.0
13256,1,1,1,0,,112,0,0.0,1,95.0
13257,0,3,1,1,,27,2,,1,83.0
13258,1,3,1,2,29.0,85,0,13.82,1,93.0
13259,1,3,5,3,47.0,101,2,126.01,1,93.0
13260,2,3,1,0,36.0,18,1,33.86,0,21.0
13261,1,6,0,1,30.0,62,1,95.52,1,90.0
13262,0,3,1,1,58.0,115,0,95.54,1,90.0
13263,0,2,1,3,32.0,179,1,72.65,1,99.0
13264,1,3,4,1,36.0,37,2,226.12,1,39.0
13265,0,0,3,4,35.0,45,2,46.21,0,19.0
13266,1,3,5,1,32.0,151,1,171.47,1,59.0
13267,0,0,3,0,38.0,91,1,75.52,1,92.0
13268,0,2,3,0,25.0,172,3,55.39,1,98.0
13269,0,1,0,1,39.0,8,3,0.0,1,80.0
13270,0,6,3,3,16.0,8,3,72.35,0,20.0
13271,1,1,1,2,,20,5,0.0,1,98.0
13272,1,1,1,1,52.0,23,0,18.29,1,85.0
13273,0,3,3,2,21.0,94,2,83.16,0,77.0
13274,0,1,5,3,14.0,92,2,107.62,1,91.0
13275,2,2,5,2,21.0,39,1,64.19,0,45.0
13276,2,3,5,1,51.0,179,2,42.24,1,92.0
13277,2,1,1,0,16.0,131,1,34.16,1,95.0
13278,0,2,1,3,24.0,130,2,61.52,1,99.0
13279,1,1,1,0,19.0,140,2,39.33,1,99.0
13280,0,1,5,0,31.0,20,3,4.34,0,81.0
13281,0,3,2,0,,7,3,189.51,0,15.0
13282,1,3,1,4,29.0,119,1,87.64,1,89.0
13283,2,2,1,3,52.0,109,4,68.74,1,96.0
13284,2,3,1,2,22.0,128,1,80.04,1,96.0
13285,0,3,4,0,32.0,13,1,202.98,1,74.0
13286,1,0,5,2,37.0,75,2,84.94,0,32.0
13287,1,0,1,3,24.0,35,2,22.68,1,90.0
13288,2,2,4,3,,149,2,184.2,1,72.0
13289,3,3,4,2,30.0,116,0,170.87,1,82.0
13290,1,2,1,2,37.0,163,1,57.61,1,99.0
13291,1,0,4,0,32.0,44,2,135.72,0,18.0
13292,2,0,0,2,13.0,143,1,26.11,1,97.0
13293,1,0,1,2,47.0,10,3,49.21,0,26.0
13294,0,2,0,1,,66,0,41.83,1,87.0
13295,3,3,4,0,32.0,97,4,88.61,1,97.0
13296,1,1,5,0,25.0,152,1,145.49,1,89.0
13297,0,3,1,3,,89,0,101.84,1,89.0
13298,1,2,4,2,52.0,158,0,143.24,1,93.0
13299,1,0,1,1,32.0,112,3,7.01,0,94.0
13300,2,5,5,3,31.0,89,2,61.53,1,92.0
13301,0,6,5,1,33.0,88,-1,76.96,1,97.0
13302,3,4,1,0,17.0,10,2,,0,20.0
13303,0,2,1,2,31.0,79,3,6.1,1,97.0
13304,1,1,2,1,51.0,83,2,238.01,0,19.0
13305,1,0,1,3,32.0,105,1,41.66,1,89.0
13306,1,3,5,0,23.0,115,2,116.24,1,93.0
13307,1,2,5,1,38.0,165,0,125.71,1,96.0
13308,1,1,5,1,27.0,1,4,133.49,0,20.0
13309,1,3,1,3,33.0,53,3,57.99,1,96.0
13310,0,1,0,1,21.0,92,0,24.69,1,93.0
13311,0,2,1,0,23.0,6,0,28.54,1,85.0
13312,0,1,4,1,41.0,176,1,-10.0,1,90.0
13313,0,4,1,2,35.0,39,1,74.32,0,54.0
13314,1,1,1,4,26.0,44,3,0.0,1,81.0
13315,1,2,4,3,35.0,131,2,214.65,1,89.0
13316,0,0,5,2,27.0,106,2,178.23,1,89.0
13317,0,1,1,2,26.0,33,3,11.68,1,72.0
13318,1,1,4,1,45.0,7,1,160.63,0,10.0
13319,2,0,5,0,41.0,31,2,128.63,1,77.0
13320,0,3,1,0,33.0,145,0,0.0,1,78.0
13321,0,7,1,1,35.0,167,1,49.97,1,80.0
13322,1,0,5,2,,74,4,100.81,1,89.0
13323,0,1,5,1,,36,1,18.23,1,91.0
13324,0,3,0,4,26.0,35,1,0.0,1,85.0
13325,0,0,1,2,42.0,9,2,113.32,1,84.0
13326,0,2,1,2,37.0,69,2,48.0,1,93.0
13327,2,5,5,0,31.0,117,2,96.41,0,28.000000000000004
13328,0,2,1,3,29.0,161,0,,1,97.0
13329,1,5,1,0,42.0,94,3,94.66,1,86.0
13330,0,3,5,2,32.0,71,2,36.36,1,90.0
13331,0,2,5,1,27.0,144,2,66.14,1,94.0
13332,0,2,5,1,30.0,122,0,76.99,0,36.0
13333,1,0,1,2,41.0,60,3,50.28,1,98.0
13334,1,3,1,3,17.0,145,4,0.0,1,95.0
13335,2,3,1,0,,35,1,117.99,0,47.0
13336,0,1,4,0,44.0,160,2,79.6,1,95.0
13337,3,0,5,2,32.0,150,0,21.14,1,93.0
13338,0,0,0,2,36.0,37,3,13.04,1,99.0
13339,0,1,1,3,44.0,157,2,39.02,1,100.0
13340,0,2,5,0,42.0,143,4,179.44,0,36.0
13341,2,1,5,3,29.0,103,2,98.87,1,92.0
13342,0,1,1,0,32.0,91,2,43.45,0,37.0
13343,0,1,4,3,43.0,5,1,195.82,0,14.000000000000002
13344,1,4,5,3,43.0,132,2,88.27,1,93.0
13345,0,1,5,3,33.0,91,2,78.19,1,86.0
13346,0,1,4,1,33.0,0,1,140.0,1,76.0
13347,1,1,3,1,36.0,13,1,85.82,1,89.0
13348,1,3,5,4,47.0,82,2,140.66,1,92.0
13349,1,2,4,0,,30,4,149.36,1,89.0
13350,1,6,1,3,40.0,178,2,25.13,1,98.0
13351,1,2,1,2,23.0,120,2,12.46,1,97.0
13352,0,2,4,2,31.0,78,1,156.06,0,26.0
13353,3,0,5,0,31.0,146,3,104.23,1,92.0
13354,0,0,4,0,48.0,101,1,117.84,1,88.0
13355,1,1,1,2,31.0,31,1,60.25,1,89.0
13356,1,0,3,3,46.0,56,0,92.28,1,43.0
13357,0,2,1,1,28.0,30,2,57.44,0,26.0
13358,1,3,5,0,29.0,57,3,113.07,0,27.0
13359,2,1,0,0,38.0,153,1,0.0,1,93.0
13360,0,1,1,4,49.0,47,3,15.35,1,94.0
13361,0,6,1,4,,122,0,0.0,1,84.0
13362,1,2,5,1,8.0,40,1,63.08,0,17.0
13363,0,6,1,3,18.0,152,1,17.65,0,19.0
13364,1,0,1,3,,174,0,99.14,1,91.0
13365,3,1,1,4,19.0,120,0,58.03,1,87.0
13366,0,2,1,0,,60,1,0.0,1,93.0
13367,1,3,4,2,34.0,131,1,112.91,0,28.999999999999996
13368,1,1,1,4,9.0,158,5,124.54,1,96.0
13369,1,1,1,3,30.0,119,1,42.29,0,30.0
13370,0,4,4,1,22.0,95,1,,0,30.0
13371,1,1,5,3,19.0,111,1,,1,73.0
13372,0,6,5,2,25.0,40,1,23.16,1,86.0
13373,1,6,5,2,23.0,25,0,79.79,1,88.0
13374,0,3,4,0,38.0,18,1,166.62,0,19.0
13375,2,1,1,0,45.0,86,3,82.23,1,86.0
13376,0,1,4,2,30.0,24,3,109.07,1,56.00000000000001
13377,0,0,4,3,28.0,46,4,136.62,1,87.0
13378,1,2,5,0,,7,2,98.65,1,87.0
13379,1,3,5,1,22.0,2,0,113.06,1,35.0
13380,0,2,5,1,,32,5,130.87,1,83.0
13381,1,1,1,2,17.0,111,3,,1,96.0
13382,0,1,1,1,20.0,155,1,37.54,1,98.0
13383,1,3,4,1,50.0,21,2,179.73,0,42.0
13384,1,1,5,0,27.0,98,3,118.74,1,89.0
13385,1,3,0,0,,97,1,28.08,1,90.0
13386,2,3,5,4,28.0,29,1,104.71,0,18.0
13387,1,2,5,0,18.0,46,3,143.21,1,92.0
13388,0,7,0,3,34.0,163,2,24.11,1,85.0
13389,1,1,5,0,33.0,58,4,90.88,1,88.0
13390,0,0,5,2,34.0,13,1,82.38,1,79.0
13391,1,0,1,3,,72,1,,1,88.0
13392,2,1,4,2,30.0,104,2,106.84,1,91.0
13393,2,0,1,3,,13,1,16.46,1,69.0
13394,1,4,1,1,33.0,151,3,58.08,1,97.0
13395,3,3,1,3,44.0,48,2,55.78,0,14.000000000000002
13396,3,0,3,3,52.0,170,2,82.18,1,95.0
13397,2,0,1,3,31.0,2,3,30.26,0,33.0
13398,2,0,1,3,32.0,22,1,0.0,1,75.0
13399,1,2,4,3,39.0,147,2,204.12,1,92.0
13400,0,5,1,1,48.0,108,0,0.0,0,76.0
13401,1,3,5,3,29.0,142,0,32.49,1,95.0
13402,1,0,5,2,40.0,42,2,85.17,1,53.0
13403,3,1,4,3,,70,4,182.86,0,32.0
13404,1,0,5,3,37.0,160,1,144.73,1,93.0
13405,0,2,1,2,,54,3,68.9,0,26.0
13406,2,2,0,0,21.0,125,2,58.99,1,96.0
13407,2,0,2,0,,81,0,177.0,1,89.0
13408,3,0,2,1,43.0,40,3,50.63,1,95.0
13409,1,0,1,3,40.0,145,2,48.73,1,97.0
13410,1,2,5,3,44.0,130,1,128.55,0,32.0
13411,0,2,1,4,42.0,2,0,0.0,1,85.0
13412,1,1,4,3,30.0,99,0,167.67,1,83.0
13413,1,3,4,1,55.0,143,0,97.25,1,85.0
13414,1,7,4,2,35.0,170,2,190.89,1,90.0
13415,0,2,4,3,3.0,22,0,121.95,1,79.0
13416,0,3,4,2,31.0,142,1,255.06,1,82.0
13417,1,0,0,1,29.0,126,4,,1,98.0
13418,0,1,4,0,41.0,57,1,167.0,1,87.0
13419,1,2,5,1,,167,2,86.3,1,98.0
13420,1,2,4,4,44.0,117,1,191.67,0,36.0
13421,0,3,5,1,39.0,165,1,,1,94.0
13422,0,0,1,1,,116,1,,1,98.0
13423,0,1,5,2,32.0,81,2,40.23,1,90.0
13424,1,7,5,1,26.0,101,3,116.5,0,24.0
13425,2,2,1,1,35.0,133,5,9.09,1,100.0
13426,0,2,1,1,,107,2,0.0,0,37.0
13427,0,3,5,1,34.0,45,1,80.65,1,89.0
13428,0,0,1,2,31.0,5,0,14.43,0,20.0
13429,2,1,1,1,32.0,122,2,39.81,1,95.0
13430,0,1,0,0,54.0,91,1,19.31,1,70.0
13431,0,1,2,1,30.0,147,6,136.61,1,100.0
13432,3,1,5,1,14.0,18,0,105.32,1,82.0
13433,0,4,0,3,44.0,13,3,52.0,0,28.000000000000004
13434,0,2,5,3,44.0,64,0,17.28,0,65.0
13435,0,2,5,3,14.0,95,2,74.29,1,97.0
13436,1,1,1,1,26.0,156,4,36.95,1,100.0
13437,1,1,1,0,38.0,158,1,0.0,1,98.0
13438,0,1,5,0,39.0,152,2,102.8,0,39.0
13439,3,3,0,3,33.0,45,1,30.87,1,43.0
13440,3,3,5,3,34.0,179,7,78.14,1,99.0
13441,1,2,1,1,24.0,15,1,2.74,0,20.0
13442,0,2,1,0,10.0,107,0,14.13,1,73.0
13443,1,1,4,4,54.0,138,0,202.79,0,20.0
13444,3,3,1,3,24.0,17,3,84.91,0,32.0
13445,3,0,5,0,35.0,107,3,52.53,1,96.0
13446,0,3,1,3,32.0,68,2,23.01,1,96.0
13447,2,2,1,3,,119,1,0.0,1,95.0
13448,0,3,1,2,,87,2,26.7,1,89.0
13449,0,2,0,2,35.0,89,4,40.32,1,97.0
13450,1,1,1,4,7.0,15,2,32.59,1,88.0
13451,0,0,1,3,,101,-1,0.0,1,94.0
13452,0,1,5,1,41.0,133,1,133.83,1,92.0
13453,0,1,5,2,40.0,179,2,65.72,1,98.0
13454,1,0,1,0,,124,1,0.0,1,97.0
13455,3,0,4,2,18.0,119,5,126.27,1,87.0
13456,1,0,1,2,,75,1,72.27,0,66.0
13457,0,2,1,2,,72,2,58.44,1,94.0
13458,0,1,5,4,22.0,176,6,83.05,1,96.0
13459,0,2,1,2,51.0,40,3,27.28,1,77.0
13460,0,0,1,3,48.0,105,6,,1,97.0
13461,1,2,1,3,,120,1,70.02,1,99.0
13462,1,0,4,2,37.0,88,0,196.62,0,16.0
13463,0,3,5,1,14.0,117,1,136.94,1,93.0
13464,0,0,1,1,,155,3,38.11,1,100.0
13465,1,1,1,0,31.0,158,2,77.74,1,98.0
13466,0,1,4,0,,179,2,124.11,1,96.0
13467,0,1,5,3,30.0,65,2,87.67,0,28.999999999999996
13468,0,6,0,4,46.0,45,3,-10.0,1,62.0
13469,2,1,1,2,28.0,107,2,59.23,1,95.0
13470,1,4,1,1,30.0,3,3,94.46,1,85.0
13471,1,3,5,3,41.0,149,1,60.45,0,35.0
13472,0,1,4,1,19.0,172,5,194.29,1,99.0
13473,0,2,1,0,25.0,155,1,0.0,1,100.0
13474,0,3,1,0,26.0,137,1,0.0,1,90.0
13475,2,1,2,2,34.0,176,0,174.8,0,24.0
13476,2,1,5,2,30.0,94,1,156.29,1,86.0
13477,3,3,5,3,,105,0,,1,83.0
13478,0,1,1,1,27.0,79,0,-10.0,1,89.0
13479,0,2,5,3,23.0,50,2,84.95,1,91.0
13480,0,0,5,3,40.0,170,2,40.37,1,98.0
13481,1,0,1,1,30.0,133,3,35.78,1,100.0
13482,0,3,4,3,40.0,120,2,,1,77.0
13483,1,4,4,2,22.0,152,2,144.77,1,76.0
13484,3,1,5,1,27.0,3,3,94.93,1,84.0
13485,0,5,5,1,,151,0,57.45,1,91.0
13486,0,2,1,3,32.0,90,2,6.26,1,80.0
13487,1,0,1,1,41.0,53,0,0.0,1,86.0
13488,1,7,0,2,29.0,2,3,0.0,1,86.0
13489,1,1,5,2,41.0,174,1,155.17,1,92.0
13490,0,3,1,4,37.0,29,2,51.67,1,88.0
13491,1,1,4,0,32.0,75,2,86.91,1,88.0
13492,0,1,1,0,24.0,40,1,47.62,0,18.0
13493,2,6,5,0,41.0,105,0,104.62,1,92.0
13494,2,0,5,3,24.0,58,3,,0,27.0
13495,0,2,5,0,33.0,39,1,36.82,0,31.0
13496,1,4,4,0,33.0,44,2,183.14,0,17.0
13497,2,7,2,0,31.0,149,3,156.19,1,95.0
13498,2,0,0,0,30.0,14,4,40.18,0,68.0
13499,1,3,1,4,25.0,16,4,57.06,1,93.0
13500,0,1,0,0,17.0,107,1,0.0,1,90.0
13501,1,3,5,1,48.0,24,1,106.42,1,77.0
13502,2,3,1,2,29.0,42,6,52.79,1,96.0
13503,3,1,5,1,32.0,178,1,95.7,1,92.0
13504,1,3,1,3,32.0,60,1,0.0,1,91.0
13505,2,3,5,3,44.0,172,1,79.42,1,95.0
13506,0,5,5,3,53.0,130,4,141.71,1,96.0
13507,3,1,5,2,35.0,163,4,83.37,1,98.0
13508,0,1,5,0,,27,1,116.72,0,18.0
13509,2,4,1,3,22.0,106,3,50.71,1,97.0
13510,1,1,1,0,19.0,123,1,75.81,1,96.0
13511,1,1,5,3,16.0,172,3,150.3,1,94.0
13512,1,3,1,2,26.0,83,3,0.0,1,97.0
13513,3,6,2,1,13.0,148,1,133.85,1,93.0
13514,2,2,4,1,44.0,26,0,161.72,0,11.0
13515,2,0,2,2,,82,0,244.73,1,85.0
13516,3,0,1,0,,99,3,73.93,1,95.0
13517,1,2,5,3,45.0,75,1,106.91,0,20.0
13518,1,2,1,1,23.0,34,5,52.59,1,95.0
13519,1,1,1,2,25.0,175,0,0.0,1,92.0
13520,1,7,1,0,14.0,96,1,52.38,1,82.0
13521,1,1,1,1,41.0,99,3,0.0,1,95.0
13522,0,0,1,2,25.0,150,0,36.55,1,98.0
13523,1,2,1,3,34.0,12,2,49.9,1,76.0
13524,1,0,4,2,44.0,157,3,196.8,1,96.0
13525,1,1,1,0,47.0,147,4,0.0,1,90.0
13526,1,0,4,1,,5,1,146.23,0,11.0
13527,3,0,1,3,37.0,146,1,0.0,0,30.0
13528,0,3,1,0,,73,2,83.29,1,93.0
13529,3,0,5,2,50.0,9,0,154.48,0,32.0
13530,0,1,3,1,32.0,20,2,121.83,0,20.0
13531,1,3,1,1,34.0,126,3,0.0,1,96.0
13532,0,0,0,4,29.0,55,2,29.04,1,81.0
13533,1,1,1,3,45.0,56,4,52.53,0,30.0
13534,1,2,1,0,35.0,129,3,41.23,1,98.0
13535,1,7,5,1,41.0,38,1,106.74,1,75.0
13536,1,0,3,1,37.0,60,1,93.73,0,52.0
13537,1,0,1,1,31.0,172,0,41.04,1,98.0
13538,1,3,4,3,43.0,109,1,,0,18.0
13539,0,1,1,1,37.0,155,1,64.71,1,97.0
13540,1,0,5,1,24.0,145,2,14.72,1,94.0
13541,1,1,5,0,24.0,13,1,,1,49.0
13542,2,3,4,1,35.0,58,1,66.75,1,59.0
13543,1,0,1,4,43.0,108,0,77.83,1,72.0
13544,1,2,5,0,50.0,146,2,85.49,1,94.0
13545,2,2,1,1,16.0,40,0,14.71,1,57.99999999999999
13546,1,6,5,0,,139,3,132.14,1,93.0
13547,1,3,1,4,38.0,147,0,59.56,1,91.0
13548,0,0,1,4,36.0,161,2,11.55,1,95.0
13549,1,7,4,0,44.0,124,3,222.51,1,89.0
13550,0,0,0,0,40.0,35,0,30.23,1,76.0
13551,2,2,4,3,24.0,20,2,160.82,0,71.0
13552,1,2,4,1,23.0,55,1,173.0,1,67.0
13553,0,1,5,3,37.0,40,2,97.23,0,30.0
13554,0,3,1,1,43.0,126,6,36.18,1,100.0
13555,1,3,1,0,35.0,168,2,65.03,1,98.0
13556,0,1,4,4,,170,4,148.64,1,96.0
13557,1,2,0,0,23.0,105,7,66.47,1,97.0
13558,0,2,5,1,40.0,85,2,47.18,1,99.0
13559,1,3,5,0,30.0,37,1,90.07,1,87.0
13560,0,4,4,1,35.0,145,5,175.59,1,97.0
13561,1,2,5,1,44.0,7,3,,1,91.0
13562,2,1,5,1,21.0,147,3,76.94,1,95.0
13563,1,1,1,0,29.0,105,2,55.84,1,96.0
13564,0,5,1,1,28.0,145,0,0.0,1,95.0
13565,0,3,1,0,37.0,107,0,60.35,1,93.0
13566,0,3,2,3,41.0,129,2,181.65,1,83.0
13567,0,7,5,1,,169,3,81.01,1,92.0
13568,0,3,5,2,33.0,63,4,68.0,1,97.0
13569,0,1,5,2,42.0,43,3,,1,96.0
13570,2,1,5,0,,178,3,155.61,1,91.0
13571,1,3,1,2,33.0,100,3,14.34,0,24.0
13572,0,3,1,0,21.0,105,0,0.0,0,18.0
13573,2,1,1,0,27.0,64,1,0.0,1,95.0
13574,3,3,5,2,8.0,64,1,95.32,0,65.0
13575,2,3,1,2,47.0,117,2,6.2,0,98.0
13576,1,3,5,3,30.0,123,2,27.31,1,100.0
13577,1,3,5,0,25.0,107,3,47.51,1,98.0
13578,0,2,1,2,37.0,94,0,73.33,1,91.0
13579,0,3,0,3,23.0,166,0,66.43,1,81.0
13580,0,1,0,3,22.0,135,1,0.0,0,32.0
13581,0,1,1,0,49.0,66,0,0.0,1,82.0
13582,2,1,5,1,52.0,110,2,-10.0,1,93.0
13583,1,1,1,2,28.0,75,1,,1,68.0
13584,2,3,4,2,44.0,48,3,139.43,1,82.0
13585,0,2,5,2,37.0,163,1,84.96,1,99.0
13586,1,0,1,2,19.0,6,2,0.0,0,24.0
13587,0,0,5,2,24.0,14,2,97.14,1,89.0
13588,0,0,5,4,49.0,84,1,30.89,1,91.0
13589,1,4,5,3,,152,0,61.57,1,95.0
13590,1,1,1,0,56.0,37,5,113.22,1,95.0
13591,3,3,1,3,28.0,36,2,17.03,0,27.0
13592,1,3,1,2,49.0,121,3,26.35,1,94.0
13593,0,0,1,0,30.0,15,0,0.0,1,84.0
13594,0,0,5,2,41.0,0,0,,1,74.0
13595,0,2,5,0,47.0,174,3,126.16,1,98.0
13596,0,6,4,3,,179,2,196.21,1,83.0
13597,1,2,1,0,28.0,36,2,,1,92.0
13598,0,1,1,3,25.0,44,2,27.69,1,62.0
13599,1,3,5,2,33.0,141,1,92.62,1,95.0
13600,0,1,0,0,20.0,161,1,91.97,1,90.0
13601,1,1,1,1,36.0,158,3,61.16,1,99.0
13602,0,3,5,1,25.0,82,0,117.18,0,53.0
13603,1,2,1,3,44.0,171,5,34.91,1,100.0
13604,1,3,3,3,28.0,22,1,34.58,0,18.0
13605,1,0,0,3,,93,2,3.46,0,34.0
13606,1,2,5,3,48.0,80,3,0.0,1,89.0
13607,2,3,4,2,35.0,65,0,144.42,0,17.0
13608,1,1,1,4,34.0,138,2,0.0,1,96.0
13609,3,3,4,3,,176,1,239.31,1,88.0
13610,3,2,5,0,42.0,57,1,93.09,1,94.0
13611,0,0,4,0,26.0,28,1,234.48,0,8.0
13612,1,5,1,2,29.0,82,2,0.0,1,89.0
13613,1,0,5,3,22.0,178,3,132.52,1,95.0
13614,0,0,1,0,19.0,128,1,47.85,1,95.0
13615,1,1,5,3,39.0,132,1,125.41,1,74.0
13616,1,3,5,0,37.0,114,2,75.77,1,83.0
13617,0,3,1,2,41.0,33,4,25.59,1,86.0
13618,2,4,4,0,46.0,124,1,182.77,1,53.0
13619,0,3,1,3,41.0,77,2,36.64,1,97.0
13620,1,2,0,3,42.0,18,0,10.57,0,27.0
13621,0,0,5,2,13.0,87,1,30.22,1,92.0
13622,1,0,5,1,30.0,167,1,145.24,0,88.0
13623,1,0,0,3,43.0,80,4,,1,92.0
13624,2,2,1,1,22.0,94,1,45.41,1,96.0
13625,1,0,4,3,34.0,71,1,163.87,1,78.0
13626,1,3,5,2,39.0,144,3,0.0,1,97.0
13627,1,3,1,0,38.0,37,3,38.7,1,94.0
13628,2,3,0,1,37.0,170,3,30.03,1,97.0
13629,0,3,2,0,39.0,39,3,163.13,0,18.0
13630,0,0,5,2,35.0,172,0,106.13,1,94.0
13631,0,2,4,2,19.0,167,1,100.09,1,95.0
13632,1,1,1,2,39.0,119,2,59.38,1,97.0
13633,0,3,5,4,,87,1,54.12,0,81.0
13634,1,5,5,3,19.0,89,1,68.2,0,34.0
13635,1,1,1,3,47.0,29,4,27.4,1,94.0
13636,0,0,3,3,39.0,162,3,136.5,1,89.0
13637,3,3,5,1,20.0,171,1,80.0,1,90.0
13638,1,3,1,2,25.0,131,0,0.0,1,96.0
13639,1,3,4,1,28.0,132,0,211.3,0,24.0
13640,1,1,2,3,28.0,175,1,116.95,1,96.0
13641,1,3,4,0,,65,0,139.51,1,93.0
13642,3,3,4,1,24.0,94,1,213.11,1,82.0
13643,0,2,1,0,45.0,26,1,53.08,0,22.0
13644,0,0,0,3,44.0,151,3,3.09,0,88.0
13645,0,3,4,1,40.0,55,0,118.96,1,80.0
13646,1,3,1,1,34.0,44,2,,1,84.0
13647,0,0,1,1,43.0,67,1,,0,28.999999999999996
13648,0,0,5,0,31.0,155,1,138.34,1,83.0
13649,0,1,1,3,26.0,4,2,39.64,0,22.0
13650,3,1,5,2,45.0,107,2,53.71,1,99.0
13651,0,1,1,2,37.0,46,2,53.1,0,30.0
13652,1,0,1,3,27.0,132,2,114.23,1,86.0
13653,2,2,4,1,,4,0,186.72,0,10.0
13654,1,3,5,2,26.0,175,1,75.24,1,99.0
13655,1,0,5,1,54.0,120,3,107.84,1,94.0
13656,1,2,5,3,34.0,72,0,,1,92.0
13657,1,0,4,0,35.0,46,5,208.93,1,75.0
13658,0,2,5,1,41.0,154,2,82.29,1,97.0
13659,0,0,5,0,21.0,3,0,87.66,0,59.0
13660,3,0,4,0,44.0,176,2,181.45,1,92.0
13661,0,2,1,4,27.0,90,1,29.5,1,74.0
13662,0,6,4,3,52.0,64,0,134.22,1,46.0
13663,1,2,1,0,,95,3,73.56,1,95.0
13664,1,2,5,0,44.0,79,0,104.96,0,13.0
13665,0,2,1,2,9.0,86,2,74.23,1,91.0
13666,0,2,5,2,22.0,60,1,37.52,0,35.0
13667,2,2,5,3,31.0,147,3,-10.0,1,91.0
13668,1,2,4,1,13.0,99,2,143.66,1,85.0
13669,1,0,4,0,,118,3,139.38,1,93.0
13670,0,2,4,1,37.0,108,2,150.0,0,35.0
13671,1,2,0,0,24.0,135,2,0.0,1,94.0
13672,1,0,2,3,33.0,81,1,217.27,1,79.0
13673,0,0,1,1,42.0,12,4,,1,93.0
13674,1,1,4,3,12.0,164,1,144.09,1,90.0
13675,0,1,1,0,21.0,42,5,32.4,1,88.0
13676,1,2,5,3,30.0,91,3,129.58,1,98.0
13677,1,2,4,1,34.0,177,1,84.43,1,98.0
13678,1,1,4,2,33.0,19,2,181.99,1,79.0
13679,2,5,5,3,42.0,47,1,49.04,1,85.0
13680,1,3,5,1,38.0,99,0,39.4,1,88.0
13681,0,3,1,3,40.0,18,0,2.39,1,97.0
13682,1,2,5,3,20.0,68,1,54.06,1,84.0
13683,0,3,3,4,35.0,16,0,100.96,1,78.0
13684,1,1,1,1,30.0,155,1,0.0,1,99.0
13685,0,2,1,1,48.0,35,3,0.0,0,84.0
13686,0,0,1,1,35.0,165,2,73.16,1,96.0
13687,3,0,5,0,27.0,81,1,134.3,0,28.000000000000004
13688,1,1,1,3,42.0,69,2,8.33,1,94.0
13689,1,3,1,2,39.0,115,2,0.0,1,95.0
13690,1,0,1,1,25.0,153,3,3.36,1,99.0
13691,2,3,5,2,30.0,0,1,95.26,1,81.0
13692,0,0,5,0,30.0,80,4,111.02,1,92.0
13693,0,3,3,0,46.0,129,1,87.07,0,25.0
13694,1,0,5,4,36.0,163,0,101.22,0,54.0
13695,1,0,1,1,41.0,34,2,48.52,1,66.0
13696,1,2,1,2,29.0,126,1,,1,97.0
13697,3,2,4,1,37.0,26,2,172.93,1,84.0
13698,0,1,1,1,47.0,45,1,127.1,0,20.0
13699,3,4,1,0,30.0,147,0,5.58,1,97.0
13700,1,3,5,2,35.0,7,2,30.49,1,89.0
13701,0,0,1,0,,92,0,105.52,1,87.0
13702,0,3,4,3,26.0,71,0,232.92,1,87.0
13703,1,3,1,0,30.0,113,2,105.65,1,94.0
13704,2,0,5,1,23.0,90,3,67.21,1,81.0
13705,3,3,0,2,47.0,25,3,60.19,1,86.0
13706,2,1,1,3,25.0,102,0,52.12,1,85.0
13707,0,2,0,3,41.0,61,1,0.0,1,91.0
13708,1,3,4,3,35.0,93,0,141.37,1,83.0
13709,1,0,2,3,,160,0,133.0,0,39.0
13710,3,2,1,2,48.0,60,2,10.76,1,87.0
13711,1,1,4,1,11.0,147,2,193.4,1,79.0
13712,0,3,5,4,32.0,67,2,53.57,1,91.0
13713,0,3,4,1,23.0,28,1,149.69,0,11.0
13714,0,2,4,0,14.0,45,3,188.24,1,87.0
13715,3,3,1,1,22.0,164,2,0.0,0,28.000000000000004
13716,1,4,5,3,34.0,100,2,43.57,1,94.0
13717,1,2,5,0,,89,2,60.69,1,96.0
13718,1,2,1,0,42.0,132,4,31.84,1,95.0
13719,0,3,1,0,31.0,87,2,61.35,0,25.0
13720,1,1,4,4,30.0,126,4,165.57,1,96.0
13721,1,1,4,1,30.0,106,0,59.35,1,65.0
13722,2,1,5,2,33.0,65,3,77.52,0,81.0
13723,3,1,4,1,29.0,142,2,162.3,1,95.0
13724,1,2,4,3,25.0,45,1,137.86,1,88.0
13725,1,2,1,3,43.0,7,1,25.3,0,68.0
13726,3,3,1,0,27.0,164,1,0.0,1,91.0
13727,1,1,1,1,30.0,100,1,0.0,0,34.0
13728,1,1,1,3,38.0,141,3,0.0,1,95.0
13729,1,3,1,3,,132,2,,1,98.0
13730,0,3,5,2,25.0,72,0,55.44,0,28.999999999999996
13731,1,3,4,1,41.0,122,2,195.11,1,96.0
13732,3,0,4,0,39.0,42,2,182.07,1,74.0
13733,0,3,3,0,35.0,176,0,122.46,0,27.0
13734,0,3,4,0,29.0,122,4,162.48,1,96.0
13735,1,0,5,1,29.0,171,1,59.27,1,99.0
13736,0,1,4,3,31.0,47,2,151.6,0,11.0
13737,0,2,0,3,21.0,157,3,25.01,1,98.0
13738,0,1,1,4,33.0,160,1,55.52,1,96.0
13739,0,2,4,2,42.0,164,1,145.63,1,97.0
13740,0,2,1,3,42.0,177,2,21.28,1,99.0
13741,3,3,3,3,30.0,6,4,66.35,0,31.0
13742,2,3,1,1,44.0,170,4,54.93,1,99.0
13743,0,0,5,2,53.0,39,1,174.06,0,53.0
13744,1,1,4,0,30.0,31,1,194.41,0,21.0
13745,1,1,1,0,40.0,104,0,24.56,0,33.0
13746,1,6,4,0,11.0,93,5,183.4,1,97.0
13747,0,3,1,4,21.0,110,0,0.0,1,89.0
13748,0,3,1,3,34.0,88,2,30.55,1,94.0
13749,0,1,1,3,23.0,76,4,21.28,1,93.0
13750,2,0,5,1,54.0,8,2,,0,30.0
13751,2,3,0,0,39.0,136,2,63.03,1,97.0
13752,3,0,5,3,43.0,63,2,46.72,1,93.0
13753,1,5,1,4,33.0,172,6,81.66,1,96.0
13754,0,1,0,3,23.0,90,2,59.05,1,61.0
13755,1,0,5,0,28.0,94,4,116.39,1,93.0
13756,1,3,1,3,36.0,92,1,30.38,1,83.0
13757,1,1,1,4,27.0,93,0,,1,91.0
13758,1,2,1,0,40.0,165,4,26.38,1,100.0
13759,0,1,5,0,41.0,173,1,75.83,1,99.0
13760,2,3,5,2,34.0,123,3,85.92,1,94.0
13761,1,2,1,1,15.0,69,1,44.54,1,87.0
13762,0,1,1,1,51.0,102,1,81.1,1,72.0
13763,0,7,1,0,31.0,63,2,6.39,1,89.0
13764,1,3,1,0,61.0,94,1,36.39,1,87.0
13765,0,1,4,0,40.0,162,3,110.48,1,97.0
13766,1,3,5,2,31.0,11,0,98.28,0,14.000000000000002
13767,0,0,5,3,38.0,47,0,18.56,0,20.0
13768,0,2,1,2,13.0,62,1,0.0,0,24.0
13769,1,0,5,3,44.0,172,2,71.76,1,98.0
13770,1,1,4,3,59.0,5,2,96.52,0,18.0
13771,0,0,5,1,13.0,44,2,54.22,1,91.0
13772,3,1,5,2,31.0,89,5,115.22,1,99.0
13773,1,1,5,2,32.0,100,1,0.0,1,67.0
13774,0,7,5,0,42.0,159,3,91.51,1,84.0
13775,0,3,1,2,55.0,103,2,,1,99.0
13776,3,1,5,3,37.0,130,3,161.59,0,27.0
13777,2,2,1,3,,126,1,0.0,1,98.0
13778,0,6,5,2,35.0,129,3,85.67,1,94.0
13779,0,2,4,1,38.0,19,3,212.63,1,88.0
13780,2,0,4,1,37.0,38,2,125.36,0,24.0
13781,1,1,1,0,46.0,139,4,42.59,1,98.0
13782,1,7,1,0,29.0,35,1,75.52,1,55.00000000000001
13783,1,0,1,3,,91,1,78.23,1,93.0
13784,2,0,5,2,21.0,8,1,82.22,0,13.0
13785,2,3,4,3,31.0,43,1,153.59,0,9.0
13786,1,1,5,3,27.0,74,1,68.9,1,94.0
13787,0,4,1,2,34.0,52,2,28.34,1,88.0
13788,0,5,2,3,30.0,29,2,230.3,0,34.0
13789,1,1,4,3,45.0,114,4,175.23,1,98.0
13790,3,1,1,1,25.0,65,2,0.0,1,94.0
13791,1,3,5,0,16.0,37,3,73.4,1,91.0
13792,1,1,5,4,20.0,37,4,173.52,0,30.0
13793,0,0,5,0,43.0,160,2,97.96,1,95.0
13794,0,3,4,0,24.0,54,3,142.78,1,95.0
13795,1,3,0,0,37.0,75,3,0.0,1,85.0
13796,0,0,5,1,,115,1,138.16,1,94.0
13797,0,3,5,2,42.0,84,2,189.43,0,19.0
13798,1,0,4,3,31.0,22,3,197.62,1,91.0
13799,1,2,4,2,61.0,141,2,159.9,1,85.0
13800,0,0,4,2,52.0,95,2,132.69,0,56.99999999999999
13801,1,3,5,0,30.0,48,2,82.75,1,91.0
13802,3,0,2,0,29.0,112,3,148.52,1,98.0
13803,2,2,1,1,65.0,113,1,64.06,0,28.000000000000004
13804,3,1,1,1,23.0,44,3,58.03,1,96.0
13805,1,1,1,3,33.0,154,1,41.98,1,96.0
13806,3,1,4,2,,95,3,176.55,1,96.0
13807,0,3,4,2,33.0,48,0,125.7,1,88.0
13808,1,2,1,3,16.0,1,1,96.92,1,86.0
13809,1,0,1,0,38.0,102,0,0.0,0,20.0
13810,1,0,4,1,24.0,58,3,135.82,0,23.0
13811,0,0,3,3,48.0,59,2,117.85,1,90.0
13812,0,0,4,2,19.0,21,2,146.24,1,91.0
13813,1,3,1,3,34.0,88,4,32.37,1,97.0
13814,0,3,1,3,11.0,105,3,25.35,1,90.0
13815,1,2,1,2,12.0,173,3,54.23,1,100.0
13816,0,0,1,2,25.0,52,3,0.0,1,95.0
13817,1,1,1,1,27.0,18,1,55.96,1,81.0
13818,2,3,1,1,48.0,48,3,0.0,1,91.0
13819,2,2,1,2,33.0,16,5,115.64,1,96.0
13820,0,6,1,1,46.0,126,2,1.88,1,96.0
13821,1,3,4,1,30.0,154,1,154.26,1,96.0
13822,1,1,1,1,40.0,18,3,0.0,1,98.0
13823,2,1,1,2,26.0,29,2,0.0,1,91.0
13824,1,0,2,0,26.0,77,1,83.1,1,89.0
13825,1,3,3,0,15.0,173,1,54.2,1,99.0
13826,1,1,5,1,37.0,105,1,,0,25.0
13827,0,3,3,0,,63,1,134.14,0,79.0
13828,0,2,4,1,41.0,31,1,208.49,0,22.0
13829,2,6,4,0,,150,0,180.85,1,82.0
13830,1,6,5,0,54.0,35,2,21.32,1,89.0
13831,1,7,4,3,35.0,9,1,161.77,1,75.0
13832,2,0,5,4,43.0,58,2,107.05,1,88.0
13833,2,0,1,0,30.0,101,2,0.0,1,92.0
13834,1,1,2,4,24.0,117,4,115.83,0,40.0
13835,0,3,5,3,41.0,156,1,,1,86.0
13836,1,0,4,0,33.0,10,3,211.26,1,87.0
13837,3,3,1,3,42.0,165,-1,60.34,1,95.0
13838,1,0,1,4,37.0,78,5,0.0,1,92.0
13839,3,2,4,3,26.0,159,2,176.46,1,67.0
13840,0,2,1,3,44.0,90,2,56.39,1,93.0
13841,0,1,4,2,25.0,101,2,150.04,0,35.0
13842,1,2,4,1,40.0,179,1,133.99,1,90.0
13843,0,0,4,2,46.0,128,1,146.64,1,85.0
13844,0,5,5,1,30.0,13,1,136.12,0,14.000000000000002
13845,1,1,5,0,45.0,130,2,81.46,1,92.0
13846,0,2,4,1,37.0,29,1,195.57,1,78.0
13847,3,3,3,2,42.0,158,2,80.06,1,96.0
13848,0,2,5,1,25.0,128,0,112.38,0,22.0
13849,0,6,4,2,36.0,173,2,255.39,1,73.0
13850,1,1,5,4,19.0,141,4,11.25,1,97.0
13851,0,2,4,0,51.0,163,3,142.23,1,99.0
13852,1,0,1,0,13.0,173,3,56.83,1,99.0
13853,0,1,1,1,30.0,163,1,0.0,1,100.0
13854,3,2,1,1,24.0,170,2,59.27,1,87.0
13855,0,3,1,0,40.0,104,4,76.48,1,96.0
13856,1,0,5,1,53.0,42,2,19.1,1,94.0
13857,1,3,1,3,40.0,142,0,79.94,1,95.0
13858,0,0,4,0,63.0,37,1,124.31,0,50.0
13859,0,3,1,0,20.0,88,5,95.08,1,96.0
13860,2,2,1,2,20.0,43,2,,1,92.0
13861,2,0,1,2,25.0,108,3,54.1,1,97.0
13862,0,1,3,3,35.0,54,2,37.44,1,82.0
13863,1,1,1,1,23.0,54,1,0.0,1,87.0
13864,1,7,1,3,26.0,77,2,0.0,1,93.0
13865,1,7,5,1,40.0,106,1,74.7,1,93.0
13866,1,3,1,2,21.0,56,1,21.31,1,83.0
13867,0,0,1,1,22.0,129,2,85.75,0,34.0
13868,0,1,5,4,30.0,123,1,62.48,1,95.0
13869,0,2,1,4,30.0,161,1,14.68,1,99.0
13870,1,0,1,0,44.0,48,1,42.99,1,80.0
13871,1,3,1,1,24.0,63,3,62.54,1,96.0
13872,1,1,1,2,,86,4,17.62,1,99.0
13873,1,3,5,3,39.0,135,2,132.55,1,77.0
13874,2,2,0,2,42.0,68,2,11.13,1,75.0
13875,1,6,4,2,,170,0,129.79,1,95.0
13876,0,1,2,2,38.0,61,3,185.04,1,89.0
13877,1,0,1,0,35.0,120,2,0.0,1,94.0
13878,2,2,4,2,,51,1,181.79,1,87.0
13879,0,2,1,1,31.0,32,0,47.52,0,26.0
13880,1,2,1,0,,19,2,49.11,1,94.0
13881,0,2,1,0,16.0,111,2,34.47,1,99.0
13882,0,3,1,0,42.0,36,2,84.91,0,43.0
13883,3,3,5,2,36.0,105,1,109.6,1,88.0
13884,1,0,1,3,41.0,104,1,62.42,0,83.0
13885,2,1,4,2,5.0,50,1,221.81,0,11.0
13886,3,1,5,2,33.0,28,5,90.61,1,74.0
13887,3,1,1,3,25.0,136,4,81.36,1,96.0
13888,0,2,5,2,49.0,85,2,62.4,1,94.0
13889,0,3,4,1,40.0,39,2,199.22,0,17.0
13890,0,3,0,3,,170,1,,1,86.0
13891,0,0,1,1,29.0,99,2,20.15,1,96.0
13892,0,1,0,1,37.0,22,3,64.75,0,88.0
13893,0,7,1,0,24.0,102,1,0.0,1,91.0
13894,0,0,5,0,33.0,7,2,46.02,0,25.0
13895,0,1,1,3,28.0,73,0,15.62,0,61.0
13896,2,6,5,4,56.0,63,1,79.44,1,87.0
13897,1,3,5,1,,150,3,83.61,1,95.0
13898,2,3,5,2,,92,1,127.26,1,95.0
13899,0,1,0,4,19.0,119,3,15.88,1,89.0
13900,2,2,1,4,42.0,108,1,78.73,1,95.0
13901,0,2,1,0,35.0,95,0,47.96,1,95.0
13902,1,7,1,0,,141,0,26.63,1,94.0
13903,3,1,2,3,37.0,79,0,121.96,0,23.0
13904,1,0,1,1,33.0,102,1,,1,94.0
13905,2,3,1,2,36.0,16,0,34.88,1,82.0
13906,0,2,1,1,15.0,19,0,0.0,0,49.0
13907,0,0,4,2,26.0,114,1,223.94,0,14.000000000000002
13908,1,1,5,2,37.0,11,1,-10.0,1,85.0
13909,0,6,5,2,45.0,123,4,67.37,1,100.0
13910,1,0,1,1,28.0,121,3,0.0,1,96.0
13911,1,3,1,0,33.0,71,2,0.0,1,70.0
13912,1,2,5,3,17.0,168,1,62.98,1,98.0
13913,1,1,2,3,,84,3,149.26,1,96.0
13914,3,2,5,0,45.0,159,3,13.47,1,99.0
13915,3,3,5,3,40.0,164,4,62.95,1,93.0
13916,1,1,1,2,38.0,109,-1,14.23,1,96.0
13917,0,3,0,3,49.0,17,2,68.17,0,28.000000000000004
13918,1,0,4,4,25.0,28,3,170.77,1,84.0
13919,0,6,1,0,24.0,134,4,7.42,1,91.0
13920,2,3,4,0,44.0,39,4,137.8,0,77.0
13921,3,0,1,0,43.0,100,0,0.0,1,82.0
13922,0,1,1,0,22.0,119,3,71.72,1,94.0
13923,0,5,5,1,28.0,133,4,83.77,1,98.0
13924,1,0,1,2,50.0,147,2,27.16,1,98.0
13925,3,4,1,2,38.0,54,1,4.26,1,93.0
13926,1,1,1,2,41.0,72,1,0.0,1,86.0
13927,0,7,3,3,22.0,87,3,107.22,0,28.000000000000004
13928,0,0,1,2,40.0,124,1,70.31,1,95.0
13929,0,3,0,3,19.0,160,2,3.63,1,98.0
13930,1,1,5,1,,21,0,21.41,1,85.0
13931,3,3,0,3,41.0,49,1,40.84,0,22.0
13932,1,3,4,2,48.0,26,2,102.16,0,41.0
13933,0,0,1,0,31.0,47,1,67.1,1,73.0
13934,1,3,5,1,28.0,65,2,44.72,1,90.0
13935,1,3,1,2,51.0,140,1,64.91,0,35.0
13936,0,3,5,2,32.0,129,3,75.59,1,100.0
13937,0,1,5,2,33.0,45,0,128.91,1,48.0
13938,1,1,4,1,50.0,70,4,111.61,1,85.0
13939,1,2,1,4,30.0,127,3,0.0,1,98.0
13940,0,1,1,0,27.0,10,2,34.25,0,26.0
13941,0,1,5,0,42.0,25,1,,1,85.0
13942,2,6,1,2,26.0,48,3,49.8,1,95.0
13943,1,2,1,3,32.0,62,4,25.18,1,93.0
13944,1,0,4,2,20.0,20,5,175.17,0,32.0
13945,1,4,1,0,,176,4,0.0,1,99.0
13946,1,1,4,1,34.0,78,0,177.69,0,56.00000000000001
13947,0,3,1,3,43.0,79,4,30.8,1,97.0
13948,0,0,5,3,42.0,8,2,64.01,0,19.0
13949,1,0,5,2,39.0,148,2,21.86,1,86.0
13950,1,1,5,1,37.0,115,2,,1,78.0
13951,1,7,2,3,,119,1,129.24,1,94.0
13952,2,2,1,0,40.0,54,0,0.0,1,92.0
13953,3,2,4,2,22.0,40,0,239.68,1,90.0
13954,1,1,5,2,10.0,5,2,95.74,1,78.0
13955,1,1,1,0,45.0,0,2,0.0,1,85.0
13956,2,3,4,0,40.0,94,1,198.43,0,20.0
13957,3,1,1,0,32.0,132,1,28.08,1,93.0
13958,0,1,4,3,44.0,25,2,206.48,1,80.0
13959,1,1,1,1,26.0,0,3,0.0,1,93.0
13960,1,3,4,3,26.0,0,2,170.76,1,72.0
13961,0,1,5,4,25.0,92,6,63.64,1,97.0
13962,1,0,1,2,39.0,37,2,24.43,1,85.0
13963,1,3,5,1,18.0,40,1,146.68,1,87.0
13964,0,4,1,0,26.0,155,4,,1,99.0
13965,1,3,1,3,,132,7,0.0,1,98.0
13966,0,0,1,0,21.0,148,4,49.74,1,95.0
13967,1,3,1,2,27.0,62,1,0.0,1,84.0
13968,1,2,1,4,11.0,85,0,5.38,1,86.0
13969,0,1,5,4,40.0,83,0,63.61,0,31.0
13970,1,1,1,4,27.0,139,2,39.27,1,97.0
13971,3,3,3,3,23.0,133,2,87.27,1,87.0
13972,0,0,1,4,21.0,156,1,10.0,1,87.0
13973,1,6,5,1,29.0,108,5,76.49,1,96.0
13974,0,0,3,2,18.0,103,0,151.32,0,19.0
13975,1,1,1,0,53.0,34,0,29.52,0,24.0
13976,3,1,4,2,10.0,74,3,87.26,1,89.0
13977,1,0,5,3,29.0,124,5,34.34,1,97.0
13978,0,3,5,2,35.0,51,1,44.8,1,88.0
13979,1,3,1,2,26.0,32,0,115.29,1,77.0
13980,0,0,1,2,36.0,152,3,0.0,1,95.0
13981,2,1,4,3,26.0,13,2,122.86,0,20.0
13982,2,0,4,1,49.0,52,4,167.46,1,95.0
13983,1,1,0,4,22.0,60,2,89.91,1,83.0
13984,1,0,1,1,10.0,12,2,16.28,1,82.0
13985,2,3,5,0,21.0,14,2,,1,67.0
13986,3,2,5,0,37.0,54,4,139.52,1,90.0
13987,1,5,4,3,32.0,46,1,162.57,0,26.0
13988,0,2,1,1,41.0,172,2,38.65,1,99.0
13989,1,3,1,2,39.0,96,1,64.75,1,96.0
13990,2,0,1,1,27.0,74,2,34.9,1,74.0
13991,1,3,1,0,29.0,14,1,58.88,1,78.0
13992,1,2,1,3,30.0,20,3,11.93,1,94.0
13993,0,3,4,1,52.0,35,1,135.31,0,20.0
13994,1,3,5,0,40.0,152,4,97.76,1,98.0
13995,0,0,4,0,52.0,43,2,198.0,0,12.0
13996,0,2,1,2,42.0,128,0,18.6,1,98.0
13997,1,2,1,1,33.0,41,2,6.08,1,91.0
13998,1,2,1,2,23.0,32,3,98.41,1,84.0
13999,0,1,1,1,36.0,102,2,,1,96.0
14000,1,3,4,3,33.0,159,4,166.42,1,92.0
14001,0,2,1,1,33.0,152,8,0.0,1,98.0
14002,2,3,1,2,31.0,39,1,49.97,1,56.99999999999999
14003,0,0,1,4,13.0,96,3,0.0,1,96.0
14004,1,0,1,0,46.0,114,3,64.78,1,96.0
14005,1,1,5,1,,101,0,146.21,1,52.0
14006,1,1,1,1,19.0,63,2,80.39,1,91.0
14007,1,0,5,3,,146,2,138.18,1,94.0
14008,0,6,5,0,25.0,27,0,54.4,1,67.0
14009,0,0,1,2,39.0,79,2,66.51,1,96.0
14010,1,3,1,1,42.0,111,2,14.95,1,99.0
14011,1,1,3,0,44.0,169,1,130.21,1,75.0
14012,1,1,5,3,,85,1,94.95,1,94.0
14013,0,0,1,0,,177,2,20.2,1,67.0
14014,1,2,1,1,,105,2,18.15,1,95.0
14015,0,2,1,1,26.0,47,1,48.49,1,94.0
14016,1,3,1,3,33.0,8,1,8.25,0,20.0
14017,2,1,1,3,31.0,157,1,0.0,1,99.0
14018,2,0,1,3,,145,5,73.5,1,92.0
14019,1,0,0,2,22.0,172,3,16.67,1,99.0
14020,1,1,1,0,32.0,109,3,87.91,1,91.0
14021,0,0,1,0,29.0,82,1,71.16,1,89.0
14022,1,1,4,0,22.0,77,2,173.41,0,22.0
14023,0,2,5,2,42.0,65,2,146.46,1,88.0
14024,2,2,4,0,51.0,138,0,141.79,1,69.0
14025,0,0,1,3,43.0,89,5,64.55,1,96.0
14026,2,2,5,0,26.0,71,2,90.56,1,97.0
14027,1,2,1,2,33.0,14,0,0.0,1,87.0
14028,1,3,5,2,49.0,108,0,68.74,1,95.0
14029,0,1,1,0,22.0,39,3,0.0,0,87.0
14030,1,1,1,2,41.0,140,2,5.63,1,96.0
14031,0,0,4,2,19.0,85,3,124.22,1,91.0
14032,1,1,5,0,50.0,32,1,6.89,0,25.0
14033,1,7,4,2,,125,2,176.34,1,70.0
14034,3,0,1,2,56.0,129,1,4.74,1,95.0
14035,1,0,1,0,51.0,108,2,24.7,1,95.0
14036,3,1,1,3,32.0,109,4,56.34,1,95.0
14037,3,2,5,3,26.0,161,3,79.49,1,99.0
14038,0,2,3,2,35.0,15,1,115.01,1,85.0
14039,0,2,4,1,32.0,13,2,179.33,1,81.0
14040,0,2,0,1,,45,3,14.94,1,93.0
14041,2,7,5,0,17.0,49,1,95.54,1,64.0
14042,1,0,1,0,28.0,112,1,60.52,1,95.0
14043,0,2,1,3,22.0,132,1,21.14,1,95.0
14044,0,3,5,1,39.0,42,0,109.75,0,21.0
14045,0,0,5,0,43.0,145,2,118.94,1,100.0
14046,0,1,1,1,41.0,47,2,12.66,1,94.0
14047,1,1,1,1,37.0,153,1,57.31,1,95.0
14048,0,3,1,2,25.0,141,2,13.65,1,99.0
14049,2,0,1,2,,20,1,,1,52.0
14050,1,6,0,1,41.0,54,0,0.0,1,78.0
14051,3,0,1,3,28.0,115,0,39.94,1,91.0
14052,0,2,1,0,35.0,107,2,,1,94.0
14053,2,3,4,0,32.0,1,1,183.4,0,32.0
14054,0,2,2,3,50.0,130,2,162.26,0,23.0
14055,0,3,1,2,42.0,12,0,22.15,0,26.0
14056,1,0,4,2,40.0,20,2,113.94,1,62.0
14057,2,0,5,3,,160,2,75.19,1,97.0
14058,1,2,1,3,35.0,147,3,5.07,1,98.0
14059,2,0,1,2,32.0,124,0,68.09,1,92.0
14060,3,2,4,1,32.0,145,1,183.42,0,28.999999999999996
14061,1,0,5,2,18.0,37,4,9.07,1,56.00000000000001
14062,1,1,2,1,23.0,24,0,232.94,0,10.0
14063,0,6,4,0,33.0,165,3,187.54,1,86.0
14064,1,3,1,0,45.0,142,2,19.34,1,100.0
14065,2,1,1,1,28.0,156,1,54.44,1,99.0
14066,1,3,1,1,30.0,96,3,0.0,0,28.000000000000004
14067,1,0,1,2,51.0,31,1,0.0,0,18.0
14068,3,1,1,3,31.0,42,0,0.0,1,88.0
14069,0,0,1,1,32.0,12,0,27.24,1,72.0
14070,2,6,1,0,32.0,77,0,70.06,0,23.0
14071,1,3,1,2,20.0,24,1,49.81,0,31.0
14072,0,0,1,0,39.0,48,2,34.73,0,63.0
14073,0,3,1,2,27.0,87,0,36.34,1,94.0
14074,0,7,1,3,33.0,119,1,106.91,1,93.0
14075,0,0,1,3,38.0,135,1,79.74,1,91.0
14076,0,2,5,0,53.0,155,3,52.27,1,95.0
14077,0,3,4,1,20.0,125,0,108.84,0,56.99999999999999
14078,1,0,1,1,42.0,10,1,30.73,1,47.0
14079,0,2,1,0,42.0,9,0,17.13,0,31.0
14080,1,0,4,1,27.0,58,3,200.0,0,15.0
14081,0,2,5,1,39.0,64,1,57.73,1,69.0
14082,1,3,5,0,50.0,132,2,133.25,1,76.0
14083,0,1,1,0,26.0,79,3,,1,89.0
14084,0,0,4,3,36.0,147,0,128.45,0,33.0
14085,1,3,4,0,38.0,91,1,113.04,0,16.0
14086,1,0,5,3,39.0,132,2,91.14,1,94.0
14087,1,0,0,3,41.0,111,1,8.89,1,92.0
14088,0,2,4,2,35.0,157,1,195.23,1,93.0
14089,2,0,5,1,39.0,86,1,78.24,1,90.0
14090,1,2,5,0,,161,1,0.0,1,80.0
14091,0,3,1,1,35.0,112,1,30.53,1,95.0
14092,1,0,5,4,29.0,117,0,,1,87.0
14093,0,3,1,0,21.0,91,1,0.0,0,30.0
14094,3,1,1,0,28.0,0,0,0.0,1,85.0
14095,1,3,5,2,36.0,111,0,77.36,1,96.0
14096,0,0,1,1,,154,1,0.0,0,92.0
14097,1,1,5,4,21.0,118,0,34.75,1,94.0
14098,1,2,5,2,24.0,119,5,136.69,1,93.0
14099,1,1,1,2,41.0,33,0,34.31,0,46.0
14100,1,0,5,0,39.0,94,1,70.09,1,88.0
14101,0,0,4,3,42.0,31,1,131.69,0,22.0
14102,0,3,1,4,,115,0,0.0,0,37.0
14103,0,2,5,1,39.0,173,2,158.88,1,85.0
14104,1,4,1,2,29.0,21,2,13.7,0,36.0
14105,1,0,1,1,35.0,156,1,0.0,1,97.0
14106,0,2,1,0,50.0,97,1,0.0,0,21.0
14107,3,2,1,2,61.0,44,4,73.17,1,94.0
14108,1,7,1,1,38.0,172,2,84.73,1,96.0
14109,2,1,4,0,39.0,66,1,86.53,1,87.0
14110,0,2,5,0,,20,1,50.38,1,82.0
14111,0,0,5,0,34.0,148,1,30.97,1,89.0
14112,0,2,1,2,45.0,28,2,0.0,1,85.0
14113,1,0,5,0,44.0,32,4,107.05,1,91.0
14114,1,3,1,0,,166,1,38.0,1,66.0
14115,0,5,1,1,,89,0,19.66,1,88.0
14116,1,3,0,0,18.0,125,2,13.03,1,98.0
14117,3,2,1,2,41.0,44,1,50.5,1,84.0
14118,0,0,1,3,36.0,72,3,47.86,1,97.0
14119,1,2,5,0,26.0,81,1,93.49,1,91.0
14120,0,2,4,2,22.0,128,2,171.71,1,76.0
14121,1,2,1,4,40.0,10,2,122.86,0,25.0
14122,0,2,0,2,17.0,159,2,0.0,1,97.0
14123,0,1,1,0,36.0,106,1,0.0,1,87.0
14124,3,0,4,4,42.0,176,3,192.38,0,84.0
14125,0,2,4,3,39.0,90,3,198.11,1,96.0
14126,0,0,5,3,30.0,157,1,201.69,1,90.0
14127,0,1,4,2,21.0,59,1,129.93,0,28.999999999999996
14128,3,0,1,2,39.0,137,1,60.18,1,98.0
14129,1,0,4,3,46.0,101,1,152.24,0,45.0
14130,1,1,1,1,28.0,148,1,58.8,1,96.0
14131,1,2,1,1,39.0,5,1,0.0,0,27.0
14132,1,0,5,0,49.0,165,3,81.99,1,99.0
14133,0,3,0,1,37.0,124,3,24.33,1,92.0
14134,0,4,5,3,30.0,115,1,45.19,1,93.0
14135,0,2,1,3,44.0,7,1,42.62,1,83.0
14136,1,3,5,1,26.0,69,2,45.14,1,97.0
14137,0,2,1,1,21.0,161,1,32.05,1,97.0
14138,1,0,1,3,42.0,176,1,13.85,0,94.0
14139,0,1,4,3,29.0,39,3,138.62,1,91.0
14140,0,2,4,3,30.0,85,2,169.52,1,77.0
14141,1,2,4,3,27.0,28,2,176.55,0,17.0
14142,1,1,5,3,29.0,8,2,63.78,1,83.0
14143,1,0,5,1,48.0,20,2,,0,23.0
14144,2,2,5,4,50.0,31,0,78.44,1,79.0
14145,3,0,1,0,51.0,71,0,46.61,1,94.0
14146,0,0,1,0,44.0,170,1,55.4,1,99.0
14147,1,0,1,2,38.0,9,1,8.89,1,81.0
14148,0,1,4,4,19.0,176,5,116.76,1,96.0
14149,0,0,1,1,32.0,86,2,15.36,1,95.0
14150,0,0,2,0,55.0,83,1,162.08,1,70.0
14151,1,7,3,0,29.0,140,1,0.0,0,36.0
14152,1,3,5,1,49.0,85,1,79.56,0,94.0
14153,0,3,1,3,34.0,40,1,0.0,1,89.0
14154,1,2,1,1,7.0,30,3,16.4,1,83.0
14155,1,2,4,4,40.0,108,3,144.41,1,97.0
14156,1,3,1,2,46.0,31,5,3.68,1,95.0
14157,0,1,1,2,,172,1,12.01,1,99.0
14158,2,1,1,2,46.0,12,1,76.49,1,55.00000000000001
14159,3,3,1,3,17.0,120,2,17.52,1,96.0
14160,0,2,1,0,20.0,152,1,151.56,1,93.0
14161,0,2,5,2,36.0,117,3,62.17,1,98.0
14162,1,1,1,1,38.0,105,3,0.0,1,98.0
14163,0,4,5,2,47.0,14,0,125.53,1,36.0
14164,1,1,1,1,40.0,63,3,0.0,1,96.0
14165,0,0,4,3,22.0,116,3,139.62,1,88.0
14166,1,6,5,2,36.0,7,3,,0,26.0
14167,1,2,1,1,40.0,144,3,20.65,1,99.0
14168,1,7,0,0,15.0,4,1,,0,25.0
14169,1,2,1,3,33.0,140,3,49.77,1,100.0
14170,1,0,5,1,,20,0,78.4,0,61.0
14171,1,1,5,0,27.0,116,0,59.7,1,66.0
14172,3,3,4,0,38.0,123,4,102.73,1,99.0
14173,0,0,1,1,22.0,114,1,111.89,0,16.0
14174,0,1,1,4,38.0,43,1,0.0,1,88.0
14175,2,1,1,4,39.0,52,4,63.47,1,80.0
14176,3,1,1,3,,155,1,27.56,1,94.0
14177,0,2,3,4,22.0,65,3,96.77,1,74.0
14178,2,5,1,2,18.0,148,1,,1,95.0
14179,1,2,5,3,36.0,104,1,38.27,1,90.0
14180,1,1,5,3,31.0,125,2,104.7,1,95.0
14181,0,1,4,3,63.0,119,1,105.13,0,31.0
14182,0,2,1,1,38.0,56,2,119.65,0,54.0
14183,0,2,4,0,34.0,54,0,,1,81.0
14184,1,0,4,2,32.0,129,5,106.38,1,99.0
14185,1,1,4,1,21.0,93,1,149.44,1,84.0
14186,0,2,5,1,39.0,64,5,99.84,1,82.0
14187,1,0,4,3,33.0,109,3,,0,34.0
14188,0,0,5,1,33.0,130,1,71.41,1,82.0
14189,0,2,1,0,34.0,4,0,1.07,1,89.0
14190,0,1,5,1,36.0,65,4,126.85,1,93.0
14191,0,0,5,1,16.0,89,4,85.55,1,96.0
14192,2,1,4,4,42.0,145,2,157.9,1,97.0
14193,0,1,5,3,,136,3,94.6,1,91.0
14194,0,0,1,1,32.0,149,4,0.0,1,99.0
14195,0,2,5,3,46.0,155,2,78.62,1,98.0
14196,1,1,4,2,51.0,139,1,134.48,1,95.0
14197,1,3,1,2,16.0,36,1,1.98,1,89.0
14198,1,2,1,2,,118,1,38.82,1,96.0
14199,0,0,5,1,,97,1,0.0,1,95.0
14200,0,3,1,0,18.0,169,2,0.0,1,99.0
14201,2,1,1,0,,53,2,29.6,1,90.0
14202,1,2,1,3,35.0,169,1,48.33,1,96.0
14203,1,3,4,0,35.0,121,0,154.09,0,16.0
14204,3,2,0,4,24.0,66,3,0.0,0,25.0
14205,1,1,1,1,38.0,55,0,13.0,1,90.0
14206,0,6,5,3,42.0,45,2,123.1,1,71.0
14207,0,3,4,0,35.0,4,2,202.93,0,24.0
14208,0,2,4,2,28.0,55,4,137.92,0,33.0
14209,1,0,1,3,29.0,150,1,0.0,1,99.0
14210,1,0,4,3,36.0,61,1,228.8,0,28.000000000000004
14211,1,3,1,3,34.0,140,2,130.71,1,95.0
14212,0,2,3,2,43.0,58,3,104.87,1,91.0
14213,0,3,5,4,29.0,27,1,81.65,1,89.0
14214,1,2,1,2,21.0,5,0,0.0,1,85.0
14215,0,1,5,3,37.0,60,2,92.26,1,88.0
14216,2,0,1,3,29.0,172,2,30.34,1,96.0
14217,1,5,4,1,41.0,92,1,126.34,1,66.0
14218,0,2,1,1,34.0,11,3,0.0,1,94.0
14219,0,1,5,1,40.0,162,3,,1,96.0
14220,1,3,1,1,23.0,61,1,76.97,1,91.0
14221,1,7,1,3,35.0,111,2,47.11,1,90.0
14222,0,2,4,2,27.0,4,3,208.29,0,17.0
14223,2,0,5,1,21.0,65,0,77.23,1,79.0
14224,2,3,4,2,25.0,67,2,169.75,1,83.0
14225,0,4,1,1,28.0,85,-1,20.46,1,83.0
14226,0,2,1,0,46.0,108,3,0.0,1,97.0
14227,1,0,5,1,28.0,113,4,102.48,1,96.0
14228,0,2,1,2,21.0,79,2,1.41,1,94.0
14229,0,1,1,1,35.0,65,1,44.73,1,93.0
14230,1,6,5,0,34.0,168,3,19.6,1,98.0
14231,0,1,1,2,29.0,154,1,61.57,1,97.0
14232,0,2,1,2,32.0,75,2,49.86,1,91.0
14233,1,3,1,4,43.0,4,1,0.0,1,87.0
14234,3,3,5,3,40.0,132,2,90.23,0,31.0
14235,1,0,5,2,39.0,85,1,85.43,1,83.0
14236,1,2,1,3,22.0,140,2,107.87,1,97.0
14237,1,6,5,0,62.0,79,1,71.58,0,28.999999999999996
14238,0,2,1,2,44.0,89,2,35.88,1,98.0
14239,0,0,4,2,39.0,136,3,109.29,1,94.0
14240,1,3,2,2,22.0,175,1,170.8,1,92.0
14241,0,2,5,4,43.0,31,2,126.86,1,84.0
14242,1,0,1,3,28.0,82,2,71.3,0,48.0
14243,0,2,5,1,32.0,35,1,90.03,1,85.0
14244,0,1,5,0,17.0,142,4,92.81,1,94.0
14245,0,2,4,0,21.0,136,1,172.31,0,28.999999999999996
14246,3,1,4,0,,15,1,172.43,0,14.000000000000002
14247,1,0,4,3,44.0,5,3,167.91,1,90.0
14248,1,4,1,3,40.0,71,2,0.0,1,81.0
14249,0,3,4,3,40.0,160,1,190.53,1,91.0
14250,3,2,3,3,33.0,109,1,88.48,1,95.0
14251,1,0,4,3,,99,0,149.08,0,18.0
14252,1,3,1,2,36.0,169,0,0.0,1,94.0
14253,1,2,1,1,42.0,58,4,62.99,1,95.0
14254,0,0,0,1,34.0,35,3,108.75,1,57.99999999999999
14255,1,1,0,3,46.0,33,0,78.57,0,16.0
14256,0,0,1,4,31.0,129,2,6.97,1,97.0
14257,3,1,4,2,24.0,12,3,90.43,0,32.0
14258,0,3,0,3,33.0,170,1,0.0,1,97.0
14259,1,3,1,2,35.0,56,2,29.81,1,91.0
14260,0,2,1,2,33.0,6,1,49.55,1,78.0
14261,1,2,1,0,46.0,58,3,68.36,1,94.0
14262,2,2,4,0,42.0,110,1,168.14,0,21.0
14263,0,3,1,3,19.0,115,1,0.0,1,94.0
14264,1,1,0,2,49.0,50,0,31.75,0,16.0
14265,0,2,4,3,6.0,2,2,134.6,1,61.0
14266,0,2,2,0,,154,0,176.77,1,88.0
14267,0,7,0,0,31.0,53,0,68.4,0,31.0
14268,1,5,5,0,32.0,93,1,67.5,1,91.0
14269,2,0,5,0,33.0,33,1,96.05,0,8.0
14270,3,2,5,0,37.0,22,4,79.35,1,78.0
14271,0,0,1,3,33.0,47,-1,17.45,1,87.0
14272,3,0,4,3,32.0,54,0,135.84,1,28.000000000000004
14273,1,2,1,0,47.0,16,2,55.53,1,86.0
14274,0,3,1,3,39.0,78,2,72.86,1,94.0
14275,0,2,1,0,24.0,61,1,49.71,1,91.0
14276,0,1,1,0,41.0,124,1,43.96,0,37.0
14277,0,1,4,0,39.0,60,3,165.68,1,89.0
14278,1,2,3,4,28.0,43,4,,1,89.0
14279,1,0,1,3,41.0,70,4,87.47,1,90.0
14280,1,1,1,2,32.0,124,1,27.18,1,87.0
14281,1,1,1,3,31.0,127,2,23.91,1,92.0
14282,0,2,4,3,,2,1,191.51,0,8.0
14283,1,2,5,1,9.0,66,1,84.18,0,19.0
14284,1,3,5,0,28.0,111,2,82.44,1,94.0
14285,0,2,5,0,41.0,98,0,42.65,1,70.0
14286,0,2,5,3,33.0,135,1,51.94,1,96.0
14287,2,1,5,3,21.0,153,1,77.66,1,96.0
14288,0,1,1,2,43.0,119,3,80.64,1,97.0
14289,1,1,4,1,31.0,142,3,115.82,1,94.0
14290,2,0,5,0,,132,0,40.36,1,93.0
14291,0,1,5,0,56.0,140,2,49.99,1,97.0
14292,1,1,4,3,23.0,102,3,187.53,0,89.0
14293,0,2,4,4,42.0,139,1,148.91,0,87.0
14294,3,3,4,1,26.0,62,-1,125.1,1,81.0
14295,1,1,4,0,35.0,135,2,186.62,1,91.0
14296,1,3,1,4,24.0,33,3,0.0,0,27.0
14297,1,1,1,0,21.0,21,0,33.8,1,81.0
14298,1,1,5,3,39.0,49,0,32.92,1,87.0
14299,0,3,1,1,38.0,139,2,86.67,1,96.0
14300,0,2,4,2,45.0,149,4,205.96,1,95.0
14301,1,1,5,3,33.0,90,2,85.7,0,35.0
14302,3,3,5,2,,81,0,148.59,0,60.0
14303,0,1,4,2,36.0,18,4,135.0,1,83.0
14304,0,0,1,2,39.0,122,2,0.0,1,98.0
14305,2,0,5,0,20.0,132,1,,0,23.0
14306,1,0,5,2,27.0,15,3,46.14,0,26.0
14307,0,0,1,0,39.0,112,1,26.29,0,30.0
14308,0,2,1,1,33.0,168,0,123.87,1,94.0
14309,2,4,4,3,35.0,18,2,131.61,1,88.0
14310,0,3,5,0,25.0,107,2,83.28,1,67.0
14311,1,1,4,4,35.0,21,2,199.17,0,19.0
14312,3,3,5,1,35.0,144,3,109.42,1,98.0
14313,1,0,1,4,22.0,34,1,0.0,0,11.0
14314,2,2,1,3,40.0,166,4,66.68,1,100.0
14315,3,0,1,1,16.0,72,2,17.99,1,87.0
14316,1,4,4,0,,54,0,190.91,1,93.0
14317,0,6,1,3,51.0,132,2,0.0,1,97.0
14318,1,2,4,3,40.0,72,0,241.96,1,83.0
14319,0,2,4,3,40.0,114,0,147.03,1,89.0
14320,0,2,4,2,25.0,10,3,180.69,0,12.0
14321,0,2,1,2,51.0,77,1,0.0,1,91.0
14322,3,2,4,0,,109,1,91.35,1,90.0
14323,0,1,1,2,25.0,167,4,12.64,1,98.0
14324,0,0,1,1,29.0,83,2,63.88,1,95.0
14325,2,0,1,4,46.0,96,1,66.72,1,91.0
14326,3,2,4,0,51.0,131,2,133.79,1,87.0
14327,1,7,1,4,21.0,126,1,93.37,1,94.0
14328,3,2,3,3,23.0,79,4,41.84,1,92.0
14329,1,1,1,1,32.0,114,0,17.32,1,96.0
14330,2,3,1,4,12.0,63,1,47.36,1,52.0
14331,1,1,1,1,34.0,66,2,0.0,0,28.999999999999996
14332,1,3,4,2,45.0,95,5,39.37,1,99.0
14333,0,3,5,1,19.0,33,4,117.06,0,66.0
14334,0,2,4,0,35.0,112,0,165.23,1,92.0
14335,1,1,5,2,28.0,88,0,88.39,1,94.0
14336,1,3,4,2,50.0,134,1,118.96,0,82.0
14337,0,1,5,3,28.0,162,1,85.61,1,96.0
14338,3,2,5,2,49.0,156,2,61.02,1,98.0
14339,1,2,5,3,28.0,24,1,52.0,1,86.0
14340,1,2,1,2,41.0,27,0,71.95,1,78.0
14341,0,6,4,4,36.0,68,2,,1,72.0
14342,1,0,5,2,32.0,154,1,82.22,1,92.0
14343,2,3,4,2,26.0,75,1,162.38,0,23.0
14344,2,0,5,3,37.0,81,3,54.61,1,85.0
14345,0,2,1,0,29.0,135,4,13.09,1,97.0
14346,1,3,5,1,,165,1,106.67,1,86.0
14347,0,3,1,2,48.0,118,0,77.73,1,93.0
14348,0,1,5,2,39.0,93,1,82.22,1,80.0
14349,2,2,5,0,40.0,136,2,103.67,1,95.0
14350,0,0,4,3,30.0,111,1,136.6,1,93.0
14351,0,1,1,1,32.0,42,1,-10.0,1,87.0
14352,0,3,0,0,31.0,24,0,0.0,0,24.0
14353,0,0,1,0,37.0,93,2,44.48,1,66.0
14354,3,2,0,0,,65,1,0.0,0,27.0
14355,0,0,4,0,33.0,16,3,139.74,0,72.0
14356,0,0,2,2,26.0,108,2,147.59,1,91.0
14357,1,0,5,1,41.0,134,1,28.42,1,94.0
14358,0,1,4,2,34.0,21,1,127.75,1,82.0
14359,0,3,1,0,19.0,9,2,39.07,1,87.0
14360,1,0,1,1,12.0,89,3,5.58,0,92.0
14361,1,3,1,4,36.0,140,0,106.08,1,89.0
14362,0,1,4,3,25.0,41,1,197.57,1,77.0
14363,0,2,5,0,38.0,27,2,126.31,0,24.0
14364,0,2,5,0,,99,1,35.98,0,32.0
14365,1,0,1,3,35.0,10,3,2.36,0,30.0
14366,0,1,1,2,30.0,136,2,12.89,1,100.0
14367,1,2,4,1,51.0,80,1,155.46,1,81.0
14368,0,1,1,0,43.0,54,0,98.0,1,85.0
14369,1,5,5,4,47.0,4,1,18.6,0,47.0
14370,1,0,1,3,34.0,68,3,24.52,1,94.0
14371,1,0,1,4,42.0,37,3,6.15,0,23.0
14372,1,1,5,3,34.0,65,2,85.26,1,90.0
14373,1,1,1,0,48.0,63,5,31.79,1,91.0
14374,1,0,5,2,,152,1,62.26,1,69.0
14375,0,1,5,2,20.0,179,2,81.79,1,97.0
14376,0,0,5,1,14.0,165,0,,1,92.0
14377,1,3,5,0,50.0,76,1,41.48,1,73.0
14378,2,5,5,3,38.0,18,3,169.37,1,54.0
14379,1,0,1,0,,98,1,23.69,1,91.0
14380,0,1,5,3,48.0,24,0,155.0,0,42.0
14381,1,0,5,3,,47,2,113.51,0,23.0
14382,1,1,1,1,,72,0,29.02,1,81.0
14383,0,2,4,3,31.0,34,1,142.89,0,13.0
14384,0,2,5,1,41.0,178,4,94.67,1,97.0
14385,2,5,4,2,27.0,142,0,81.1,1,94.0
14386,0,2,4,1,21.0,48,2,98.17,1,89.0
14387,3,1,1,1,21.0,157,1,0.0,1,96.0
14388,1,1,3,1,45.0,148,2,27.72,1,90.0
14389,1,3,1,2,26.0,88,0,27.75,1,99.0
14390,1,3,0,4,28.0,85,2,31.75,1,81.0
14391,1,2,4,3,40.0,168,0,231.42,1,90.0
14392,0,3,5,3,27.0,130,2,98.26,0,37.0
14393,0,3,1,1,16.0,124,2,35.42,1,97.0
14394,1,1,5,3,18.0,72,0,,1,89.0
14395,3,4,4,1,33.0,151,2,169.16,1,80.0
14396,2,1,5,2,38.0,110,3,69.29,0,33.0
14397,1,3,5,4,31.0,144,3,,1,98.0
14398,1,1,5,1,38.0,104,0,,1,44.0
14399,1,2,1,0,17.0,87,4,0.0,1,93.0
14400,1,0,1,2,18.0,7,0,12.28,0,15.0
14401,1,3,5,0,56.0,133,2,94.99,1,91.0
14402,0,3,1,1,46.0,8,2,72.05,0,28.000000000000004
14403,1,1,5,3,41.0,14,1,71.1,0,19.0
14404,1,1,5,1,,63,2,45.75,1,90.0
14405,3,1,3,3,31.0,177,1,84.57,1,89.0
14406,0,5,1,1,,123,3,0.0,1,98.0
14407,3,3,1,1,47.0,10,2,0.0,1,74.0
14408,1,1,1,3,38.0,94,2,0.0,1,85.0
14409,1,3,3,3,39.0,119,0,,1,87.0
14410,0,1,1,1,32.0,173,0,37.98,1,93.0
14411,1,0,5,0,,44,0,,0,19.0
14412,1,0,1,2,37.0,76,0,39.54,1,88.0
14413,0,1,5,0,34.0,93,1,132.31,0,15.0
14414,0,1,1,0,26.0,58,4,91.5,1,90.0
14415,0,2,5,0,32.0,152,2,110.37,1,83.0
14416,0,0,1,0,23.0,139,3,4.33,1,86.0
14417,0,3,1,3,33.0,84,3,43.76,1,93.0
14418,1,4,2,4,34.0,25,4,146.41,0,89.0
14419,1,3,0,2,9.0,113,3,39.32,1,94.0
14420,1,1,5,3,31.0,36,0,,1,41.0
14421,1,0,4,0,22.0,22,0,156.09,0,23.0
14422,3,0,5,3,38.0,64,1,95.87,1,87.0
14423,0,2,4,4,40.0,44,3,234.78,1,86.0
14424,0,2,1,0,29.0,73,0,54.9,1,93.0
14425,1,4,1,2,39.0,162,2,37.2,0,37.0
14426,1,0,1,3,39.0,101,0,32.12,0,18.0
14427,1,0,1,3,31.0,175,4,,1,99.0
14428,1,3,0,1,49.0,27,3,0.0,1,97.0
14429,1,1,1,0,26.0,128,2,56.38,1,100.0
14430,0,2,5,0,48.0,71,1,188.7,1,82.0
14431,0,1,4,2,31.0,40,2,177.67,1,69.0
14432,0,2,1,2,25.0,22,4,5.5,0,35.0
14433,0,2,1,3,30.0,159,3,0.0,1,98.0
14434,3,2,1,2,23.0,86,2,19.09,0,35.0
14435,1,0,0,3,41.0,6,2,73.44,0,18.0
14436,1,2,5,0,17.0,71,3,118.25,1,89.0
14437,1,1,1,0,47.0,42,2,21.61,1,94.0
14438,0,2,1,3,24.0,141,1,,1,98.0
14439,3,1,5,2,42.0,13,1,127.44,0,18.0
14440,1,2,4,2,34.0,99,2,163.28,0,72.0
14441,2,2,5,3,36.0,168,1,63.82,1,95.0
14442,2,0,5,0,28.0,110,2,173.81,1,70.0
14443,1,1,1,3,37.0,90,1,0.0,1,83.0
14444,1,2,1,2,35.0,83,0,37.43,1,94.0
14445,0,6,1,3,,101,1,17.43,0,25.0
14446,3,1,1,0,24.0,13,1,53.25,1,92.0
14447,1,6,4,1,28.0,27,5,177.11,1,87.0
14448,0,3,5,3,26.0,29,5,55.46,1,79.0
14449,1,0,1,1,46.0,78,3,0.55,1,91.0
14450,0,1,1,3,34.0,53,2,27.9,1,85.0
14451,0,0,1,2,26.0,139,6,72.26,1,95.0
14452,0,3,5,4,29.0,113,4,61.98,1,99.0
14453,2,3,1,1,28.0,119,4,17.67,1,97.0
14454,2,3,1,3,31.0,74,0,47.71,1,67.0
14455,2,1,5,2,,166,3,143.47,1,99.0
14456,1,3,1,1,25.0,69,1,39.74,1,92.0
14457,0,1,1,1,41.0,66,0,0.0,0,37.0
14458,1,1,1,3,35.0,14,3,0.0,1,90.0
14459,0,2,1,4,32.0,131,2,0.0,1,99.0
14460,0,1,1,1,34.0,97,0,0.0,1,87.0
14461,0,3,0,0,33.0,101,2,85.45,1,94.0
14462,0,1,5,0,,171,2,91.76,1,88.0
14463,3,1,5,4,39.0,166,1,122.99,1,96.0
14464,1,0,5,2,38.0,104,1,73.85,1,72.0
14465,0,3,4,0,18.0,85,1,152.47,1,86.0
14466,1,1,1,1,32.0,36,1,-10.0,1,81.0
14467,1,2,4,3,18.0,159,5,155.31,0,40.0
14468,1,1,1,1,40.0,122,1,18.09,1,99.0
14469,3,1,0,4,41.0,155,2,48.9,1,98.0
14470,2,0,1,2,,131,0,19.9,1,96.0
14471,3,3,1,3,32.0,9,2,35.45,1,87.0
14472,3,3,4,1,12.0,26,3,172.43,0,20.0
14473,1,2,1,3,43.0,83,2,29.71,1,95.0
14474,1,2,1,1,,163,1,112.97,0,30.0
14475,0,2,1,1,45.0,4,2,8.17,1,95.0
14476,0,1,1,0,48.0,177,1,10.29,1,97.0
14477,0,1,1,1,21.0,159,4,0.0,1,97.0
14478,1,2,1,2,42.0,98,0,36.87,1,94.0
14479,0,3,1,2,48.0,150,3,63.42,1,99.0
14480,0,3,4,2,19.0,128,3,163.94,1,93.0
14481,1,2,1,0,,30,3,120.44,1,87.0
14482,0,0,1,3,,18,4,12.82,1,97.0
14483,0,3,5,2,42.0,53,0,32.33,1,84.0
14484,0,3,2,2,10.0,127,2,149.51,1,95.0
14485,1,2,1,3,52.0,161,3,0.0,1,100.0
14486,0,3,1,0,32.0,131,1,48.99,1,96.0
14487,1,5,4,1,43.0,175,2,103.95,1,88.0
14488,1,1,1,3,33.0,47,1,17.71,1,94.0
14489,0,3,3,1,38.0,48,5,53.46,1,99.0
14490,0,1,1,1,10.0,116,1,21.24,1,96.0
14491,1,4,4,1,30.0,171,1,120.95,1,96.0
14492,0,3,4,3,42.0,161,4,126.55,1,100.0
14493,0,2,4,3,36.0,55,2,164.85,1,80.0
14494,0,1,0,1,17.0,73,0,,1,84.0
14495,0,0,1,0,34.0,5,0,0.0,1,77.0
14496,0,0,1,0,25.0,75,1,78.4,1,86.0
14497,0,1,4,0,24.0,112,1,147.64,1,85.0
14498,1,0,4,2,18.0,125,2,156.48,1,95.0
14499,1,3,1,1,40.0,35,6,37.54,1,99.0
14500,0,4,5,2,45.0,162,2,66.96,1,96.0
14501,0,1,1,0,55.0,24,3,84.13,1,87.0
14502,0,0,1,3,19.0,176,1,21.09,1,96.0
14503,1,1,5,0,41.0,54,1,34.49,1,87.0
14504,1,1,1,2,42.0,168,3,,1,100.0
14505,0,0,1,2,,56,5,107.81,1,86.0
14506,1,1,1,0,24.0,149,1,-10.0,1,88.0
14507,0,1,4,1,23.0,171,3,189.4,1,96.0
14508,1,2,4,3,28.0,156,2,238.91,0,42.0
14509,0,7,4,3,36.0,70,2,,0,25.0
14510,3,1,5,0,47.0,47,5,99.66,0,32.0
14511,1,3,5,1,45.0,103,2,130.57,1,77.0
14512,0,2,1,1,17.0,2,1,83.09,0,42.0
14513,1,2,4,0,26.0,84,1,187.29,1,93.0
14514,0,2,3,3,46.0,172,1,30.71,1,86.0
14515,0,2,5,3,26.0,19,1,39.5,0,84.0
14516,0,7,5,3,33.0,72,0,74.53,1,88.0
14517,0,0,4,1,16.0,163,1,,1,94.0
14518,2,0,1,4,,59,0,0.0,1,88.0
14519,1,3,1,1,14.0,77,3,23.21,1,84.0
14520,1,1,5,3,17.0,17,1,126.2,1,72.0
14521,2,3,4,1,44.0,96,3,127.66,1,96.0
14522,0,1,5,4,53.0,65,5,64.96,1,94.0
14523,2,1,1,0,31.0,30,1,0.0,1,87.0
14524,0,4,0,3,33.0,8,1,1.57,1,84.0
14525,2,2,5,2,,147,2,48.11,1,96.0
14526,0,0,5,2,36.0,147,1,80.12,0,32.0
14527,0,0,5,0,,46,0,42.34,1,87.0
14528,3,3,1,1,29.0,0,6,74.03,0,21.0
14529,0,3,4,1,18.0,82,1,117.44,1,81.0
14530,1,1,5,1,36.0,99,0,66.78,0,27.0
14531,1,3,5,3,33.0,141,2,55.46,1,98.0
14532,1,1,1,2,29.0,128,1,11.85,1,100.0
14533,1,1,1,0,23.0,9,4,140.6,0,26.0
14534,1,2,4,1,24.0,176,1,127.31,1,98.0
14535,0,2,1,1,40.0,141,3,52.53,1,97.0
14536,0,0,5,4,42.0,41,1,40.95,1,80.0
14537,0,2,1,4,30.0,123,3,77.95,1,98.0
14538,0,1,5,1,29.0,24,1,92.38,1,67.0
14539,1,3,1,3,25.0,163,2,41.13,1,99.0
14540,1,2,1,3,43.0,94,2,53.26,1,95.0
14541,1,2,4,3,34.0,34,1,212.61,1,46.0
14542,0,2,5,1,37.0,138,1,150.03,0,86.0
14543,1,2,1,1,37.0,9,2,,1,89.0
14544,1,1,1,0,30.0,7,4,,1,89.0
14545,0,1,4,0,22.0,104,4,195.85,1,95.0
14546,2,0,1,3,24.0,150,1,,1,97.0
14547,1,3,5,1,45.0,133,1,138.55,1,98.0
14548,0,0,1,3,26.0,123,1,0.0,1,88.0
14549,0,0,4,0,29.0,63,3,169.2,1,83.0
14550,0,2,5,3,22.0,45,2,31.82,0,55.00000000000001
14551,3,3,5,2,21.0,103,2,108.73,0,35.0
14552,1,2,1,3,26.0,37,3,6.03,1,97.0
14553,1,5,4,1,50.0,152,2,116.84,1,96.0
14554,2,0,1,3,40.0,85,3,0.0,0,30.0
14555,0,3,4,3,28.0,1,4,132.24,1,80.0
14556,0,1,1,1,44.0,23,0,39.41,1,81.0
14557,0,0,5,2,32.0,100,1,102.9,0,31.0
14558,0,3,1,1,47.0,66,2,22.35,1,95.0
14559,3,0,5,0,56.0,89,2,69.68,1,94.0
14560,3,3,0,2,44.0,93,2,50.64,0,34.0
14561,0,0,1,4,34.0,92,0,135.5,1,54.0
14562,1,6,1,1,40.0,70,2,46.25,0,73.0
14563,2,0,1,3,34.0,136,2,0.0,1,99.0
14564,1,4,1,0,15.0,172,2,,1,98.0
14565,1,3,1,0,27.0,15,1,20.14,0,30.0
14566,2,3,4,2,24.0,118,1,187.81,0,71.0
14567,1,2,1,0,27.0,107,1,0.0,1,92.0
14568,1,3,5,2,51.0,141,3,50.39,1,96.0
14569,1,0,1,2,45.0,153,2,0.0,1,98.0
14570,2,3,5,0,38.0,173,1,44.75,1,97.0
14571,0,7,1,2,42.0,100,3,56.83,1,97.0
14572,0,3,4,3,15.0,29,4,140.74,1,90.0
14573,1,2,4,2,41.0,123,1,186.16,1,98.0
14574,0,6,1,3,43.0,55,4,13.21,1,89.0
14575,0,1,5,3,11.0,93,4,24.18,1,95.0
14576,1,6,1,3,41.0,31,3,120.29,0,26.0
14577,0,2,5,0,19.0,77,1,66.32,1,88.0
14578,1,2,1,3,14.0,22,2,63.78,1,90.0
14579,3,0,0,0,47.0,16,2,24.18,1,85.0
14580,0,1,0,1,23.0,121,0,93.31,1,89.0
14581,3,0,5,3,,151,0,,0,27.0
14582,1,2,0,2,43.0,174,1,,1,91.0
14583,0,2,3,1,30.0,138,0,90.34,1,87.0
14584,0,1,5,1,32.0,40,1,58.62,0,25.0
14585,0,1,1,3,31.0,14,2,8.35,0,23.0
14586,3,3,5,0,37.0,90,0,118.52,1,86.0
14587,1,6,4,1,31.0,51,0,107.56,0,24.0
14588,1,2,4,3,35.0,161,1,142.7,1,98.0
14589,0,0,5,1,28.0,59,0,58.41,0,68.0
14590,0,3,5,1,37.0,56,0,44.98,0,25.0
14591,0,2,5,3,37.0,32,4,80.16,1,90.0
14592,1,0,1,2,52.0,148,1,95.58,0,38.0
14593,0,5,1,2,30.0,151,0,46.34,1,96.0
14594,1,0,1,2,32.0,19,1,37.17,1,44.0
14595,0,2,1,1,36.0,112,4,0.0,1,99.0
14596,0,0,1,0,43.0,67,2,86.17,1,89.0
14597,0,0,4,4,23.0,100,0,87.93,0,22.0
14598,1,3,1,1,35.0,100,1,33.48,1,87.0
14599,0,7,5,1,,173,1,92.71,1,98.0
14600,1,1,5,3,31.0,32,2,64.84,0,21.0
14601,1,3,1,0,44.0,30,2,,0,28.000000000000004
14602,0,0,1,1,26.0,161,3,46.38,1,99.0
14603,3,3,5,2,35.0,21,1,76.28,0,56.00000000000001
14604,1,2,5,0,28.0,105,1,91.54,1,95.0
14605,0,0,4,1,25.0,29,2,146.68,0,50.0
14606,2,0,1,3,43.0,4,0,84.96,1,76.0
14607,2,0,4,3,23.0,168,2,176.36,1,85.0
14608,1,2,1,4,36.0,172,2,56.17,1,99.0
14609,3,0,5,2,37.0,60,1,50.73,1,72.0
14610,1,3,5,0,25.0,116,3,79.37,1,94.0
14611,1,6,1,1,35.0,12,3,0.0,0,33.0
14612,1,0,0,2,24.0,136,2,63.41,1,97.0
14613,0,3,1,1,39.0,162,1,0.0,1,97.0
14614,1,3,1,4,20.0,17,2,51.35,1,92.0
14615,1,1,5,2,30.0,126,1,113.3,1,97.0
14616,1,3,1,1,31.0,139,1,,1,95.0
14617,2,3,5,0,45.0,118,3,49.43,1,95.0
14618,2,1,1,3,35.0,168,3,19.31,1,93.0
14619,1,1,5,2,43.0,143,1,55.07,1,93.0
14620,2,6,5,2,39.0,12,1,0.0,1,78.0
14621,2,3,5,3,,123,2,157.42,0,34.0
14622,0,2,5,0,30.0,145,1,70.63,1,99.0
14623,1,2,1,3,44.0,75,2,25.67,1,91.0
14624,0,0,4,0,30.0,117,3,117.76,0,75.0
14625,3,2,1,2,16.0,97,2,15.44,1,96.0
14626,0,2,1,4,31.0,178,1,0.0,1,96.0
14627,1,2,1,1,38.0,32,3,9.07,0,95.0
14628,0,2,5,0,17.0,81,2,59.13,0,28.000000000000004
14629,0,1,5,3,25.0,66,4,12.12,0,32.0
14630,0,3,5,0,21.0,53,3,104.38,1,91.0
14631,1,0,1,0,41.0,5,1,45.15,1,81.0
14632,1,1,1,0,50.0,35,2,0.0,1,82.0
14633,2,0,2,0,31.0,54,0,174.82,0,13.0
14634,2,0,5,3,39.0,126,0,100.51,1,57.99999999999999
14635,1,1,1,1,,177,0,0.0,1,86.0
14636,3,2,5,2,49.0,70,3,121.4,1,95.0
14637,1,1,1,3,27.0,93,0,0.0,0,40.0
14638,0,4,0,3,,142,1,137.02,1,90.0
14639,0,0,1,2,30.0,21,2,100.04,1,69.0
14640,2,2,0,1,,48,1,17.11,1,56.00000000000001
14641,3,1,1,3,59.0,165,3,48.49,1,90.0
14642,1,7,4,2,,135,1,160.25,1,90.0
14643,2,0,5,1,25.0,135,3,78.22,1,98.0
14644,1,5,1,1,,99,7,7.04,1,98.0
14645,0,2,5,0,46.0,36,0,81.12,0,21.0
14646,0,2,4,3,,77,6,160.07,1,77.0
14647,0,3,1,1,40.0,120,1,,0,31.0
14648,1,0,4,3,27.0,152,0,146.65,1,92.0
14649,2,3,5,4,21.0,20,3,64.06,1,93.0
14650,1,3,1,4,40.0,100,0,100.58,1,95.0
14651,1,3,1,1,27.0,126,1,84.77,1,96.0
14652,0,3,1,2,38.0,158,1,95.59,1,93.0
14653,0,2,5,2,38.0,5,1,72.04,1,85.0
14654,2,0,1,4,,169,2,26.03,1,91.0
14655,1,3,3,2,31.0,118,1,79.35,1,92.0
14656,1,0,5,1,40.0,179,3,15.33,1,99.0
14657,2,2,1,0,24.0,174,0,0.0,1,97.0
14658,0,2,4,1,9.0,155,2,118.21,1,82.0
14659,1,1,2,1,41.0,163,2,147.38,1,92.0
14660,0,1,1,0,35.0,127,4,7.88,1,98.0
14661,0,0,2,0,27.0,39,0,210.24,0,15.0
14662,0,5,1,3,19.0,140,1,42.34,1,94.0
14663,0,3,1,4,13.0,176,1,58.89,1,95.0
14664,2,0,1,3,34.0,131,1,72.67,1,97.0
14665,2,2,3,2,,97,2,122.41,1,95.0
14666,0,2,5,2,32.0,121,1,110.3,1,74.0
14667,1,3,1,3,30.0,100,5,62.74,1,99.0
14668,2,1,0,0,33.0,63,3,2.94,1,94.0
14669,0,0,1,2,55.0,97,1,44.22,1,97.0
14670,0,0,2,0,41.0,79,2,232.53,1,86.0
14671,1,3,4,3,24.0,22,4,231.72,1,92.0
14672,2,1,5,0,34.0,86,2,103.7,1,70.0
14673,0,0,5,1,37.0,142,1,93.18,1,84.0
14674,1,3,5,2,23.0,88,1,67.47,1,92.0
14675,0,0,1,0,41.0,92,5,0.0,1,96.0
14676,2,2,1,0,25.0,99,3,3.09,1,96.0
14677,1,4,5,4,18.0,126,4,161.63,1,91.0
14678,3,0,5,0,34.0,78,0,48.77,1,89.0
14679,0,0,1,3,33.0,100,2,0.0,1,96.0
14680,0,1,4,3,33.0,98,2,,0,23.0
14681,1,1,4,3,26.0,173,2,126.82,1,99.0
14682,1,3,1,2,27.0,38,0,97.55,0,56.99999999999999
14683,3,5,5,0,,46,4,110.69,1,95.0
14684,1,0,2,2,38.0,36,4,209.35,1,94.0
14685,0,4,1,2,24.0,168,3,72.71,1,99.0
14686,1,1,5,0,14.0,91,2,146.35,1,72.0
14687,1,1,1,0,24.0,172,4,44.31,1,98.0
14688,1,0,1,3,35.0,29,2,0.45,1,36.0
14689,0,0,4,2,27.0,67,2,220.22,0,20.0
14690,3,2,0,2,,6,3,104.78,1,85.0
14691,1,3,1,0,28.0,96,2,36.17,0,37.0
14692,1,1,0,2,33.0,46,1,31.25,0,20.0
14693,1,3,0,1,41.0,46,1,0.0,0,24.0
14694,0,0,1,0,,78,1,23.91,1,82.0
14695,0,7,5,3,34.0,125,3,37.31,1,85.0
14696,2,1,1,1,,98,5,31.75,1,95.0
14697,0,1,5,1,29.0,100,0,60.51,1,88.0
14698,0,3,5,3,42.0,132,2,114.97,1,86.0
14699,1,1,1,1,41.0,175,2,0.0,1,95.0
14700,3,2,5,1,54.0,86,4,70.97,1,92.0
14701,1,0,3,1,40.0,149,0,,1,93.0
14702,1,0,1,2,,94,2,0.0,1,94.0
14703,0,1,1,1,24.0,150,2,0.0,1,100.0
14704,0,0,5,1,43.0,91,1,49.28,0,25.0
14705,0,2,4,0,25.0,172,2,98.33,1,87.0
14706,0,1,1,3,42.0,51,2,57.85,1,59.0
14707,0,2,1,2,26.0,173,2,0.0,1,100.0
14708,1,2,1,2,37.0,37,1,0.0,1,77.0
14709,2,4,0,3,23.0,167,0,,1,96.0
14710,0,0,5,2,41.0,142,1,93.1,0,22.0
14711,0,7,1,2,21.0,112,1,11.01,1,95.0
14712,0,2,1,2,,139,0,51.06,1,97.0
14713,1,0,1,0,32.0,76,0,56.74,1,92.0
14714,0,2,1,0,35.0,66,3,67.32,1,91.0
14715,0,3,1,2,30.0,120,2,0.0,1,100.0
14716,1,6,1,3,29.0,18,1,38.71,1,91.0
14717,0,1,1,3,35.0,89,0,15.32,1,68.0
14718,3,3,4,0,23.0,29,0,,0,21.0
14719,0,3,4,0,23.0,91,1,223.2,0,21.0
14720,3,2,1,1,30.0,17,0,32.24,0,22.0
14721,1,2,5,0,30.0,62,1,97.59,1,60.0
14722,1,0,1,2,23.0,6,0,39.79,1,46.0
14723,1,5,1,0,43.0,87,0,0.0,1,68.0
14724,0,3,1,1,30.0,115,5,12.32,1,100.0
14725,1,3,1,1,31.0,62,4,40.04,1,96.0
14726,1,7,5,3,20.0,87,4,120.6,0,28.999999999999996
14727,3,0,1,3,54.0,74,3,86.51,1,62.0
14728,2,1,1,2,58.0,122,2,107.58,1,87.0
14729,0,3,5,0,26.0,38,2,80.05,0,22.0
14730,1,3,5,1,46.0,170,0,86.83,1,95.0
14731,1,0,1,1,33.0,137,0,8.2,0,86.0
14732,1,6,1,3,50.0,106,2,35.18,1,97.0
14733,0,3,1,3,,19,2,19.69,1,94.0
14734,3,1,1,0,34.0,105,4,50.18,1,94.0
14735,0,1,1,1,,166,0,3.16,1,96.0
14736,1,1,1,3,25.0,98,0,0.0,1,87.0
14737,0,1,3,0,34.0,114,4,15.2,1,97.0
14738,1,0,5,0,35.0,155,4,42.9,1,98.0
14739,1,3,5,0,21.0,157,1,148.26,1,90.0
14740,0,4,1,3,26.0,57,1,69.95,0,26.0
14741,0,1,1,4,39.0,69,1,32.39,0,26.0
14742,1,1,0,3,20.0,61,3,33.22,1,98.0
14743,1,5,5,2,35.0,128,1,49.49,1,87.0
14744,3,0,1,2,46.0,152,1,4.26,1,96.0
14745,1,1,2,2,37.0,166,4,152.26,1,99.0
14746,1,3,5,3,37.0,138,1,46.09,1,76.0
14747,1,1,4,4,13.0,58,2,246.22,0,28.999999999999996
14748,1,3,5,2,25.0,164,0,146.95,1,96.0
14749,1,3,4,1,54.0,156,1,229.25,0,27.0
14750,2,1,5,1,28.0,97,1,53.9,0,21.0
14751,1,0,4,1,46.0,81,3,165.4,0,28.999999999999996
14752,0,2,1,1,27.0,136,1,104.65,1,93.0
14753,0,2,1,2,31.0,45,1,0.0,1,86.0
14754,0,3,5,0,39.0,136,-1,94.26,1,95.0
14755,2,0,4,0,35.0,70,0,128.74,0,21.0
14756,2,2,1,1,37.0,102,0,33.97,1,94.0
14757,1,1,1,3,25.0,41,0,106.67,0,13.0
14758,0,1,5,1,22.0,161,3,122.92,1,98.0
14759,0,3,5,1,25.0,27,4,83.05,1,71.0
14760,3,0,1,0,28.0,99,3,42.53,1,96.0
14761,0,0,5,3,31.0,60,1,,1,82.0
14762,3,2,4,0,44.0,39,2,149.09,0,24.0
14763,0,2,4,3,,58,0,143.31,0,53.0
14764,1,1,1,2,38.0,172,1,20.11,1,99.0
14765,0,3,1,0,35.0,166,2,5.43,1,100.0
14766,3,0,1,2,,169,2,38.07,1,94.0
14767,2,2,1,2,34.0,138,1,21.27,1,96.0
14768,1,2,1,1,,165,1,28.75,1,96.0
14769,0,3,5,3,41.0,56,2,91.13,1,83.0
14770,1,7,1,0,23.0,122,1,43.68,1,97.0
14771,1,1,4,1,13.0,139,3,130.69,1,98.0
14772,0,3,4,0,35.0,169,3,123.75,1,93.0
14773,1,5,1,4,37.0,136,1,38.66,1,93.0
14774,2,1,4,4,32.0,149,3,79.33,1,91.0
14775,1,3,3,0,34.0,165,2,58.54,1,91.0
14776,2,3,5,1,42.0,56,3,93.24,1,79.0
14777,1,3,1,3,29.0,66,2,6.95,1,90.0
14778,1,7,5,0,31.0,29,2,93.69,1,88.0
14779,1,3,1,2,34.0,120,3,29.77,0,33.0
14780,1,1,5,2,21.0,153,1,,0,28.000000000000004
14781,1,2,1,1,32.0,53,6,37.53,1,98.0
14782,1,0,5,2,33.0,31,1,107.94,0,16.0
14783,0,0,1,0,50.0,21,0,84.05,0,19.0
14784,1,1,1,3,31.0,135,4,11.12,1,100.0
14785,0,1,5,0,36.0,108,0,90.62,0,27.0
14786,1,2,3,1,43.0,65,1,57.11,1,90.0
14787,2,3,1,2,25.0,13,3,57.32,1,96.0
14788,3,1,1,0,47.0,132,1,10.68,1,95.0
14789,0,0,4,0,51.0,12,3,168.08,1,85.0
14790,1,7,5,2,33.0,86,4,121.94,1,88.0
14791,1,1,1,3,28.0,123,0,3.05,1,97.0
14792,3,3,5,4,50.0,76,1,26.95,1,93.0
14793,1,0,1,4,41.0,82,0,0.0,1,93.0
14794,1,3,1,2,34.0,23,1,106.31,1,44.0
14795,1,1,5,0,48.0,34,2,61.07,1,92.0
14796,1,1,4,1,47.0,67,2,210.59,1,78.0
14797,1,0,5,0,30.0,153,1,29.89,1,96.0
14798,0,2,1,2,36.0,73,0,30.97,1,78.0
14799,1,2,4,2,,165,0,190.3,1,96.0
14800,0,3,1,0,34.0,33,1,46.41,0,23.0
14801,1,1,4,2,20.0,33,1,,0,12.0
14802,1,1,1,0,24.0,18,2,24.78,1,73.0
14803,3,0,1,0,20.0,2,4,0.0,1,85.0
14804,1,0,3,3,38.0,115,4,11.71,1,99.0
14805,2,1,1,2,22.0,35,2,40.83,0,24.0
14806,0,0,5,2,35.0,3,6,,1,96.0
14807,1,2,5,3,52.0,121,2,124.38,0,26.0
14808,3,6,1,3,48.0,153,4,0.0,1,97.0
14809,1,3,5,3,,130,1,,1,94.0
14810,2,0,0,1,21.0,127,1,38.25,1,90.0
14811,1,3,1,2,26.0,176,2,4.53,1,100.0
14812,2,0,4,0,22.0,8,2,147.33,1,83.0
14813,1,0,4,0,17.0,45,6,106.55,1,74.0
14814,0,2,0,0,33.0,13,2,44.25,0,68.0
14815,0,1,5,2,41.0,2,1,75.93,1,87.0
14816,3,0,1,1,43.0,1,2,41.96,1,77.0
14817,3,4,5,2,29.0,85,1,119.09,1,66.0
14818,2,4,2,2,31.0,160,1,109.96,1,89.0
14819,2,1,0,2,37.0,99,1,41.55,1,83.0
14820,1,3,4,2,32.0,137,2,121.05,1,92.0
14821,1,3,1,2,42.0,110,2,67.54,1,100.0
14822,1,0,1,1,38.0,52,2,0.0,1,97.0
14823,1,4,4,3,30.0,171,1,141.91,1,96.0
14824,1,3,5,0,15.0,165,2,136.02,1,95.0
14825,0,3,1,2,48.0,148,0,0.0,1,96.0
14826,1,2,3,2,27.0,162,1,36.46,1,100.0
14827,0,0,1,2,37.0,82,1,,1,91.0
14828,1,3,1,0,14.0,21,3,5.8,1,90.0
14829,1,2,4,1,33.0,19,3,228.06,1,89.0
14830,0,1,5,0,35.0,99,3,62.87,1,89.0
14831,0,0,4,1,35.0,109,2,169.25,1,89.0
14832,0,3,1,3,64.0,67,3,97.51,1,81.0
14833,0,0,5,2,27.0,95,1,0.0,1,88.0
14834,1,2,4,1,42.0,7,3,127.92,0,65.0
14835,0,3,1,0,39.0,50,2,38.03,1,86.0
14836,1,1,0,1,27.0,153,0,116.02,1,94.0
14837,1,1,5,1,42.0,50,2,96.6,1,63.0
14838,0,2,1,3,32.0,153,1,0.0,1,100.0
14839,1,1,1,2,42.0,46,2,52.91,1,55.00000000000001
14840,1,1,4,2,53.0,42,2,241.25,0,11.0
14841,3,1,4,4,,136,3,128.03,1,99.0
14842,3,1,5,0,31.0,162,0,,0,22.0
14843,1,1,5,3,44.0,146,3,115.94,1,98.0
14844,1,1,4,1,47.0,175,2,190.12,1,94.0
14845,1,1,5,1,25.0,79,4,151.33,1,94.0
14846,1,3,1,0,29.0,155,1,83.67,1,91.0
14847,3,1,1,2,40.0,2,4,13.95,1,97.0
14848,1,7,1,4,32.0,145,0,0.0,1,84.0
14849,0,0,1,3,24.0,12,0,0.0,0,54.0
14850,1,2,1,0,39.0,154,1,,1,98.0
14851,3,1,1,1,40.0,39,2,61.49,0,27.0
14852,1,2,1,2,,38,5,22.66,1,96.0
14853,0,1,1,2,34.0,57,2,90.23,1,67.0
14854,1,3,5,3,28.0,56,1,54.05,1,88.0
14855,0,1,1,3,23.0,23,3,70.02,1,92.0
14856,1,0,5,0,29.0,118,1,152.65,1,89.0
14857,1,2,1,0,,21,2,45.37,1,98.0
14858,3,6,4,2,19.0,50,4,141.03,1,90.0
14859,3,0,4,2,29.0,75,1,,0,23.0
14860,2,3,5,1,34.0,165,0,93.13,0,27.0
14861,0,3,5,1,45.0,126,1,153.71,1,92.0
14862,2,4,4,1,30.0,60,4,75.67,1,98.0
14863,1,2,1,3,21.0,48,2,0.0,1,89.0
14864,1,1,4,3,31.0,22,0,177.33,0,28.999999999999996
14865,1,3,5,1,28.0,3,0,67.79,0,60.0
14866,0,1,5,2,39.0,75,-1,60.09,1,84.0
14867,1,2,1,0,30.0,36,1,,1,91.0
14868,1,1,5,4,6.0,92,0,0.0,1,82.0
14869,0,0,5,3,70.0,133,3,142.84,1,94.0
14870,2,3,5,1,35.0,155,4,77.95,1,98.0
14871,1,7,5,0,,135,4,71.48,1,84.0
14872,1,4,1,3,18.0,147,2,0.0,1,99.0
14873,1,0,1,0,19.0,143,2,103.98,1,83.0
14874,1,3,1,3,,140,2,0.0,1,100.0
14875,1,7,1,0,37.0,78,3,0.0,1,93.0
14876,0,3,1,0,,61,1,6.25,0,32.0
14877,0,2,1,3,36.0,110,2,24.9,1,98.0
14878,0,2,1,0,22.0,119,1,24.37,1,96.0
14879,1,2,1,2,8.0,52,2,0.0,1,83.0
14880,2,1,1,3,32.0,121,1,0.0,1,89.0
14881,1,2,2,3,28.0,27,0,179.23,0,32.0
14882,0,3,5,2,21.0,17,4,23.25,1,83.0
14883,2,6,5,0,42.0,6,1,63.82,0,22.0
14884,1,3,1,2,18.0,20,1,34.58,0,67.0
14885,1,4,5,3,40.0,40,0,66.57,1,81.0
14886,2,1,5,2,19.0,166,1,170.05,1,80.0
14887,1,1,4,0,35.0,107,0,198.34,1,75.0
14888,0,4,5,2,43.0,137,1,89.58,1,93.0
14889,1,3,5,3,30.0,30,5,70.14,1,93.0
14890,0,1,4,0,50.0,41,0,110.77,1,84.0
14891,1,2,0,3,53.0,58,0,132.71,1,41.0
14892,1,3,1,3,36.0,117,0,13.21,1,93.0
14893,0,1,5,1,,103,0,53.08,1,86.0
14894,1,4,1,3,44.0,165,0,45.3,0,36.0
14895,1,3,1,3,39.0,42,1,0.0,1,79.0
14896,1,1,5,0,38.0,129,2,113.72,1,91.0
14897,1,0,1,0,28.0,133,1,42.41,0,91.0
14898,1,3,3,0,17.0,76,4,30.36,1,90.0
14899,1,2,4,2,20.0,156,0,198.54,1,84.0
14900,3,3,1,2,57.0,157,1,66.32,1,73.0
14901,1,2,1,0,37.0,88,5,34.01,1,98.0
14902,0,3,1,2,,167,1,20.35,1,94.0
14903,1,0,1,1,46.0,98,2,0.0,1,97.0
14904,1,2,1,2,26.0,36,4,28.45,0,36.0
14905,3,2,1,1,39.0,117,4,0.0,1,100.0
14906,1,7,1,0,34.0,134,0,63.12,1,98.0
14907,3,1,1,0,38.0,177,0,79.02,1,89.0
14908,1,2,5,2,30.0,145,2,148.39,0,37.0
14909,0,3,4,0,24.0,135,1,194.78,1,93.0
14910,0,4,5,0,25.0,99,0,181.41,0,33.0
14911,2,3,5,3,26.0,54,0,50.95,1,86.0
14912,0,3,1,0,33.0,104,0,4.1,0,26.0
14913,0,2,3,3,,175,2,98.5,0,38.0
14914,1,1,1,0,,73,2,26.65,1,79.0
14915,1,4,1,1,35.0,57,3,9.36,1,93.0
14916,3,2,2,1,32.0,103,0,211.33,0,21.0
14917,1,6,0,0,35.0,15,4,0.0,1,72.0
14918,1,2,0,1,33.0,152,2,68.4,1,96.0
14919,0,0,4,1,59.0,28,1,176.2,1,74.0
14920,1,1,4,1,35.0,7,3,104.64,1,59.0
14921,3,4,1,2,30.0,99,3,42.54,1,97.0
14922,0,0,1,1,35.0,122,2,0.0,1,98.0
14923,0,1,5,3,44.0,51,2,80.96,1,94.0
14924,2,0,5,2,33.0,90,1,84.02,0,32.0
14925,1,3,1,3,40.0,76,0,32.26,1,88.0
14926,1,0,5,3,37.0,153,1,107.84,1,94.0
14927,0,2,4,3,31.0,105,2,124.55,1,85.0
14928,1,0,1,2,35.0,24,3,0.0,1,99.0
14929,0,2,4,0,49.0,91,1,151.68,1,88.0
14930,3,0,4,1,36.0,72,2,104.95,0,26.0
14931,0,2,0,4,24.0,120,3,3.93,1,98.0
14932,1,2,5,0,30.0,25,2,69.79,1,90.0
14933,3,2,1,4,12.0,89,3,22.65,1,98.0
14934,0,1,5,3,35.0,174,4,72.29,1,99.0
14935,0,0,5,2,47.0,85,2,79.71,1,80.0
14936,1,0,1,3,20.0,128,0,75.97,1,93.0
14937,3,3,5,1,35.0,139,0,113.82,1,78.0
14938,0,3,2,0,43.0,151,0,137.9,0,20.0
14939,0,3,0,1,44.0,29,0,55.44,1,48.0
14940,2,0,1,0,46.0,13,2,85.22,0,26.0
14941,1,1,1,2,15.0,150,4,68.8,1,99.0
14942,0,6,5,3,39.0,129,4,53.41,1,99.0
14943,2,0,4,1,18.0,130,1,144.46,0,26.0
14944,1,1,2,2,24.0,5,1,181.13,1,74.0
14945,0,1,1,1,42.0,148,3,15.39,1,99.0
14946,3,0,5,0,35.0,19,4,,1,87.0
14947,0,2,1,1,41.0,148,1,101.7,0,34.0
14948,0,1,1,2,24.0,39,4,2.67,0,34.0
14949,2,0,1,2,48.0,152,2,29.9,1,98.0
14950,2,2,1,3,40.0,114,3,7.47,1,97.0
14951,1,3,5,1,42.0,123,2,148.31,1,80.0
14952,1,1,4,0,23.0,70,4,144.86,1,88.0
14953,0,1,5,4,45.0,32,1,119.76,0,17.0
14954,0,0,5,3,30.0,50,4,78.68,0,33.0
14955,0,0,1,0,27.0,89,2,56.28,1,93.0
14956,0,2,4,0,40.0,89,1,195.86,1,85.0
14957,1,3,5,3,39.0,116,6,142.17,1,98.0
14958,0,3,4,0,25.0,78,4,172.12,1,97.0
14959,1,0,0,2,54.0,19,4,48.32,1,86.0
14960,0,0,5,2,52.0,18,0,89.08,0,27.0
14961,0,2,5,0,40.0,55,0,92.4,1,85.0
14962,1,0,1,1,38.0,0,1,67.72,0,19.0
14963,1,2,5,0,37.0,166,2,31.71,1,98.0
14964,0,2,4,1,18.0,36,4,146.8,1,90.0
14965,0,3,1,3,35.0,17,0,,1,95.0
14966,1,2,0,2,34.0,78,1,1.8,1,90.0
14967,3,3,5,4,28.0,133,1,131.83,0,35.0
14968,0,3,1,3,30.0,100,2,0.0,1,95.0
14969,3,3,5,3,10.0,21,1,91.76,1,84.0
14970,0,0,5,2,23.0,10,2,43.71,1,86.0
14971,0,3,1,3,43.0,71,2,38.55,1,94.0
14972,2,2,4,0,51.0,8,2,156.2,0,21.0
14973,0,0,5,0,24.0,140,2,55.63,0,26.0
14974,0,2,4,1,35.0,130,0,202.37,1,89.0
14975,1,0,5,4,44.0,134,0,52.92,1,91.0
14976,0,2,4,1,28.0,45,3,132.97,1,59.0
14977,1,1,1,0,,57,0,0.0,1,84.0
14978,1,1,1,2,33.0,27,1,18.01,1,90.0
14979,1,1,1,1,45.0,30,1,0.0,1,94.0
14980,1,6,1,0,21.0,51,2,,0,24.0
14981,3,0,4,2,22.0,136,2,235.12,0,31.0
14982,1,3,1,3,36.0,90,2,109.66,1,87.0
14983,0,3,4,0,34.0,7,1,215.25,1,46.0
14984,2,2,1,3,,107,1,0.0,1,87.0
14985,0,2,1,1,39.0,85,1,26.77,1,97.0
14986,1,2,4,2,24.0,17,2,141.81,1,85.0
14987,0,2,1,0,20.0,119,0,0.0,1,92.0
14988,0,3,5,1,28.0,48,2,77.8,0,36.0
14989,0,0,0,4,30.0,10,1,30.95,0,12.0
14990,0,3,4,2,,116,3,146.51,1,93.0
14991,3,2,5,3,46.0,129,2,100.16,0,37.0
14992,0,1,5,1,,156,1,77.8,1,91.0
14993,1,3,1,2,39.0,52,4,9.44,1,99.0
14994,0,1,1,2,,153,2,40.27,1,95.0
14995,1,1,4,0,29.0,178,4,193.69,1,96.0
14996,2,2,2,1,25.0,91,3,173.96,1,91.0
14997,1,7,1,3,22.0,5,2,26.61,1,95.0
14998,1,0,1,3,27.0,99,1,38.27,0,33.0
14999,2,3,1,1,,11,0,108.98,1,79.0
15000,0,0,1,3,22.0,161,4,0.0,1,97.0
15001,1,0,5,2,35.0,120,0,95.71,0,27.0
15002,0,2,1,2,32.0,126,1,54.91,1,95.0
15003,2,0,1,1,30.0,36,5,0.0,1,96.0
15004,1,3,5,3,45.0,124,2,76.29,1,90.0
15005,2,3,1,2,9.0,164,3,36.13,1,99.0
15006,1,1,5,1,30.0,7,3,39.36,1,94.0
15007,0,0,4,2,10.0,164,3,147.99,1,84.0
15008,2,6,1,1,36.0,119,4,0.0,1,98.0
15009,1,2,5,0,41.0,115,5,143.49,1,98.0
15010,0,3,1,0,20.0,173,2,0.0,1,98.0
15011,1,0,1,1,21.0,30,1,10.94,0,14.000000000000002
15012,0,2,1,0,17.0,138,1,0.0,1,97.0
15013,0,0,1,0,34.0,163,4,101.06,1,96.0
15014,0,0,1,3,30.0,144,2,91.92,0,28.000000000000004
15015,1,1,1,0,31.0,15,2,102.38,1,71.0
15016,1,2,2,3,,29,2,149.14,1,83.0
15017,1,1,5,0,24.0,38,3,137.0,1,83.0
15018,1,2,4,0,45.0,43,2,140.18,1,76.0
15019,0,0,5,2,36.0,115,1,102.03,0,70.0
15020,2,2,1,4,22.0,36,1,42.81,1,53.0
15021,0,3,1,0,26.0,153,1,35.72,1,98.0
15022,0,0,1,1,25.0,148,0,,1,99.0
15023,3,2,1,1,48.0,91,1,54.14,0,75.0
15024,0,1,3,2,41.0,18,1,94.99,1,77.0
15025,3,1,5,1,32.0,99,1,70.01,1,92.0
15026,0,0,1,1,51.0,138,3,75.09,1,94.0
15027,1,1,1,0,48.0,146,2,0.0,0,90.0
15028,1,0,1,2,31.0,68,0,0.0,1,62.0
15029,0,0,1,1,29.0,129,3,0.0,1,100.0
15030,1,0,1,4,30.0,24,1,0.0,0,16.0
15031,1,2,5,2,24.0,114,1,62.86,0,34.0
15032,0,0,1,0,51.0,89,1,43.48,1,93.0
15033,0,1,5,2,23.0,29,2,52.61,0,69.0
15034,0,3,1,2,42.0,16,1,54.87,0,24.0
15035,1,6,1,3,40.0,84,0,82.72,1,77.0
15036,1,1,4,3,30.0,145,1,228.12,1,86.0
15037,0,0,5,3,52.0,110,1,18.21,1,89.0
15038,3,0,1,4,18.0,91,0,62.67,0,24.0
15039,0,3,4,0,33.0,75,0,175.58,1,88.0
15040,3,1,1,2,29.0,39,1,11.31,1,86.0
15041,0,2,1,0,43.0,133,0,22.16,1,95.0
15042,0,1,5,1,,87,1,80.19,1,92.0
15043,1,0,5,3,16.0,170,0,124.35,1,90.0
15044,0,2,1,3,46.0,144,4,64.48,1,100.0
15045,0,0,1,4,38.0,169,0,77.1,1,88.0
15046,0,0,4,0,23.0,146,1,131.17,1,90.0
15047,0,1,1,2,30.0,110,3,26.64,1,91.0
15048,0,3,1,0,21.0,54,2,79.72,1,88.0
15049,1,0,5,2,32.0,91,2,85.63,1,91.0
15050,0,1,4,2,,156,5,212.13,1,92.0
15051,1,6,1,3,30.0,112,2,19.83,1,95.0
15052,2,3,3,0,29.0,7,4,138.45,1,87.0
15053,1,0,3,3,17.0,7,1,63.11,0,12.0
15054,1,0,1,2,37.0,68,1,0.0,0,21.0
15055,0,2,5,3,14.0,42,3,102.6,1,86.0
15056,0,1,4,3,34.0,97,0,159.06,1,71.0
15057,0,4,1,2,16.0,49,2,0.0,1,91.0
15058,1,2,1,1,34.0,3,4,,1,94.0
15059,0,0,4,1,33.0,107,2,193.47,1,59.0
15060,1,1,5,0,,35,0,72.92,1,83.0
15061,3,3,1,3,,132,0,81.73,0,33.0
15062,3,1,5,0,44.0,18,2,64.12,0,24.0
15063,0,1,5,3,17.0,169,4,67.4,1,97.0
15064,1,1,5,0,,109,2,22.88,1,94.0
15065,0,2,4,0,,142,0,227.13,0,65.0
15066,1,0,1,4,35.0,13,4,106.95,0,32.0
15067,0,3,1,1,25.0,47,3,92.51,1,94.0
15068,1,2,5,1,33.0,71,1,105.61,1,81.0
15069,3,1,1,1,30.0,103,1,0.0,1,87.0
15070,1,3,5,2,22.0,74,5,86.72,1,93.0
15071,0,1,1,1,,107,3,0.0,1,86.0
15072,0,1,1,2,39.0,109,1,57.18,1,86.0
15073,0,1,1,3,20.0,81,4,0.89,1,98.0
15074,1,3,5,2,,62,1,69.37,1,90.0
15075,3,0,5,0,28.0,54,3,46.15,1,96.0
15076,0,1,1,0,17.0,31,1,83.25,0,14.000000000000002
15077,0,0,1,3,19.0,163,0,26.52,0,94.0
15078,1,3,1,3,21.0,108,3,98.28,1,94.0
15079,0,3,5,0,33.0,84,0,98.75,1,88.0
15080,0,1,1,1,29.0,111,0,98.58,0,79.0
15081,1,0,5,1,24.0,105,3,120.14,0,26.0
15082,1,0,5,1,30.0,56,4,114.96,0,24.0
15083,2,1,1,3,41.0,43,3,0.0,1,94.0
15084,1,2,3,0,37.0,161,1,25.3,1,91.0
15085,1,2,1,2,,178,2,0.0,1,97.0
15086,0,3,5,4,31.0,91,1,85.8,1,92.0
15087,0,3,1,0,50.0,137,1,3.68,1,95.0
15088,1,2,1,1,37.0,111,2,54.16,1,97.0
15089,0,2,5,1,29.0,139,0,115.92,0,37.0
15090,1,2,1,1,34.0,168,1,26.61,1,99.0
15091,1,1,5,0,21.0,130,2,24.05,1,92.0
15092,1,1,5,1,30.0,64,3,144.69,1,89.0
15093,2,1,5,0,38.0,100,1,37.93,1,77.0
15094,1,1,1,3,40.0,39,2,74.53,0,22.0
15095,1,1,5,2,29.0,101,2,151.29,0,73.0
15096,0,1,5,1,61.0,29,2,84.14,1,67.0
15097,2,3,1,3,,104,1,0.0,1,93.0
15098,1,0,3,3,17.0,42,1,69.22,0,15.0
15099,0,3,4,0,46.0,90,2,277.22,0,57.99999999999999
15100,1,0,1,3,40.0,29,1,53.01,0,18.0
15101,0,3,4,0,,40,1,167.72,0,66.0
15102,0,3,1,0,29.0,43,0,19.73,1,80.0
15103,0,5,1,3,37.0,36,0,31.95,1,93.0
15104,1,1,1,0,50.0,116,1,25.73,1,90.0
15105,1,0,5,0,36.0,133,1,71.56,1,95.0
15106,1,0,1,0,19.0,82,4,63.52,1,94.0
15107,1,1,4,3,0.0,123,3,,0,88.0
15108,1,3,4,2,37.0,164,0,117.07,0,24.0
15109,0,0,5,4,24.0,0,0,154.89,1,76.0
15110,3,2,0,1,33.0,9,0,92.64,1,75.0
15111,3,2,4,3,25.0,25,5,166.48,1,88.0
15112,2,2,4,3,25.0,144,1,255.45,1,86.0
15113,0,0,1,0,26.0,63,2,0.0,1,95.0
15114,0,1,5,3,,154,0,87.77,1,95.0
15115,1,5,5,1,41.0,67,0,144.64,1,39.0
15116,0,5,5,2,39.0,17,2,80.9,0,27.0
15117,0,0,1,3,21.0,82,2,0.0,1,97.0
15118,0,0,0,3,23.0,109,2,37.08,1,96.0
15119,0,2,1,3,37.0,177,1,65.5,1,96.0
15120,1,4,1,4,44.0,89,5,34.85,1,97.0
15121,1,2,3,1,44.0,19,0,,0,14.000000000000002
15122,3,2,4,2,23.0,120,0,182.52,1,79.0
15123,1,1,4,1,43.0,61,3,83.17,1,76.0
15124,0,0,5,1,16.0,74,2,69.67,0,28.999999999999996
15125,3,1,5,3,31.0,24,1,102.45,1,78.0
15126,0,1,1,4,38.0,123,5,15.01,1,99.0
15127,0,0,5,1,13.0,82,1,50.16,1,86.0
15128,1,0,1,2,,95,5,52.33,1,97.0
15129,1,7,1,0,47.0,64,2,101.16,0,23.0
15130,2,6,5,4,,66,1,102.55,1,93.0
15131,0,3,1,0,24.0,57,3,54.4,1,98.0
15132,0,2,1,2,33.0,39,1,33.69,0,23.0
15133,1,2,4,3,41.0,174,4,183.43,1,99.0
15134,1,2,1,0,22.0,99,4,0.0,1,94.0
15135,3,1,1,3,32.0,170,3,,1,99.0
15136,1,1,1,0,43.0,135,2,38.01,1,93.0
15137,0,0,1,1,19.0,102,4,44.97,1,95.0
15138,1,2,1,3,37.0,61,6,66.56,1,99.0
15139,0,2,5,2,16.0,161,1,36.56,1,95.0
15140,3,2,1,3,,7,2,20.77,1,85.0
15141,0,1,2,2,28.0,24,4,180.19,1,80.0
15142,1,0,1,0,39.0,153,2,,1,96.0
15143,0,1,0,0,26.0,168,1,0.0,1,96.0
15144,0,3,5,2,35.0,79,1,59.82,1,89.0
15145,0,3,5,0,27.0,71,0,,0,20.0
15146,2,3,5,4,28.0,62,2,115.31,1,66.0
15147,0,0,4,0,46.0,74,1,189.13,0,40.0
15148,2,3,1,2,22.0,6,2,86.55,1,95.0
15149,0,4,1,2,41.0,97,1,63.45,1,96.0
15150,1,1,4,4,33.0,84,5,245.03,1,93.0
15151,1,1,1,2,,68,0,21.26,1,82.0
15152,1,0,1,0,21.0,49,2,79.88,0,24.0
15153,3,5,1,2,22.0,170,5,0.0,1,97.0
15154,0,1,5,0,26.0,121,2,106.02,1,90.0
15155,0,0,1,0,32.0,16,0,33.88,0,24.0
15156,1,3,1,1,,148,2,23.35,1,89.0
15157,1,0,1,0,,5,0,26.69,0,53.0
15158,0,2,5,2,31.0,108,2,82.34,1,94.0
15159,0,1,1,2,33.0,74,0,42.93,1,95.0
15160,1,0,1,2,38.0,81,1,23.59,1,62.0
15161,0,1,5,0,40.0,37,1,,1,80.0
15162,1,3,4,2,20.0,62,2,109.16,1,90.0
15163,1,1,5,3,31.0,127,2,99.33,1,96.0
15164,0,0,5,3,46.0,139,0,99.54,0,27.0
15165,1,3,1,2,20.0,149,1,23.58,1,98.0
15166,3,7,1,0,34.0,2,4,50.72,0,19.0
15167,1,3,1,2,32.0,146,1,0.0,1,97.0
15168,1,6,4,3,28.0,170,1,157.06,1,98.0
15169,1,0,1,0,49.0,86,3,14.01,1,99.0
15170,0,0,2,2,34.0,120,0,191.69,1,84.0
15171,0,3,4,0,49.0,132,3,181.66,1,77.0
15172,0,5,1,2,34.0,28,4,49.05,1,87.0
15173,1,3,1,4,38.0,97,3,57.72,1,98.0
15174,1,2,1,0,28.0,107,1,0.0,1,95.0
15175,0,3,1,3,28.0,132,3,45.97,1,96.0
15176,2,4,1,3,38.0,172,2,82.77,1,99.0
15177,2,3,4,3,38.0,151,3,166.95,1,97.0
15178,1,1,1,3,39.0,102,3,26.14,1,96.0
15179,0,0,1,2,37.0,148,1,30.3,1,95.0
15180,3,1,1,2,20.0,31,2,23.99,1,90.0
15181,1,3,4,0,25.0,132,1,165.09,1,90.0
15182,2,0,5,1,42.0,145,2,70.03,1,91.0
15183,1,2,4,1,14.0,34,0,239.08,1,87.0
15184,3,0,2,0,36.0,101,1,157.12,1,59.0
15185,0,1,1,3,32.0,79,1,62.49,1,94.0
15186,3,0,0,1,42.0,98,3,23.8,1,98.0
15187,0,2,1,1,38.0,87,1,26.3,1,96.0
15188,1,2,1,0,27.0,132,3,60.82,1,98.0
15189,3,2,5,3,26.0,8,3,96.2,1,90.0
15190,1,6,1,2,28.0,131,3,32.39,1,96.0
15191,1,1,1,2,39.0,32,2,20.28,1,89.0
15192,0,0,5,1,10.0,90,1,93.55,0,27.0
15193,0,3,5,2,35.0,149,1,89.79,1,97.0
15194,3,2,5,0,25.0,10,6,55.39,1,91.0
15195,1,3,1,1,35.0,68,1,48.88,1,96.0
15196,0,3,4,4,37.0,137,1,185.15,1,91.0
15197,0,0,5,3,,130,0,128.25,0,56.00000000000001
15198,1,3,1,2,31.0,142,3,46.34,1,92.0
15199,1,3,3,3,35.0,122,0,81.56,1,90.0
15200,1,1,4,1,,109,5,116.43,1,90.0
15201,1,3,1,2,32.0,164,1,9.51,1,98.0
15202,3,0,1,3,21.0,167,1,47.44,1,96.0
15203,0,3,1,2,23.0,16,0,1.77,1,85.0
15204,0,0,1,1,20.0,147,1,0.0,1,93.0
15205,3,2,4,1,39.0,131,2,196.27,1,95.0
15206,1,7,1,1,,161,1,30.68,1,92.0
15207,2,3,5,0,33.0,94,4,78.43,1,96.0
15208,0,3,5,3,16.0,161,1,63.93,1,94.0
15209,2,2,3,3,33.0,66,1,,1,84.0
15210,1,1,1,1,40.0,27,5,28.25,1,96.0
15211,3,3,1,3,15.0,104,1,-10.0,1,93.0
15212,1,0,1,4,28.0,115,1,74.15,1,85.0
15213,1,1,1,3,18.0,163,0,0.0,1,94.0
15214,0,1,1,2,29.0,162,2,,1,100.0
15215,1,1,4,3,24.0,168,1,199.34,0,86.0
15216,0,7,1,1,37.0,58,3,39.44,0,26.0
15217,0,2,5,3,35.0,73,0,55.1,1,84.0
15218,0,2,1,2,46.0,144,2,0.0,1,100.0
15219,1,7,5,2,33.0,29,4,84.76,1,84.0
15220,1,4,4,2,37.0,51,2,171.04,0,18.0
15221,1,0,1,1,28.0,150,4,69.46,1,96.0
15222,0,0,4,0,22.0,18,2,183.61,0,43.0
15223,1,3,5,1,42.0,36,2,70.44,1,93.0
15224,1,6,4,2,46.0,106,2,159.68,1,88.0
15225,1,3,5,3,41.0,35,1,105.25,1,77.0
15226,1,2,1,2,35.0,67,1,90.82,1,41.0
15227,0,1,0,0,24.0,153,4,39.33,1,89.0
15228,2,3,1,0,,103,1,41.72,1,87.0
15229,1,2,5,2,39.0,120,0,65.37,1,93.0
15230,0,1,4,4,54.0,154,2,155.49,1,95.0
15231,0,1,5,0,22.0,179,4,99.48,1,94.0
15232,0,3,1,2,42.0,43,2,31.5,1,93.0
15233,0,2,4,1,39.0,32,3,161.14,1,89.0
15234,0,1,3,3,30.0,109,2,33.19,1,93.0
15235,0,7,1,1,,89,2,,1,92.0
15236,1,1,1,0,38.0,62,2,81.35,1,90.0
15237,0,0,1,4,24.0,71,3,85.29,1,88.0
15238,0,3,4,1,32.0,79,-1,212.58,0,23.0
15239,1,1,4,3,24.0,33,1,110.14,0,18.0
15240,1,3,1,2,,110,1,70.0,1,99.0
15241,3,3,1,1,41.0,26,6,62.67,1,95.0
15242,0,2,5,3,43.0,163,3,166.4,1,91.0
15243,0,2,4,0,36.0,131,3,177.08,1,91.0
15244,3,1,5,2,26.0,105,2,98.59,1,94.0
15245,0,7,5,0,37.0,52,2,,1,50.0
15246,0,3,1,2,41.0,36,1,119.93,1,42.0
15247,0,0,5,1,14.0,99,0,78.21,1,84.0
15248,2,3,1,1,35.0,78,0,75.16,1,87.0
15249,0,2,4,2,32.0,177,2,145.32,1,95.0
15250,0,3,1,0,43.0,112,2,29.31,1,99.0
15251,1,2,4,0,37.0,69,3,155.11,0,28.000000000000004
15252,3,4,1,0,38.0,153,0,0.27,1,95.0
15253,0,1,4,1,29.0,89,3,202.14,1,88.0
15254,1,2,1,2,34.0,119,0,,1,99.0
15255,2,1,1,2,,24,1,80.16,0,24.0
15256,0,1,5,0,33.0,160,1,95.31,1,94.0
15257,1,1,0,1,,164,1,86.05,1,97.0
15258,0,1,4,2,18.0,165,3,111.4,1,95.0
15259,0,2,5,2,,26,2,139.41,0,20.0
15260,2,4,5,0,13.0,12,2,134.4,1,46.0
15261,1,3,4,4,28.0,150,4,201.61,1,96.0
15262,2,2,4,2,,86,2,183.94,0,80.0
15263,0,0,5,1,41.0,98,3,123.03,1,96.0
15264,1,3,4,3,24.0,87,1,170.95,0,34.0
15265,3,1,1,2,37.0,164,1,46.4,1,92.0
15266,0,3,1,2,48.0,139,0,27.49,1,81.0
15267,1,3,5,1,27.0,53,3,80.13,1,84.0
15268,0,0,0,2,,19,2,0.0,1,93.0
15269,2,3,1,4,36.0,145,1,0.0,1,97.0
15270,1,1,1,1,22.0,6,3,113.65,1,51.0
15271,1,2,1,3,25.0,89,2,3.6,1,97.0
15272,1,2,4,3,43.0,93,2,131.44,1,64.0
15273,1,0,3,2,52.0,129,2,135.04,1,90.0
15274,0,1,4,3,23.0,53,1,262.3,0,10.0
15275,0,1,3,2,26.0,7,4,136.95,0,68.0
15276,1,3,0,2,29.0,160,4,52.6,1,99.0
15277,1,4,0,1,28.0,173,1,0.0,1,91.0
15278,1,1,0,1,53.0,169,1,91.45,1,94.0
15279,3,5,4,1,28.0,118,2,165.27,1,74.0
15280,1,1,1,2,30.0,127,1,0.0,1,96.0
15281,3,2,1,3,50.0,62,3,18.27,1,92.0
15282,0,2,4,3,,116,2,201.67,1,93.0
15283,1,2,5,1,43.0,108,2,55.59,1,97.0
15284,2,3,1,1,24.0,87,2,64.56,1,94.0
15285,0,3,1,2,28.0,160,2,0.0,1,100.0
15286,0,3,4,0,23.0,68,2,128.9,1,89.0
15287,3,1,4,0,42.0,123,3,192.9,1,94.0
15288,1,2,1,2,46.0,3,2,4.7,1,96.0
15289,1,1,1,4,28.0,105,2,63.04,1,90.0
15290,0,1,4,0,30.0,106,2,,1,88.0
15291,1,0,5,0,30.0,156,1,68.1,1,100.0
15292,1,1,4,1,18.0,20,3,193.43,0,24.0
15293,1,3,5,3,27.0,153,3,,1,97.0
15294,1,2,4,3,41.0,85,0,208.6,1,86.0
15295,0,2,1,1,25.0,40,4,26.91,1,71.0
15296,1,1,1,1,34.0,77,2,73.4,1,88.0
15297,0,3,5,1,20.0,161,1,86.75,1,96.0
15298,0,3,5,0,32.0,171,2,129.35,1,96.0
15299,0,7,4,2,28.0,128,2,199.31,1,73.0
15300,1,2,1,2,21.0,159,2,124.35,1,89.0
15301,0,3,4,0,41.0,159,0,193.15,1,88.0
15302,1,3,1,0,42.0,50,3,10.75,1,96.0
15303,0,1,5,1,24.0,117,2,97.45,1,83.0
15304,2,0,1,1,31.0,23,2,0.64,0,12.0
15305,0,3,5,3,34.0,171,0,48.86,1,94.0
15306,0,1,5,1,15.0,75,2,79.98,1,89.0
15307,0,1,1,4,20.0,83,2,36.52,1,66.0
15308,1,3,1,3,46.0,36,3,15.57,0,42.0
15309,2,0,5,1,23.0,83,1,19.83,1,87.0
15310,2,2,4,3,46.0,65,2,103.4,0,24.0
15311,1,0,1,3,20.0,13,4,48.89,1,93.0
15312,0,3,1,1,40.0,144,2,0.0,1,99.0
15313,3,0,1,2,30.0,87,1,58.96,1,83.0
15314,3,1,2,0,,14,5,221.77,1,53.0
15315,0,1,1,0,52.0,60,0,13.04,1,89.0
15316,0,0,1,3,21.0,176,3,19.38,1,97.0
15317,1,2,5,2,39.0,97,1,,1,92.0
15318,3,0,5,4,39.0,116,1,73.99,1,93.0
15319,1,7,1,1,67.0,135,2,0.0,1,96.0
15320,0,2,4,1,23.0,2,2,146.65,0,26.0
15321,1,0,5,0,27.0,74,0,72.15,1,88.0
15322,1,4,5,1,42.0,154,-1,113.56,1,97.0
15323,0,2,1,1,31.0,136,0,0.0,0,32.0
15324,3,0,4,3,29.0,14,1,196.07,0,47.0
15325,1,3,1,2,,31,3,64.23,1,92.0
15326,0,1,1,2,31.0,10,1,0.0,1,57.99999999999999
15327,1,3,1,1,25.0,130,2,71.7,0,35.0
15328,1,4,5,1,41.0,25,1,0.0,0,14.000000000000002
15329,0,1,3,1,37.0,6,2,,0,62.0
15330,0,2,5,0,30.0,91,3,30.5,1,95.0
15331,1,3,1,0,30.0,38,1,81.76,0,25.0
15332,1,2,5,3,24.0,3,1,103.85,1,50.0
15333,1,1,5,0,41.0,29,1,73.42,0,25.0
15334,1,0,1,4,30.0,165,2,62.15,1,95.0
15335,3,1,4,0,26.0,50,1,158.55,1,81.0
15336,3,1,1,4,21.0,35,5,122.73,1,90.0
15337,1,2,3,0,37.0,94,0,132.31,1,88.0
15338,0,7,0,0,28.0,112,3,90.69,1,99.0
15339,3,1,5,3,13.0,116,1,42.26,1,91.0
15340,1,0,2,1,21.0,59,4,240.64,0,28.999999999999996
15341,2,1,4,1,31.0,50,4,,1,97.0
15342,3,2,0,1,31.0,176,5,0.0,1,97.0
15343,1,3,1,3,31.0,14,3,11.61,1,89.0
15344,1,0,1,2,30.0,90,2,69.44,1,94.0
15345,3,2,4,0,19.0,123,2,153.09,1,97.0
15346,0,1,5,3,,83,1,92.48,1,91.0
15347,1,5,1,2,45.0,155,2,0.0,1,99.0
15348,1,3,1,3,44.0,152,2,35.3,1,99.0
15349,0,2,4,3,39.0,163,2,178.34,1,86.0
15350,0,2,5,2,38.0,3,2,-10.0,1,94.0
15351,0,3,1,1,43.0,20,0,25.69,1,85.0
15352,3,4,1,0,22.0,90,1,31.13,1,61.0
15353,1,2,1,1,34.0,68,2,30.09,1,97.0
15354,0,3,5,3,22.0,137,3,137.97,1,97.0
15355,0,2,4,2,22.0,49,3,205.89,1,90.0
15356,0,3,4,3,37.0,9,0,215.39,0,3.0
15357,1,1,1,1,43.0,89,3,14.79,1,95.0
15358,3,5,4,1,32.0,143,2,109.84,1,95.0
15359,2,2,1,1,50.0,165,0,6.69,1,88.0
15360,0,6,1,0,36.0,66,3,9.33,1,96.0
15361,0,1,4,1,26.0,19,1,104.18,1,54.0
15362,1,0,1,4,23.0,110,1,40.74,0,28.000000000000004
15363,0,3,1,0,44.0,68,1,50.54,1,89.0
15364,0,0,4,4,35.0,24,1,111.53,1,84.0
15365,0,0,1,2,40.0,88,2,0.0,1,95.0
15366,3,4,5,3,7.0,53,2,67.89,1,88.0
15367,0,1,4,3,36.0,11,1,210.75,0,10.0
15368,1,2,5,0,28.0,64,2,10.63,1,94.0
15369,0,0,1,0,20.0,66,6,64.56,1,87.0
15370,1,1,1,0,33.0,148,0,38.57,1,95.0
15371,1,3,1,3,44.0,132,1,0.0,1,96.0
15372,1,2,1,0,56.0,78,0,9.21,0,28.000000000000004
15373,0,3,5,2,36.0,131,2,57.67,1,85.0
15374,0,0,1,2,26.0,18,2,53.77,1,90.0
15375,0,2,1,0,26.0,80,2,7.29,1,94.0
15376,0,0,5,3,43.0,54,2,66.8,0,26.0
15377,0,2,3,1,24.0,60,0,49.82,1,66.0
15378,1,0,4,3,40.0,100,5,189.98,1,92.0
15379,2,3,1,1,36.0,151,1,0.0,1,94.0
15380,1,3,4,1,35.0,146,5,139.09,1,100.0
15381,1,4,5,0,18.0,23,4,59.97,1,79.0
15382,0,2,1,2,,53,4,16.03,1,97.0
15383,1,3,1,0,19.0,148,0,0.0,0,87.0
15384,1,2,1,1,28.0,80,2,,0,27.0
15385,0,2,5,0,43.0,18,2,64.18,1,93.0
15386,0,3,1,1,46.0,177,3,0.0,1,98.0
15387,0,1,4,0,36.0,150,4,156.36,1,99.0
15388,3,1,5,2,28.0,36,1,101.97,1,85.0
15389,0,2,4,2,49.0,27,1,134.36,1,83.0
15390,2,3,1,3,28.0,79,2,0.0,1,94.0
15391,1,1,1,4,22.0,70,0,0.0,1,91.0
15392,0,0,1,1,40.0,148,1,28.37,0,91.0
15393,2,2,1,4,38.0,20,5,0.0,1,97.0
15394,0,1,4,4,28.0,168,0,142.55,1,92.0
15395,0,3,1,2,35.0,34,3,0.0,1,97.0
15396,1,3,1,0,38.0,109,1,2.93,1,98.0
15397,1,2,1,3,36.0,0,5,17.63,1,95.0
15398,0,7,1,2,38.0,91,3,35.6,1,85.0
15399,1,0,4,0,28.0,90,2,125.57,1,87.0
15400,2,0,5,2,39.0,69,1,50.77,1,93.0
15401,1,1,5,1,34.0,131,3,96.48,1,97.0
15402,3,3,0,3,29.0,0,2,69.41,1,83.0
15403,3,0,4,2,31.0,148,0,89.36,1,65.0
15404,1,2,5,3,33.0,98,5,73.48,1,97.0
15405,1,3,1,0,19.0,91,-1,32.63,1,95.0
15406,2,1,1,3,27.0,81,2,-10.0,1,91.0
15407,3,2,4,0,34.0,115,2,173.57,0,71.0
15408,0,2,5,3,20.0,124,2,,1,97.0
15409,1,2,5,0,27.0,51,1,90.71,1,90.0
15410,0,0,1,0,57.0,98,2,49.83,1,90.0
15411,0,2,1,0,22.0,52,0,47.01,0,31.0
15412,1,0,3,2,30.0,84,1,60.61,1,93.0
15413,0,2,5,1,25.0,79,1,,0,78.0
15414,1,0,5,3,32.0,55,0,120.39,0,11.0
15415,1,3,5,1,25.0,102,2,55.54,1,95.0
15416,1,0,1,1,,86,1,30.93,1,94.0
15417,1,0,5,4,,32,1,60.58,1,85.0
15418,1,3,4,1,44.0,22,4,162.57,0,33.0
15419,0,2,4,3,34.0,5,2,107.21,1,86.0
15420,1,3,1,3,23.0,84,1,0.0,1,95.0
15421,1,2,1,1,42.0,174,1,43.62,1,100.0
15422,1,0,4,3,24.0,4,2,147.77,1,63.0
15423,3,2,5,4,18.0,76,2,150.15,0,68.0
15424,0,0,5,0,33.0,82,1,122.85,1,84.0
15425,0,2,4,4,53.0,8,1,227.03,0,6.0
15426,0,0,5,2,,2,2,82.92,0,28.000000000000004
15427,3,0,5,1,20.0,45,3,48.13,0,84.0
15428,1,1,1,4,41.0,38,2,0.0,0,30.0
15429,0,2,1,1,27.0,12,4,20.15,1,92.0
15430,0,2,1,3,40.0,40,1,7.22,1,94.0
15431,0,1,4,1,25.0,138,1,158.19,1,97.0
15432,1,0,1,2,35.0,40,1,0.0,0,56.99999999999999
15433,0,0,1,3,51.0,74,3,0.0,0,27.0
15434,1,1,4,3,22.0,174,3,137.56,1,98.0
15435,0,1,5,2,44.0,176,3,71.95,1,100.0
15436,0,3,5,3,40.0,34,4,3.57,1,84.0
15437,1,0,1,1,19.0,162,2,0.0,1,98.0
15438,2,7,4,2,,66,1,112.22,1,87.0
15439,1,2,1,0,,131,4,79.45,0,44.0
15440,2,3,0,1,34.0,23,1,28.88,1,83.0
15441,0,1,0,3,,93,1,22.12,1,94.0
15442,1,1,1,1,,95,4,0.0,1,96.0
15443,1,1,1,2,34.0,112,2,50.22,1,97.0
15444,3,1,5,3,36.0,83,4,39.32,1,94.0
15445,1,3,1,3,41.0,163,3,103.79,1,99.0
15446,1,3,5,2,18.0,55,2,152.53,1,91.0
15447,1,3,1,0,46.0,3,3,98.67,1,59.0
15448,0,1,1,3,22.0,167,3,39.63,1,93.0
15449,0,1,5,3,41.0,170,1,,1,95.0
15450,1,0,4,3,34.0,57,2,144.61,1,80.0
15451,1,0,4,0,21.0,61,1,131.62,1,83.0
15452,1,1,4,1,,134,2,176.1,1,87.0
15453,1,0,5,0,,136,0,,1,57.99999999999999
15454,0,2,5,1,44.0,21,2,-10.0,1,95.0
15455,0,2,5,3,26.0,3,3,56.53,1,84.0
15456,1,1,5,4,19.0,127,2,114.36,1,96.0
15457,1,7,1,1,49.0,163,2,54.37,1,97.0
15458,1,2,5,1,35.0,34,3,74.56,1,85.0
15459,3,2,1,1,42.0,32,2,0.0,1,72.0
15460,3,3,1,3,25.0,134,3,0.0,1,89.0
15461,2,0,5,2,15.0,104,4,93.63,1,90.0
15462,1,3,0,0,50.0,120,2,0.0,1,99.0
15463,1,0,1,1,33.0,174,0,0.0,1,96.0
15464,1,0,1,3,38.0,63,2,20.4,1,94.0
15465,1,7,4,3,40.0,120,2,113.52,0,34.0
15466,0,0,1,3,30.0,170,3,35.93,1,100.0
15467,0,2,1,3,36.0,17,1,11.67,1,91.0
15468,2,1,4,1,49.0,2,0,166.94,0,31.0
15469,2,0,1,0,,58,0,88.79,1,85.0
15470,1,2,1,3,43.0,115,1,25.15,1,96.0
15471,0,3,1,0,14.0,38,2,12.16,1,92.0
15472,1,0,1,0,45.0,63,1,60.93,1,65.0
15473,1,2,1,0,18.0,80,4,,1,93.0
15474,0,0,1,4,,59,2,0.0,1,93.0
15475,1,7,1,3,37.0,104,3,77.34,0,31.0
15476,0,5,4,3,33.0,169,3,128.14,1,97.0
15477,1,4,3,3,33.0,108,2,47.56,1,89.0
15478,0,1,5,0,31.0,4,2,129.49,1,32.0
15479,0,0,1,3,25.0,45,2,73.48,1,87.0
15480,1,0,1,3,31.0,131,1,15.52,1,94.0
15481,2,3,2,0,56.0,13,0,177.69,0,20.0
15482,1,0,1,3,47.0,10,2,0.0,0,56.00000000000001
15483,0,2,4,1,25.0,21,4,175.51,1,87.0
15484,0,2,1,2,36.0,105,0,0.0,1,95.0
15485,0,1,2,1,,4,5,199.62,0,17.0
15486,3,5,1,1,32.0,139,1,18.54,1,96.0
15487,1,2,1,1,23.0,148,1,0.0,1,100.0
15488,0,1,5,0,,78,1,83.41,1,86.0
15489,0,1,5,3,42.0,23,1,27.45,1,83.0
15490,3,2,1,4,25.0,12,1,42.13,1,73.0
15491,1,2,4,1,53.0,95,0,163.85,0,25.0
15492,0,2,0,3,49.0,25,3,,1,92.0
15493,0,3,1,0,39.0,39,0,11.05,1,63.0
15494,1,3,5,1,21.0,25,1,26.04,1,55.00000000000001
15495,0,2,5,3,38.0,172,2,61.66,1,95.0
15496,1,0,2,3,36.0,29,2,96.13,0,14.000000000000002
15497,0,2,1,2,39.0,63,0,,1,87.0
15498,2,7,1,1,49.0,110,2,0.0,1,100.0
15499,0,1,5,1,,72,1,16.31,1,98.0
15500,0,0,1,2,54.0,87,1,,1,99.0
15501,0,0,0,4,38.0,123,2,103.72,1,88.0
15502,1,1,1,3,31.0,165,1,16.57,1,100.0
15503,1,0,0,1,,145,3,38.99,1,97.0
15504,0,1,0,1,,136,1,0.0,0,85.0
15505,1,3,1,2,29.0,127,3,29.27,1,95.0
15506,1,0,5,1,34.0,37,0,,0,14.000000000000002
15507,0,0,5,1,40.0,148,1,15.81,1,95.0
15508,1,1,1,0,32.0,70,1,76.44,0,70.0
15509,1,1,1,2,35.0,139,3,16.62,1,98.0
15510,0,3,1,3,25.0,35,2,47.49,1,83.0
15511,1,1,1,1,17.0,121,3,107.58,1,96.0
15512,3,5,5,3,35.0,10,2,44.21,1,80.0
15513,2,3,4,1,35.0,127,1,180.81,1,84.0
15514,0,2,3,0,39.0,26,3,38.39,1,90.0
15515,1,2,5,2,,73,2,54.29,1,99.0
15516,0,1,1,2,20.0,80,4,54.43,1,91.0
15517,2,3,0,3,24.0,106,5,11.26,1,97.0
15518,0,2,4,0,44.0,64,1,145.75,0,74.0
15519,1,3,4,3,27.0,161,0,118.15,1,94.0
15520,0,1,1,0,29.0,126,2,7.46,1,97.0
15521,2,1,1,1,30.0,33,3,,1,96.0
15522,0,3,5,1,27.0,63,0,99.06,0,59.0
15523,0,0,1,4,27.0,16,1,29.73,1,45.0
15524,0,5,5,1,,178,2,84.13,1,95.0
15525,0,1,4,2,48.0,104,3,184.86,0,87.0
15526,1,1,1,0,40.0,88,0,76.79,0,28.000000000000004
15527,0,1,4,0,46.0,107,1,62.6,0,80.0
15528,1,3,2,3,48.0,175,1,230.73,1,70.0
15529,0,3,2,0,10.0,138,1,155.41,1,94.0
15530,1,7,1,3,37.0,147,2,117.74,1,93.0
15531,0,3,1,0,28.0,67,2,48.94,0,25.0
15532,1,0,5,4,45.0,161,1,99.21,0,30.0
15533,0,3,1,2,26.0,41,2,9.14,1,95.0
15534,0,3,1,2,23.0,168,0,4.6,1,98.0
15535,1,1,1,3,19.0,144,2,74.64,0,36.0
15536,1,4,5,3,30.0,11,3,86.67,0,28.000000000000004
15537,1,1,1,1,43.0,67,0,71.06,1,92.0
15538,2,0,1,3,36.0,40,0,0.02,0,32.0
15539,0,2,1,3,21.0,141,2,11.3,1,96.0
15540,0,0,5,2,55.0,3,2,0.0,1,88.0
15541,1,0,5,4,40.0,125,2,9.56,1,98.0
15542,0,1,1,3,41.0,76,3,39.35,1,99.0
15543,2,0,4,1,46.0,73,0,98.65,0,24.0
15544,2,0,1,0,17.0,141,0,60.16,1,97.0
15545,0,1,3,3,24.0,8,3,73.32,1,83.0
15546,1,2,5,4,42.0,170,2,66.52,1,100.0
15547,1,2,5,0,25.0,147,1,65.7,1,96.0
15548,1,2,1,0,,0,3,56.0,1,85.0
15549,1,0,4,0,33.0,107,4,208.96,0,34.0
15550,1,1,4,0,21.0,92,1,71.79,0,74.0
15551,1,2,5,3,30.0,71,0,98.59,0,63.0
15552,1,2,1,0,43.0,16,1,51.54,1,56.00000000000001
15553,3,2,1,0,41.0,88,2,34.54,1,90.0
15554,0,2,5,1,45.0,19,2,87.23,1,94.0
15555,2,1,1,1,44.0,58,0,41.57,1,84.0
15556,0,2,5,0,38.0,140,3,134.65,0,32.0
15557,1,0,1,3,37.0,120,1,32.32,0,32.0
15558,0,0,5,1,,76,2,21.82,1,94.0
15559,1,1,1,1,27.0,174,1,28.9,0,96.0
15560,0,3,0,0,23.0,49,4,0.0,0,86.0
15561,1,2,1,3,27.0,93,4,0.0,1,99.0
15562,3,2,1,2,30.0,167,2,18.33,1,97.0
15563,1,0,5,3,27.0,134,1,82.47,1,94.0
15564,1,1,3,1,38.0,54,1,57.56,1,64.0
15565,3,7,5,4,36.0,50,2,142.74,0,33.0
15566,1,0,5,1,37.0,75,0,78.23,0,24.0
15567,0,3,3,1,37.0,129,2,135.92,1,90.0
15568,0,5,1,1,45.0,13,2,4.16,1,90.0
15569,2,1,1,0,33.0,105,1,97.8,0,22.0
15570,3,1,1,0,44.0,144,2,0.0,1,96.0
15571,3,0,3,0,39.0,76,5,114.98,1,88.0
15572,1,5,1,1,45.0,128,1,92.37,1,92.0
15573,2,4,1,0,50.0,118,4,23.76,1,97.0
15574,0,0,5,1,39.0,110,4,64.12,1,93.0
15575,0,6,4,3,35.0,0,1,168.22,0,16.0
15576,1,0,5,2,34.0,110,0,87.82,1,86.0
15577,0,0,5,3,29.0,25,1,58.19,0,65.0
15578,3,2,5,2,28.0,115,1,68.36,1,74.0
15579,3,3,1,0,43.0,173,4,78.22,1,97.0
15580,0,2,5,2,24.0,12,3,38.41,0,20.0
15581,1,2,4,3,,33,2,224.27,0,16.0
15582,1,1,1,3,32.0,61,2,0.0,1,84.0
15583,2,1,1,2,62.0,72,0,64.46,0,14.000000000000002
15584,0,2,1,4,27.0,50,2,91.07,1,57.99999999999999
15585,0,1,1,4,,40,1,1.86,1,78.0
15586,1,2,4,4,30.0,54,3,,1,92.0
15587,0,1,1,2,26.0,155,3,24.36,1,97.0
15588,0,0,1,0,44.0,93,2,0.0,0,33.0
15589,3,1,4,2,22.0,134,3,167.28,1,93.0
15590,0,1,5,1,27.0,1,0,65.66,0,25.0
15591,1,0,5,1,39.0,1,2,112.56,1,85.0
15592,0,2,4,0,41.0,155,0,168.0,1,90.0
15593,1,1,1,0,20.0,53,1,97.4,0,19.0
15594,3,1,5,4,39.0,93,3,88.41,1,98.0
15595,1,0,1,2,,57,3,37.71,0,90.0
15596,0,4,0,1,24.0,174,2,52.71,1,98.0
15597,1,0,1,3,26.0,60,3,131.47,1,88.0
15598,0,3,1,1,13.0,103,1,62.84,1,81.0
15599,0,0,4,3,51.0,167,4,145.04,1,99.0
15600,0,2,4,3,44.0,17,1,154.27,1,79.0
15601,1,5,4,1,21.0,141,2,101.37,1,96.0
15602,1,1,0,4,41.0,24,0,6.23,1,84.0
15603,1,3,4,1,28.0,137,3,80.39,1,95.0
15604,0,1,5,0,43.0,99,1,106.64,0,47.0
15605,1,1,1,2,,47,5,0.0,1,99.0
15606,0,2,5,3,30.0,175,2,75.97,1,97.0
15607,2,1,1,1,31.0,52,0,3.44,1,89.0
15608,2,6,1,1,27.0,136,2,22.73,1,99.0
15609,0,7,4,2,47.0,138,1,198.73,1,90.0
15610,0,2,5,2,42.0,26,3,,1,85.0
15611,1,0,1,2,35.0,58,0,0.0,1,70.0
15612,0,0,5,3,44.0,140,1,0.0,1,94.0
15613,2,3,2,1,17.0,138,2,153.15,1,98.0
15614,1,1,5,3,21.0,56,0,100.76,0,46.0
15615,0,2,1,3,38.0,109,1,0.96,0,32.0
15616,2,0,1,0,41.0,105,0,57.65,1,88.0
15617,2,2,1,2,36.0,23,1,30.52,1,86.0
15618,1,0,4,0,15.0,176,1,,1,97.0
15619,0,2,1,0,23.0,167,3,60.53,1,99.0
15620,1,1,0,3,38.0,78,0,30.55,1,87.0
15621,1,3,1,3,58.0,83,1,25.03,0,37.0
15622,3,1,4,1,46.0,1,2,84.23,0,15.0
15623,2,2,5,0,49.0,142,1,16.89,1,99.0
15624,0,0,5,2,37.0,47,0,38.09,0,53.0
15625,1,0,1,0,37.0,97,3,42.69,1,97.0
15626,2,3,1,1,23.0,45,0,52.16,1,85.0
15627,0,1,4,0,43.0,94,0,139.55,1,85.0
15628,1,1,4,0,33.0,157,1,198.91,1,70.0
15629,0,1,4,0,40.0,155,2,-10.0,0,36.0
15630,1,0,4,1,34.0,179,1,189.32,1,87.0
15631,0,3,4,0,,96,3,176.85,0,31.0
15632,0,0,5,3,33.0,168,3,60.7,1,98.0
15633,1,1,4,0,36.0,112,2,109.45,0,26.0
15634,1,6,5,3,44.0,20,2,48.64,0,23.0
15635,1,0,0,0,21.0,86,2,89.8,0,27.0
15636,1,3,1,3,19.0,41,3,23.99,1,94.0
15637,0,1,4,0,38.0,12,1,,0,52.0
15638,2,2,1,2,48.0,44,2,0.0,1,84.0
15639,1,4,4,3,50.0,89,0,129.32,0,28.000000000000004
15640,1,2,1,2,21.0,146,1,0.0,1,99.0
15641,0,2,1,4,,154,0,19.75,1,89.0
15642,2,3,1,0,19.0,167,1,,1,99.0
15643,1,0,1,1,28.0,134,2,80.91,1,96.0
15644,1,7,1,0,45.0,24,1,13.36,1,97.0
15645,0,1,1,1,33.0,176,5,69.08,1,100.0
15646,1,2,4,2,30.0,103,4,161.56,1,98.0
15647,1,3,1,1,39.0,163,2,13.79,1,96.0
15648,0,7,1,1,26.0,70,0,58.38,1,74.0
15649,0,1,1,1,49.0,118,2,8.43,1,97.0
15650,0,4,5,1,34.0,83,1,91.07,1,88.0
15651,0,3,3,2,29.0,151,1,,1,84.0
15652,0,2,5,1,39.0,91,1,26.11,1,93.0
15653,1,2,0,0,43.0,112,2,24.23,1,91.0
15654,1,6,1,3,49.0,68,2,0.0,0,24.0
15655,1,2,5,3,31.0,51,0,137.9,0,21.0
15656,1,3,4,0,44.0,163,0,212.44,1,77.0
15657,0,2,1,2,35.0,178,0,0.0,1,95.0
15658,2,3,1,0,27.0,32,1,26.63,1,94.0
15659,3,0,1,0,26.0,52,1,93.5,1,80.0
15660,0,2,1,1,23.0,37,3,45.14,1,97.0
15661,1,0,5,1,26.0,171,1,82.55,1,100.0
15662,1,7,5,2,45.0,4,1,65.46,0,18.0
15663,2,1,1,2,41.0,117,2,41.35,0,43.0
15664,0,0,1,3,21.0,30,4,52.03,0,35.0
15665,0,2,4,2,16.0,136,1,153.18,1,82.0
15666,0,1,4,0,22.0,31,4,222.82,1,57.99999999999999
15667,0,0,4,3,26.0,168,2,192.93,1,91.0
15668,2,3,1,3,30.0,4,3,76.87,1,97.0
15669,1,3,5,1,,178,0,104.04,0,28.000000000000004
15670,0,3,1,1,28.0,53,4,33.19,0,30.0
15671,2,0,1,3,50.0,27,0,59.65,0,21.0
15672,1,3,1,1,17.0,170,0,63.07,1,88.0
15673,0,0,5,1,30.0,11,4,,1,95.0
15674,1,2,1,1,41.0,16,2,19.31,1,92.0
15675,3,2,4,3,42.0,7,1,142.01,0,19.0
15676,1,0,1,3,,17,3,91.79,1,90.0
15677,0,0,1,3,44.0,116,0,84.41,1,81.0
15678,1,1,1,0,42.0,9,5,53.01,1,83.0
15679,0,3,1,3,27.0,38,1,115.72,1,79.0
15680,1,2,1,1,37.0,40,0,6.07,0,25.0
15681,1,2,1,3,41.0,107,5,55.16,1,100.0
15682,0,1,1,0,27.0,43,2,0.0,1,92.0
15683,3,0,1,1,50.0,42,1,0.0,1,85.0
15684,1,0,5,2,25.0,174,4,36.29,0,34.0
15685,1,1,1,4,35.0,110,1,0.0,1,74.0
15686,0,3,5,3,21.0,175,3,78.56,1,96.0
15687,0,0,5,2,35.0,18,1,80.46,0,38.0
15688,3,4,1,1,23.0,20,2,81.24,1,88.0
15689,1,7,2,3,31.0,2,1,159.66,1,49.0
15690,0,7,5,0,,103,1,83.49,1,92.0
15691,1,1,1,1,41.0,55,3,99.0,1,88.0
15692,1,1,4,3,37.0,126,3,200.28,1,97.0
15693,0,1,4,1,44.0,170,3,159.75,1,99.0
15694,0,0,4,4,30.0,128,2,122.99,1,98.0
15695,0,1,5,2,45.0,87,0,34.84,1,91.0
15696,1,0,1,3,34.0,35,0,19.22,1,73.0
15697,0,2,1,1,35.0,5,0,101.74,1,35.0
15698,0,3,5,3,55.0,73,0,40.77,1,71.0
15699,3,7,4,3,29.0,45,1,80.43,0,15.0
15700,1,2,5,1,46.0,150,0,25.1,1,98.0
15701,1,1,4,3,38.0,19,2,152.65,0,15.0
15702,1,0,1,3,28.0,165,1,43.75,1,100.0
15703,0,0,1,1,20.0,34,2,80.37,1,88.0
15704,1,0,4,2,23.0,161,3,207.56,1,93.0
15705,3,3,5,0,45.0,177,3,55.39,1,100.0
15706,1,5,4,0,51.0,46,1,149.78,0,20.0
15707,2,0,5,0,34.0,35,1,115.69,0,39.0
15708,1,0,1,0,35.0,15,3,17.56,0,25.0
15709,0,0,5,0,41.0,107,0,48.74,0,81.0
15710,3,2,4,0,34.0,176,1,133.94,1,92.0
15711,1,0,5,1,44.0,64,2,145.38,1,87.0
15712,3,6,1,1,,62,2,1.12,1,91.0
15713,0,0,1,1,35.0,51,3,0.0,1,96.0
15714,3,0,5,4,27.0,72,4,,1,89.0
15715,0,0,1,2,24.0,59,3,39.22,0,77.0
15716,1,2,5,2,2.0,100,2,15.12,1,82.0
15717,1,0,1,0,46.0,16,2,59.15,0,23.0
15718,1,1,1,0,32.0,37,1,19.0,1,86.0
15719,1,0,4,1,29.0,28,1,227.44,0,28.000000000000004
15720,1,2,1,2,14.0,30,3,7.87,0,28.999999999999996
15721,1,2,4,3,27.0,53,1,169.36,0,18.0
15722,0,1,1,3,26.0,101,2,61.31,1,94.0
15723,0,3,4,1,,25,1,187.84,0,15.0
15724,1,1,1,4,37.0,140,3,4.82,1,95.0
15725,1,5,1,2,35.0,18,0,0.0,1,86.0
15726,0,2,4,3,,110,2,179.41,1,94.0
15727,1,0,5,0,21.0,26,2,80.9,0,15.0
15728,1,0,1,2,,12,4,78.7,1,80.0
15729,1,3,4,3,52.0,51,5,175.67,1,91.0
15730,3,3,5,0,48.0,97,5,106.51,0,37.0
15731,2,3,4,3,25.0,18,0,121.51,0,21.0
15732,1,3,5,4,14.0,82,1,122.2,0,75.0
15733,0,1,1,4,35.0,2,2,75.23,0,18.0
15734,0,5,1,0,34.0,66,1,37.44,1,89.0
15735,0,0,0,2,37.0,25,1,20.1,1,74.0
15736,0,1,3,1,41.0,5,0,95.65,0,52.0
15737,0,0,1,0,38.0,140,1,0.0,1,95.0
15738,1,0,1,0,22.0,26,2,0.0,1,83.0
15739,1,0,1,3,36.0,104,1,0.0,1,95.0
15740,0,0,1,3,42.0,87,0,,1,78.0
15741,2,2,4,4,26.0,9,3,,1,85.0
15742,0,0,5,1,36.0,15,1,142.41,1,78.0
15743,2,1,5,3,28.0,22,3,87.29,1,93.0
15744,3,1,4,4,53.0,46,2,184.97,1,79.0
15745,1,1,5,4,20.0,11,3,81.54,1,90.0
15746,0,5,4,2,45.0,155,0,133.1,1,94.0
15747,0,2,1,0,17.0,76,2,15.01,1,89.0
15748,3,3,1,1,51.0,17,1,0.92,0,30.0
15749,3,3,1,1,22.0,57,1,0.0,1,78.0
15750,0,0,0,1,35.0,129,3,58.03,1,95.0
15751,1,0,4,0,17.0,173,1,149.59,0,39.0
15752,0,1,5,0,20.0,144,0,49.61,1,95.0
15753,1,1,1,3,42.0,86,1,37.12,1,92.0
15754,0,3,5,3,44.0,63,1,121.48,0,17.0
15755,3,3,3,3,36.0,86,4,50.61,0,37.0
15756,1,1,1,2,41.0,53,1,69.31,0,28.000000000000004
15757,0,0,5,1,44.0,170,2,90.85,1,93.0
15758,0,2,4,0,27.0,77,3,197.85,0,26.0
15759,0,2,2,3,20.0,13,2,213.78,0,19.0
15760,1,3,5,4,,171,3,34.34,1,99.0
15761,0,3,1,0,28.0,37,0,,1,84.0
15762,3,3,1,2,37.0,104,1,3.69,1,91.0
15763,3,2,1,2,39.0,176,0,14.83,1,95.0
15764,1,2,5,2,27.0,15,1,95.32,1,63.0
15765,2,1,1,1,41.0,81,5,42.87,1,97.0
15766,0,0,1,0,40.0,73,3,113.04,0,26.0
15767,1,3,2,0,41.0,29,0,74.47,1,47.0
15768,1,1,4,2,,67,2,167.37,0,76.0
15769,1,2,5,1,41.0,70,0,122.57,1,52.0
15770,3,5,1,2,39.0,79,3,0.0,1,95.0
15771,0,2,1,3,40.0,114,1,12.35,1,89.0
15772,0,0,0,4,50.0,36,2,78.25,1,77.0
15773,1,2,5,0,,54,3,23.8,1,94.0
15774,0,1,1,1,27.0,166,4,49.52,1,99.0
15775,1,0,4,0,22.0,176,4,215.03,1,91.0
15776,1,2,4,0,45.0,96,3,76.3,1,91.0
15777,0,7,1,0,,98,4,7.59,1,99.0
15778,1,2,1,1,50.0,111,2,95.54,1,95.0
15779,2,0,5,2,13.0,117,1,,1,82.0
15780,1,1,4,0,43.0,161,1,170.1,0,21.0
15781,0,0,4,2,31.0,56,3,198.22,0,25.0
15782,0,1,1,1,30.0,96,0,0.0,1,93.0
15783,0,2,1,2,,61,0,13.3,1,91.0
15784,1,2,5,3,42.0,38,1,77.43,1,82.0
15785,1,0,5,0,,73,3,94.58,1,96.0
15786,3,3,1,1,22.0,66,3,10.25,1,93.0
15787,1,2,5,1,35.0,28,2,8.87,0,71.0
15788,2,3,3,2,41.0,30,2,102.7,0,19.0
15789,3,3,1,4,35.0,59,2,0.0,0,28.000000000000004
15790,1,0,4,1,45.0,38,0,168.13,1,70.0
15791,1,2,1,4,,0,4,32.17,1,90.0
15792,0,3,5,2,11.0,55,3,58.77,1,87.0
15793,3,2,5,3,35.0,100,2,51.32,1,95.0
15794,3,1,1,3,,90,3,114.36,1,98.0
15795,0,3,5,2,,148,0,148.86,0,23.0
15796,0,0,5,3,45.0,170,1,84.29,1,99.0
15797,1,0,4,2,14.0,129,0,199.25,1,75.0
15798,3,3,1,2,31.0,141,1,54.17,1,96.0
15799,3,2,5,1,,105,1,115.6,1,89.0
15800,1,1,5,1,21.0,130,3,90.58,1,95.0
15801,1,1,5,3,33.0,141,4,119.07,1,93.0
15802,1,0,4,4,41.0,4,2,201.65,0,18.0
15803,1,0,1,3,37.0,80,1,66.4,0,73.0
15804,2,2,1,3,27.0,166,2,0.0,1,96.0
15805,1,0,5,3,32.0,128,2,87.13,1,96.0
15806,1,2,0,1,43.0,119,1,,0,36.0
15807,1,3,4,3,40.0,42,2,189.22,0,14.000000000000002
15808,3,1,5,3,28.0,91,1,41.01,1,86.0
15809,0,3,1,0,27.0,77,5,0.0,1,99.0
15810,0,0,4,2,16.0,14,3,164.04,0,63.0
15811,1,1,1,2,29.0,45,0,0.0,1,88.0
15812,3,5,5,1,16.0,6,1,99.88,0,23.0
15813,2,3,1,2,54.0,169,5,28.08,1,93.0
15814,1,2,0,4,25.0,114,1,0.0,1,80.0
15815,1,1,1,2,45.0,6,2,81.31,1,79.0
15816,1,2,5,1,52.0,174,2,75.58,1,98.0
15817,1,3,1,2,36.0,87,2,0.0,0,40.0
15818,0,3,1,2,32.0,89,3,75.53,1,93.0
15819,3,2,1,0,20.0,18,1,41.12,1,85.0
15820,0,3,1,0,28.0,52,1,12.92,1,85.0
15821,2,1,4,3,50.0,89,1,102.05,1,78.0
15822,0,3,1,2,37.0,15,3,24.26,0,22.0
15823,0,3,4,3,,61,1,,0,28.000000000000004
15824,0,1,5,2,47.0,64,1,113.95,1,83.0
15825,1,2,5,3,40.0,111,1,26.27,0,33.0
15826,1,3,0,3,32.0,178,1,75.8,1,99.0
15827,0,2,4,2,36.0,35,3,207.58,1,94.0
15828,1,1,1,0,26.0,162,3,23.19,1,97.0
15829,1,2,5,1,28.0,23,3,116.31,0,25.0
15830,0,2,4,3,31.0,68,3,202.45,1,81.0
15831,3,0,4,1,39.0,118,0,130.65,1,60.0
15832,0,0,5,2,21.0,156,1,105.92,1,91.0
15833,2,3,4,3,34.0,128,1,191.52,1,85.0
15834,0,0,5,2,,122,1,56.33,1,74.0
15835,0,0,1,3,24.0,136,1,71.39,1,95.0
15836,0,0,1,0,30.0,99,1,52.3,0,42.0
15837,2,2,1,3,10.0,14,2,71.54,1,78.0
15838,0,2,1,3,26.0,73,0,57.03,1,69.0
15839,0,0,5,3,23.0,143,0,135.34,1,82.0
15840,0,1,5,2,31.0,175,0,98.14,1,71.0
15841,0,0,1,0,11.0,35,2,10.55,1,92.0
15842,1,1,4,2,35.0,52,0,152.06,1,79.0
15843,1,2,1,1,43.0,78,0,12.2,0,39.0
15844,1,1,4,0,32.0,130,1,144.73,0,30.0
15845,2,2,4,3,38.0,146,0,196.55,1,91.0
15846,1,1,4,3,28.0,40,0,157.5,0,14.000000000000002
15847,1,2,4,3,18.0,36,2,167.07,1,80.0
15848,0,2,1,1,34.0,135,1,0.0,1,98.0
15849,1,0,5,1,40.0,87,2,94.97,1,83.0
15850,0,3,1,4,20.0,13,1,,0,72.0
15851,1,3,1,3,29.0,34,4,37.51,1,95.0
15852,3,2,5,1,31.0,143,3,13.51,1,97.0
15853,2,0,1,2,62.0,70,3,9.49,1,92.0
15854,2,3,4,0,36.0,162,0,97.96,0,24.0
15855,0,3,4,0,14.0,7,3,134.54,0,17.0
15856,0,0,1,1,12.0,11,2,23.71,1,82.0
15857,1,0,5,1,41.0,176,2,88.13,1,93.0
15858,1,3,0,2,58.0,109,2,17.47,1,96.0
15859,1,3,4,3,,79,0,148.49,0,66.0
15860,0,1,5,1,30.0,114,1,74.26,1,93.0
15861,0,1,1,2,38.0,67,0,0.0,1,57.99999999999999
15862,0,2,1,1,26.0,162,2,3.62,1,100.0
15863,1,3,0,3,8.0,44,2,60.94,0,33.0
15864,0,0,4,1,44.0,40,0,210.88,0,9.0
15865,0,0,1,3,27.0,60,6,26.07,0,41.0
15866,0,3,1,2,44.0,75,3,48.56,1,86.0
15867,0,2,2,4,26.0,142,2,145.39,1,98.0
15868,1,0,4,2,35.0,98,0,136.16,0,17.0
15869,2,3,4,0,42.0,66,3,134.21,1,85.0
15870,0,3,5,2,,1,7,,1,81.0
15871,1,2,5,0,36.0,121,3,46.37,1,98.0
15872,1,3,5,2,35.0,133,2,109.21,1,87.0
15873,0,0,1,3,40.0,15,2,0.0,1,63.0
15874,2,1,5,0,38.0,22,4,175.22,0,30.0
15875,0,2,1,0,21.0,94,1,68.51,1,95.0
15876,1,3,1,3,21.0,113,2,38.8,1,98.0
15877,2,2,4,3,12.0,40,1,227.26,1,85.0
15878,0,3,1,0,41.0,157,1,39.34,1,95.0
15879,0,1,4,0,30.0,118,0,192.35,1,95.0
15880,0,2,1,0,42.0,121,2,78.72,1,93.0
15881,1,3,1,1,,54,1,23.69,0,23.0
15882,0,1,5,2,23.0,131,0,84.79,1,94.0
15883,1,0,5,3,32.0,109,2,89.71,1,85.0
15884,3,3,3,3,29.0,99,3,43.62,1,93.0
15885,0,1,4,2,27.0,27,0,146.47,0,9.0
15886,0,1,1,3,,177,0,11.04,1,95.0
15887,0,2,4,3,59.0,27,0,196.53,0,11.0
15888,3,3,1,0,45.0,122,1,0.0,1,98.0
15889,2,4,2,3,33.0,25,3,191.37,1,85.0
15890,0,3,1,1,46.0,166,6,44.79,1,100.0
15891,0,1,4,1,51.0,12,2,101.34,0,20.0
15892,0,0,5,0,20.0,70,3,112.72,1,89.0
15893,0,1,1,0,46.0,53,0,56.11,0,23.0
15894,1,2,4,3,41.0,12,0,139.36,0,28.000000000000004
15895,0,3,1,0,45.0,119,0,28.23,1,81.0
15896,1,1,1,0,42.0,58,2,0.0,1,91.0
15897,3,1,4,2,31.0,3,1,228.43,0,13.0
15898,1,3,1,0,54.0,79,0,25.08,1,85.0
15899,3,4,1,1,37.0,59,3,29.94,1,93.0
15900,0,1,5,3,29.0,46,3,92.6,1,76.0
15901,0,3,4,0,39.0,76,1,181.17,1,81.0
15902,0,2,1,2,,4,3,46.59,1,86.0
15903,1,2,5,3,34.0,35,0,88.87,1,81.0
15904,1,3,3,3,37.0,18,0,71.73,1,85.0
15905,1,1,2,4,34.0,29,2,173.83,0,15.0
15906,0,3,4,2,27.0,110,3,184.12,1,82.0
15907,0,3,5,1,25.0,40,3,111.08,0,27.0
15908,0,1,5,2,19.0,175,2,107.94,1,95.0
15909,1,0,1,2,49.0,27,7,38.16,1,90.0
15910,1,0,1,3,31.0,30,2,62.71,0,15.0
15911,0,2,5,2,0.0,170,1,34.86,1,94.0
15912,3,0,4,3,37.0,136,1,102.13,1,92.0
15913,0,3,5,0,37.0,11,1,11.79,1,90.0
15914,0,1,1,4,15.0,139,4,42.39,1,95.0
15915,0,2,1,2,25.0,41,0,,1,71.0
15916,1,0,5,1,25.0,89,0,129.72,1,80.0
15917,3,3,5,3,26.0,15,1,75.28,1,88.0
15918,0,6,5,2,46.0,98,2,90.12,1,94.0
15919,1,1,5,2,32.0,177,1,53.07,1,96.0
15920,0,0,1,1,29.0,131,0,79.42,1,87.0
15921,1,7,4,4,45.0,114,1,162.83,1,81.0
15922,3,1,5,2,38.0,12,2,72.7,1,93.0
15923,1,3,1,1,16.0,59,3,10.5,1,96.0
15924,0,3,1,3,27.0,27,5,42.42,1,95.0
15925,1,3,4,0,,108,0,106.8,0,28.000000000000004
15926,0,1,4,1,24.0,139,2,132.06,1,95.0
15927,0,2,1,2,54.0,151,1,67.67,1,99.0
15928,0,7,1,0,35.0,91,2,0.0,1,82.0
15929,0,2,1,4,26.0,128,2,0.0,1,93.0
15930,2,2,1,1,22.0,161,1,70.04,1,99.0
15931,1,0,5,0,43.0,130,0,132.89,1,89.0
15932,1,0,5,0,27.0,21,3,130.27,1,83.0
15933,1,2,3,2,37.0,84,1,84.65,1,94.0
15934,3,0,5,0,22.0,26,4,94.19,1,65.0
15935,1,0,0,2,34.0,148,1,64.71,1,96.0
15936,0,2,1,4,27.0,140,1,13.39,1,98.0
15937,0,1,0,2,30.0,43,0,22.02,0,20.0
15938,1,0,1,1,26.0,79,2,0.0,1,94.0
15939,1,0,1,0,44.0,109,2,0.0,1,97.0
15940,1,1,5,3,29.0,23,1,99.03,0,25.0
15941,0,1,4,2,,173,7,154.61,1,96.0
15942,1,1,5,2,33.0,16,1,61.66,1,87.0
15943,1,2,4,2,50.0,4,1,210.77,1,16.0
15944,2,1,5,3,42.0,37,1,53.89,0,23.0
15945,3,2,5,3,41.0,58,0,68.25,1,81.0
15946,1,3,1,1,18.0,154,3,31.16,1,94.0
15947,1,3,4,3,27.0,104,3,154.56,1,93.0
15948,1,1,1,2,45.0,95,2,20.57,1,98.0
15949,0,1,1,3,22.0,89,2,0.0,1,100.0
15950,2,7,0,4,34.0,70,2,47.76,1,84.0
15951,1,2,2,1,23.0,99,2,157.36,1,84.0
15952,1,2,4,1,24.0,54,0,175.77,0,21.0
15953,0,1,5,4,50.0,70,1,89.14,1,88.0
15954,0,1,5,3,41.0,170,2,,1,98.0
15955,1,1,5,3,43.0,90,1,129.35,0,28.999999999999996
15956,0,3,4,0,41.0,165,2,116.83,1,99.0
15957,1,0,5,1,32.0,111,0,174.31,0,21.0
15958,1,1,4,1,27.0,87,2,143.81,1,76.0
15959,0,2,1,2,29.0,60,2,7.53,1,96.0
15960,2,4,1,0,32.0,172,3,9.2,1,99.0
15961,0,2,4,3,51.0,107,2,141.02,0,22.0
15962,3,0,1,2,20.0,156,1,4.31,1,96.0
15963,0,3,4,3,28.0,33,2,177.62,0,19.0
15964,0,4,5,3,24.0,148,1,109.98,1,90.0
15965,0,2,4,3,44.0,44,3,153.13,1,84.0
15966,2,0,1,0,,128,0,5.08,1,87.0
15967,3,3,5,1,37.0,137,0,91.3,0,27.0
15968,1,2,1,1,,93,1,26.86,1,89.0
15969,3,1,5,3,34.0,27,5,18.15,1,89.0
15970,2,4,5,0,38.0,105,2,113.96,1,88.0
15971,0,2,4,3,,29,2,150.67,0,16.0
15972,1,0,5,3,38.0,27,1,126.4,0,17.0
15973,2,3,1,2,38.0,156,0,0.0,1,93.0
15974,2,2,4,0,41.0,30,1,164.19,0,17.0
15975,1,1,1,0,16.0,106,4,63.42,1,99.0
15976,3,1,1,1,34.0,82,1,67.21,0,22.0
15977,1,0,1,1,37.0,108,1,19.44,0,26.0
15978,1,3,4,3,38.0,30,1,104.79,1,80.0
15979,0,3,1,2,32.0,40,1,37.4,1,81.0
15980,0,0,1,2,35.0,63,1,0.0,1,68.0
15981,0,2,4,4,26.0,121,1,132.91,1,89.0
15982,1,2,4,3,16.0,169,1,121.15,1,94.0
15983,3,0,1,1,43.0,43,5,79.83,1,89.0
15984,1,6,3,0,22.0,158,5,64.65,1,98.0
15985,1,2,4,3,32.0,115,0,163.45,1,93.0
15986,1,2,1,2,,138,0,0.0,1,95.0
15987,0,0,4,2,49.0,35,3,199.21,1,85.0
15988,3,1,5,3,33.0,107,2,90.17,1,91.0
15989,0,3,3,2,30.0,31,2,135.67,0,9.0
15990,2,5,1,0,,103,2,0.0,1,97.0
15991,1,2,5,3,55.0,166,1,84.81,1,88.0
15992,0,0,1,0,38.0,66,3,5.33,1,84.0
15993,0,3,5,1,30.0,91,2,62.97,1,80.0
15994,0,2,1,4,40.0,24,3,60.66,1,91.0
15995,1,3,0,2,18.0,27,5,34.26,1,98.0
15996,0,3,1,1,34.0,146,1,0.0,1,100.0
15997,0,1,4,1,53.0,156,1,94.34,1,92.0
15998,0,2,1,1,35.0,177,1,30.03,1,97.0
15999,0,3,1,2,,18,2,18.13,1,93.0
16000,1,1,1,4,34.0,55,1,75.55,0,20.0
16001,0,0,5,3,30.0,145,2,134.38,1,90.0
16002,1,3,1,1,37.0,172,0,50.48,1,92.0
16003,2,6,5,4,41.0,112,0,106.74,1,90.0
16004,0,0,1,3,30.0,87,2,6.95,1,91.0
16005,1,3,1,0,9.0,101,4,43.43,1,96.0
16006,3,3,5,3,38.0,125,3,115.76,1,87.0
16007,0,2,4,3,55.0,81,2,150.68,1,86.0
16008,1,3,1,1,30.0,40,3,64.33,1,98.0
16009,0,2,1,2,19.0,125,2,19.73,1,96.0
16010,1,2,1,1,40.0,12,3,27.9,1,94.0
16011,2,2,5,0,51.0,98,2,113.93,0,56.99999999999999
16012,2,2,1,0,39.0,82,1,0.0,1,98.0
16013,3,3,2,2,51.0,23,0,142.41,1,81.0
16014,0,0,1,3,41.0,160,5,127.02,1,93.0
16015,0,0,1,4,41.0,96,2,0.0,1,81.0
16016,0,5,1,2,28.0,72,3,70.77,1,95.0
16017,1,2,5,1,36.0,2,0,58.9,0,24.0
16018,0,3,5,1,33.0,2,2,47.65,1,87.0
16019,0,3,1,1,33.0,29,3,12.63,1,88.0
16020,1,1,4,3,31.0,145,1,98.12,1,87.0
16021,0,0,1,3,36.0,170,1,0.0,1,93.0
16022,2,3,5,2,21.0,65,3,130.52,1,91.0
16023,2,1,5,0,42.0,26,2,139.64,0,25.0
16024,1,0,1,1,25.0,99,1,0.0,1,79.0
16025,1,3,4,3,31.0,104,1,151.44,0,22.0
16026,1,2,4,3,37.0,109,3,174.76,1,99.0
16027,2,1,1,0,24.0,18,0,59.54,1,80.0
16028,1,3,5,1,,15,2,141.23,0,19.0
16029,0,1,1,1,30.0,25,3,,1,95.0
16030,1,1,5,0,19.0,13,1,85.69,0,20.0
16031,0,5,1,2,41.0,46,3,0.0,1,94.0
16032,1,2,4,2,,145,2,139.8,1,92.0
16033,0,0,1,0,48.0,155,0,12.82,0,90.0
16034,1,0,0,0,33.0,110,2,2.46,0,39.0
16035,0,3,1,2,34.0,146,1,50.94,1,95.0
16036,1,2,1,0,14.0,29,0,113.32,0,21.0
16037,0,0,5,1,35.0,104,1,39.95,1,90.0
16038,2,3,1,4,33.0,148,1,,1,90.0
16039,1,3,5,2,21.0,148,2,80.86,1,92.0
16040,2,5,1,2,34.0,47,2,90.98,1,90.0
16041,0,2,3,1,30.0,157,4,71.87,1,99.0
16042,1,0,5,0,31.0,41,0,89.12,1,82.0
16043,0,2,4,3,,164,3,161.8,1,99.0
16044,1,2,4,3,29.0,40,3,199.28,1,94.0
16045,0,4,4,1,36.0,173,1,201.66,1,90.0
16046,0,0,5,1,33.0,95,2,65.81,1,83.0
16047,1,2,1,0,38.0,93,2,7.53,1,99.0
16048,0,3,3,3,28.0,87,1,110.02,1,84.0
16049,2,2,4,2,23.0,0,3,213.14,0,17.0
16050,3,0,1,1,26.0,53,1,0.0,0,23.0
16051,0,2,5,3,48.0,115,1,69.59,0,86.0
16052,3,0,0,2,43.0,34,2,29.7,1,67.0
16053,0,7,5,2,46.0,143,1,6.77,1,94.0
16054,1,2,1,4,46.0,4,2,8.63,1,87.0
16055,2,3,5,1,29.0,158,1,88.22,1,91.0
16056,0,2,5,2,36.0,108,2,46.72,1,87.0
16057,0,2,4,1,34.0,36,1,103.91,1,90.0
16058,0,0,5,3,40.0,118,3,96.57,1,97.0
16059,2,1,4,3,31.0,152,3,,1,98.0
16060,2,0,1,1,34.0,106,4,1.3,1,93.0
16061,0,2,1,2,34.0,112,2,49.54,1,99.0
16062,1,1,1,2,39.0,152,0,0.0,1,99.0
16063,0,1,1,3,40.0,66,3,50.1,1,96.0
16064,0,3,1,2,34.0,37,2,84.35,0,23.0
16065,1,6,5,2,35.0,175,3,134.87,1,93.0
16066,0,0,5,3,,129,2,86.13,1,90.0
16067,0,1,5,0,50.0,147,2,129.14,1,98.0
16068,1,1,1,3,16.0,85,3,,1,94.0
16069,1,0,1,1,24.0,10,2,68.13,0,19.0
16070,1,0,3,0,,118,2,43.92,1,100.0
16071,3,5,0,1,36.0,81,1,29.97,1,87.0
16072,1,0,0,0,36.0,158,5,92.04,1,98.0
16073,1,3,1,0,40.0,34,3,46.15,1,95.0
16074,0,5,1,3,36.0,171,1,62.22,0,33.0
16075,1,3,1,3,28.0,44,0,48.93,1,83.0
16076,1,2,1,1,40.0,148,3,21.83,1,100.0
16077,1,3,1,3,34.0,179,2,79.91,1,100.0
16078,0,0,5,0,29.0,147,1,50.41,1,86.0
16079,0,1,1,3,40.0,8,1,0.0,0,28.999999999999996
16080,1,3,1,1,40.0,94,3,45.98,1,94.0
16081,0,0,2,4,36.0,136,0,232.11,1,50.0
16082,3,0,5,1,,160,1,15.11,1,92.0
16083,1,3,1,2,47.0,0,1,0.0,1,93.0
16084,1,1,4,3,44.0,2,2,166.32,0,20.0
16085,1,3,1,0,59.0,166,2,48.53,1,99.0
16086,0,2,1,4,32.0,139,0,45.02,0,87.0
16087,0,3,4,4,29.0,93,3,171.09,1,92.0
16088,1,3,4,4,42.0,143,3,137.81,1,98.0
16089,0,1,1,1,31.0,177,2,21.06,0,31.0
16090,1,3,5,0,34.0,87,1,89.79,1,96.0
16091,0,0,5,1,24.0,26,2,152.85,0,27.0
16092,0,1,1,3,,28,2,83.68,1,81.0
16093,1,0,1,1,19.0,126,2,108.48,1,98.0
16094,0,1,1,2,33.0,119,2,34.96,1,98.0
16095,1,2,4,3,33.0,104,2,126.94,1,72.0
16096,0,2,1,0,29.0,77,3,0.0,1,88.0
16097,1,2,5,2,16.0,68,2,93.98,1,93.0
16098,2,3,1,1,16.0,106,4,51.24,1,99.0
16099,1,2,1,0,,179,0,95.63,1,62.0
16100,2,1,5,2,39.0,101,3,,1,96.0
16101,1,6,3,1,36.0,5,3,51.39,1,79.0
16102,0,1,1,2,33.0,151,2,72.18,1,96.0
16103,1,0,1,3,25.0,39,3,0.0,1,95.0
16104,3,3,3,0,37.0,32,1,87.08,1,83.0
16105,1,0,1,2,16.0,136,0,94.98,1,91.0
16106,1,0,1,3,10.0,176,1,65.0,1,96.0
16107,0,6,5,1,31.0,66,0,91.68,1,86.0
16108,1,2,3,3,28.0,150,1,104.88,1,94.0
16109,1,2,1,1,44.0,21,3,0.0,1,96.0
16110,3,0,5,0,35.0,71,3,149.61,0,28.999999999999996
16111,3,3,4,3,50.0,77,4,,1,71.0
16112,1,3,1,3,28.0,93,1,9.23,1,86.0
16113,3,0,3,1,38.0,115,4,57.59,1,94.0
16114,0,3,1,2,31.0,135,7,32.74,1,99.0
16115,1,0,1,1,47.0,146,1,6.45,1,90.0
16116,0,0,1,2,31.0,108,1,0.0,1,96.0
16117,0,3,1,1,42.0,165,2,0.0,1,99.0
16118,3,1,4,0,23.0,133,0,283.01,1,39.0
16119,1,5,1,2,29.0,179,2,21.33,1,86.0
16120,0,2,5,3,33.0,33,1,92.32,1,69.0
16121,1,3,1,2,46.0,73,0,61.87,0,19.0
16122,1,2,1,1,12.0,94,1,34.01,0,89.0
16123,1,4,3,1,,138,2,36.42,1,97.0
16124,3,1,5,2,30.0,42,2,120.11,0,57.99999999999999
16125,2,3,4,3,13.0,34,0,155.02,1,87.0
16126,0,7,2,0,29.0,138,2,133.1,1,91.0
16127,0,3,1,3,18.0,167,3,0.0,1,93.0
16128,1,1,5,2,10.0,159,1,81.04,1,98.0
16129,1,2,1,1,31.0,176,0,110.83,1,67.0
16130,1,5,5,3,31.0,89,1,75.95,1,82.0
16131,1,6,4,1,31.0,64,1,,1,78.0
16132,0,0,1,1,36.0,47,4,24.48,1,73.0
16133,0,0,1,3,,179,2,,1,88.0
16134,1,2,3,2,51.0,38,1,113.17,0,20.0
16135,1,0,5,3,,152,2,54.97,1,95.0
16136,1,0,1,0,46.0,103,0,0.0,1,46.0
16137,0,3,4,1,17.0,172,1,,1,98.0
16138,3,3,5,1,25.0,156,1,51.05,1,77.0
16139,0,1,1,2,40.0,100,0,0.0,1,84.0
16140,2,1,1,1,31.0,31,1,32.21,0,23.0
16141,0,1,5,1,23.0,122,4,73.75,1,98.0
16142,1,3,0,1,15.0,93,1,62.58,1,92.0
16143,1,1,1,4,41.0,123,1,79.41,1,97.0
16144,2,1,5,1,40.0,122,2,65.65,1,93.0
16145,0,7,5,3,36.0,81,2,22.92,0,26.0
16146,1,2,5,2,29.0,107,1,93.2,1,97.0
16147,0,3,1,4,22.0,66,3,42.17,1,89.0
16148,0,2,5,1,33.0,11,2,185.55,0,16.0
16149,0,3,2,0,20.0,19,1,115.43,0,21.0
16150,3,1,1,3,26.0,49,3,86.18,1,69.0
16151,0,0,5,2,46.0,135,4,150.97,1,97.0
16152,0,0,4,2,15.0,158,2,103.7,1,89.0
16153,1,2,5,3,40.0,151,1,58.85,1,90.0
16154,1,2,5,0,48.0,125,2,92.41,1,92.0
16155,1,2,1,1,42.0,140,0,12.33,1,98.0
16156,1,0,5,3,,41,2,94.34,1,76.0
16157,0,2,5,3,29.0,77,1,99.91,1,87.0
16158,0,3,3,3,27.0,78,2,93.72,1,65.0
16159,1,3,4,3,11.0,25,3,162.82,1,84.0
16160,2,0,1,3,34.0,165,1,42.95,1,99.0
16161,1,7,1,2,29.0,109,2,0.0,1,99.0
16162,1,2,1,3,27.0,37,3,,1,84.0
16163,1,0,5,2,33.0,96,1,110.32,1,42.0
16164,1,2,0,0,34.0,137,0,,1,96.0
16165,1,3,5,1,27.0,10,1,82.22,1,80.0
16166,0,6,1,2,50.0,130,2,0.0,1,99.0
16167,0,0,1,1,41.0,122,5,65.59,1,100.0
16168,3,2,1,4,42.0,22,1,78.82,1,60.0
16169,1,3,4,4,32.0,61,0,117.61,0,25.0
16170,1,1,5,2,39.0,40,1,26.62,0,24.0
16171,1,0,4,2,,120,3,138.6,1,99.0
16172,0,6,5,4,40.0,168,2,0.0,1,92.0
16173,1,0,1,0,31.0,92,2,30.31,0,32.0
16174,2,2,1,2,23.0,3,0,55.76,0,24.0
16175,0,1,4,0,33.0,130,1,141.77,1,91.0
16176,0,3,5,2,31.0,50,0,,0,23.0
16177,0,2,1,4,,106,6,55.25,1,100.0
16178,1,2,5,1,38.0,176,0,75.67,1,98.0
16179,1,1,1,3,49.0,71,0,28.78,0,17.0
16180,1,0,1,1,45.0,69,0,88.3,1,79.0
16181,0,3,1,2,34.0,68,3,30.37,1,96.0
16182,1,2,4,3,29.0,7,3,183.77,1,57.99999999999999
16183,1,2,1,3,16.0,122,2,30.62,1,98.0
16184,3,3,1,0,25.0,135,5,37.43,1,96.0
16185,1,1,1,3,40.0,146,0,0.0,1,98.0
16186,2,0,1,0,30.0,111,2,0.0,1,98.0
16187,0,3,5,1,37.0,71,2,,1,95.0
16188,1,0,1,0,13.0,7,1,71.91,0,16.0
16189,1,1,1,2,38.0,71,1,45.83,0,36.0
16190,1,5,4,3,44.0,6,3,152.17,1,91.0
16191,0,3,1,2,16.0,45,2,48.88,1,91.0
16192,0,2,1,3,,149,3,12.11,1,92.0
16193,0,1,1,3,47.0,80,3,51.17,1,95.0
16194,3,1,5,1,50.0,171,2,52.79,1,96.0
16195,0,3,4,0,28.0,4,2,138.14,1,69.0
16196,1,3,1,1,41.0,152,2,0.0,1,100.0
16197,1,3,4,0,48.0,174,2,115.79,1,97.0
16198,2,1,5,1,38.0,170,0,65.55,1,97.0
16199,1,0,5,1,46.0,142,1,143.9,1,92.0
16200,1,1,1,3,33.0,158,1,29.37,1,98.0
16201,0,3,1,1,37.0,82,3,23.75,1,89.0
16202,0,2,5,1,27.0,43,3,140.99,1,91.0
16203,3,2,4,0,32.0,174,2,,1,92.0
16204,0,3,5,4,38.0,139,3,53.57,1,99.0
16205,1,6,1,3,27.0,63,2,11.57,1,92.0
16206,3,1,1,1,31.0,22,1,39.58,1,56.00000000000001
16207,1,0,3,2,41.0,49,1,163.21,0,56.00000000000001
16208,1,1,5,2,54.0,124,2,170.46,1,86.0
16209,0,3,1,0,13.0,35,1,27.02,1,88.0
16210,1,1,1,0,53.0,138,3,,1,98.0
16211,0,2,1,2,31.0,85,6,2.72,1,93.0
16212,1,1,5,1,43.0,174,2,64.53,1,99.0
16213,0,0,5,4,,55,1,137.88,0,30.0
16214,1,6,4,0,49.0,68,1,193.41,0,14.000000000000002
16215,0,0,5,3,26.0,36,1,100.91,0,43.0
16216,2,0,1,1,31.0,137,2,0.0,1,99.0
16217,1,0,5,2,33.0,41,3,113.2,0,20.0
16218,1,5,4,4,30.0,157,1,72.9,0,27.0
16219,1,1,4,3,,93,2,122.84,1,89.0
16220,1,1,4,1,33.0,21,0,141.04,1,69.0
16221,0,5,1,3,,165,2,66.35,1,95.0
16222,0,2,5,0,27.0,55,1,121.96,0,25.0
16223,1,1,4,3,18.0,113,5,153.26,1,92.0
16224,1,2,5,0,31.0,121,0,57.09,0,38.0
16225,1,0,1,1,40.0,163,0,40.73,1,96.0
16226,0,2,4,3,27.0,77,3,139.66,1,95.0
16227,1,3,1,2,29.0,138,0,28.26,1,94.0
16228,3,1,0,2,31.0,134,3,16.45,1,97.0
16229,0,3,1,0,35.0,95,1,47.55,1,93.0
16230,1,2,5,0,39.0,81,2,47.99,1,97.0
16231,0,1,1,4,,33,3,12.31,1,93.0
16232,3,3,1,3,56.0,62,2,0.0,1,94.0
16233,0,1,3,0,35.0,1,1,58.54,0,19.0
16234,1,2,5,0,41.0,134,1,105.03,1,98.0
16235,1,3,5,1,18.0,42,2,81.32,1,91.0
16236,2,2,1,3,30.0,94,1,0.0,1,92.0
16237,0,3,3,3,31.0,17,1,80.13,0,20.0
16238,0,0,1,0,23.0,147,4,26.78,1,92.0
16239,2,0,0,3,28.0,6,1,78.23,0,19.0
16240,2,0,1,3,32.0,51,1,40.0,0,61.0
16241,3,0,2,3,,36,4,237.11,1,93.0
16242,1,0,1,2,60.0,97,0,72.35,0,31.0
16243,0,2,1,3,39.0,45,1,0.0,1,94.0
16244,0,4,1,2,54.0,102,3,121.31,1,93.0
16245,0,2,0,3,48.0,41,4,15.4,1,95.0
16246,0,0,4,3,27.0,59,1,142.69,0,20.0
16247,1,5,4,3,34.0,127,3,111.61,1,92.0
16248,0,0,1,0,29.0,103,0,,1,75.0
16249,0,1,1,4,32.0,79,3,0.0,1,86.0
16250,1,2,1,2,24.0,77,2,58.29,1,92.0
16251,0,0,5,3,29.0,123,2,126.31,1,86.0
16252,1,3,1,2,,31,2,46.61,0,28.000000000000004
16253,1,2,1,3,37.0,165,3,,1,100.0
16254,1,0,5,1,36.0,166,1,59.8,1,93.0
16255,0,2,0,2,,25,1,32.73,0,28.000000000000004
16256,0,3,1,0,42.0,29,2,28.11,1,93.0
16257,0,0,1,1,31.0,168,2,-10.0,1,93.0
16258,0,3,1,0,47.0,102,3,34.66,1,99.0
16259,2,0,3,1,15.0,136,3,51.25,1,95.0
16260,1,1,4,1,40.0,31,3,175.76,0,82.0
16261,1,2,0,1,38.0,52,1,11.61,0,28.999999999999996
16262,2,3,1,2,27.0,134,2,64.94,1,97.0
16263,1,2,4,2,,150,1,162.36,1,90.0
16264,3,3,4,0,38.0,80,2,227.78,0,28.000000000000004
16265,2,2,1,2,,179,2,38.34,1,98.0
16266,0,2,5,0,16.0,148,-1,154.64,1,95.0
16267,3,2,1,3,40.0,75,1,30.75,1,92.0
16268,1,1,5,0,29.0,150,1,116.52,1,99.0
16269,1,0,4,0,45.0,68,1,156.96,0,30.0
16270,0,1,5,2,15.0,17,1,57.04,1,93.0
16271,1,2,1,0,58.0,36,1,0.0,1,88.0
16272,3,7,0,2,25.0,134,2,45.31,1,94.0
16273,1,2,5,0,48.0,60,1,108.25,0,20.0
16274,0,0,5,3,33.0,130,0,51.87,1,91.0
16275,0,5,5,2,25.0,0,1,54.15,1,79.0
16276,0,0,1,2,36.0,59,1,86.18,0,18.0
16277,1,3,5,3,44.0,133,3,139.85,1,95.0
16278,1,0,5,2,18.0,123,2,112.16,1,93.0
16279,2,1,1,0,41.0,70,3,54.57,1,92.0
16280,1,3,1,1,33.0,90,1,72.37,1,95.0
16281,2,0,1,2,39.0,30,1,88.04,0,15.0
16282,0,1,5,1,34.0,7,-1,109.98,0,14.000000000000002
16283,0,1,5,0,28.0,118,1,131.05,0,84.0
16284,0,6,4,3,22.0,142,2,129.94,1,94.0
16285,1,0,0,2,40.0,6,1,0.73,1,83.0
16286,0,7,4,1,40.0,134,2,196.31,1,85.0
16287,2,2,5,3,40.0,160,1,46.49,1,97.0
16288,0,0,0,3,38.0,168,3,78.43,1,99.0
16289,3,0,1,2,43.0,134,2,0.0,1,99.0
16290,0,3,1,1,48.0,19,3,54.24,1,92.0
16291,1,2,4,2,15.0,70,1,166.28,0,25.0
16292,1,2,1,4,10.0,177,0,0.0,1,82.0
16293,3,3,1,3,,141,4,30.64,1,98.0
16294,1,2,1,1,20.0,117,0,29.5,1,94.0
16295,2,1,4,2,23.0,142,6,173.82,1,96.0
16296,2,3,1,3,31.0,137,2,0.0,1,99.0
16297,1,0,1,2,17.0,124,1,45.8,1,83.0
16298,1,7,1,1,30.0,64,0,55.76,0,28.999999999999996
16299,0,1,1,0,24.0,155,3,82.34,1,93.0
16300,1,7,1,0,31.0,97,2,,1,90.0
16301,0,0,5,0,,175,3,109.33,1,97.0
16302,0,0,4,2,30.0,2,2,140.14,1,77.0
16303,0,3,4,3,30.0,130,0,212.06,1,89.0
16304,0,3,5,0,,74,1,69.14,1,90.0
16305,1,1,1,0,44.0,67,2,27.24,1,87.0
16306,0,1,5,0,50.0,166,4,127.43,1,99.0
16307,1,4,1,0,31.0,159,0,6.98,1,92.0
16308,1,2,1,1,52.0,15,0,0.0,0,68.0
16309,0,2,4,1,42.0,16,1,35.7,0,15.0
16310,2,2,4,3,21.0,138,0,158.34,1,94.0
16311,1,2,5,1,21.0,99,1,0.0,0,21.0
16312,0,0,4,1,28.0,31,1,97.64,1,40.0
16313,0,2,4,1,48.0,120,4,147.02,1,86.0
16314,1,2,5,2,28.0,117,0,107.67,1,98.0
16315,1,3,5,1,15.0,154,0,70.89,1,96.0
16316,3,2,5,2,31.0,111,1,32.05,1,81.0
16317,0,7,1,2,,97,2,12.12,1,90.0
16318,0,0,0,4,23.0,4,3,0.0,0,18.0
16319,0,3,5,2,28.0,88,1,92.33,1,96.0
16320,1,1,1,0,35.0,91,0,107.78,1,63.0
16321,0,3,1,3,44.0,145,2,,1,98.0
16322,0,2,1,1,40.0,2,1,0.0,1,90.0
16323,0,7,1,1,22.0,27,1,0.0,0,79.0
16324,1,3,4,3,30.0,33,2,106.09,1,41.0
16325,1,0,5,1,34.0,85,2,33.13,1,97.0
16326,1,0,5,1,31.0,149,0,43.51,1,92.0
16327,3,2,2,3,,116,2,124.66,1,86.0
16328,0,1,4,2,16.0,29,3,181.8,0,23.0
16329,0,1,5,0,22.0,47,1,123.18,1,82.0
16330,1,3,2,2,29.0,64,1,118.15,0,16.0
16331,1,1,1,0,3.0,146,1,0.0,1,88.0
16332,0,4,1,4,40.0,179,4,62.84,1,98.0
16333,0,2,1,2,20.0,40,3,70.03,1,92.0
16334,0,2,5,2,40.0,92,0,139.55,1,84.0
16335,1,0,5,0,39.0,96,1,56.61,1,86.0
16336,0,2,5,0,28.0,80,1,39.77,1,95.0
16337,1,3,5,0,,101,1,,1,75.0
16338,1,2,1,0,41.0,177,2,93.42,1,97.0
16339,0,1,1,1,30.0,40,1,32.88,1,79.0
16340,1,2,5,3,29.0,122,2,140.8,1,96.0
16341,1,2,1,0,44.0,32,0,13.67,1,88.0
16342,0,0,5,2,36.0,81,4,70.39,1,95.0
16343,0,0,5,2,44.0,144,2,140.85,1,97.0
16344,2,1,5,2,10.0,83,1,89.14,0,24.0
16345,0,0,1,0,34.0,173,0,58.82,1,97.0
16346,1,1,3,3,,89,3,45.85,1,98.0
16347,1,3,4,1,33.0,70,5,143.18,1,89.0
16348,3,1,2,0,41.0,104,1,97.35,1,88.0
16349,0,2,4,0,51.0,56,0,160.21,1,89.0
16350,0,1,5,1,,19,2,56.11,1,91.0
16351,1,3,1,3,28.0,168,4,,1,99.0
16352,0,2,5,0,33.0,74,3,73.08,1,95.0
16353,1,1,4,2,24.0,37,3,234.14,1,85.0
16354,0,0,1,2,43.0,26,2,42.28,1,90.0
16355,3,0,1,0,33.0,136,0,33.57,1,93.0
16356,3,0,0,3,35.0,165,1,,1,96.0
16357,0,1,5,2,40.0,112,1,86.77,1,90.0
16358,0,1,1,4,33.0,152,3,59.18,0,30.0
16359,3,3,0,1,25.0,13,4,0.0,1,93.0
16360,0,2,4,3,33.0,36,0,202.73,0,7.000000000000001
16361,1,2,5,0,,177,0,120.26,1,90.0
16362,0,2,1,1,35.0,91,2,40.46,1,97.0
16363,1,2,1,1,43.0,169,4,75.08,1,100.0
16364,0,1,1,1,22.0,53,1,1.74,1,75.0
16365,0,5,1,3,18.0,124,3,0.0,1,94.0
16366,0,3,1,3,34.0,162,4,48.47,1,100.0
16367,1,2,5,3,26.0,122,2,20.56,1,98.0
16368,1,1,5,0,34.0,30,2,35.73,1,86.0
16369,0,1,5,3,37.0,97,3,44.95,1,96.0
16370,2,1,1,1,12.0,122,1,26.74,1,93.0
16371,0,1,5,2,40.0,173,1,70.54,1,99.0
16372,1,2,4,0,22.0,144,3,118.49,0,31.0
16373,3,6,1,4,33.0,112,0,111.45,1,82.0
16374,3,1,1,0,27.0,84,1,72.78,1,88.0
16375,1,0,5,1,28.0,89,1,90.68,1,82.0
16376,1,3,5,3,50.0,91,2,118.81,1,86.0
16377,0,2,1,1,37.0,127,2,24.42,1,100.0
16378,2,2,5,4,,21,2,155.17,1,54.0
16379,3,0,5,3,35.0,168,0,185.45,1,69.0
16380,2,2,4,2,40.0,2,3,186.1,1,84.0
16381,0,0,1,0,38.0,91,0,0.0,0,21.0
16382,0,0,5,0,36.0,62,3,94.03,1,97.0
16383,1,1,1,1,45.0,65,0,32.47,1,93.0
16384,1,2,3,3,35.0,45,2,94.94,1,60.0
16385,0,3,5,0,56.0,135,1,129.85,1,96.0
16386,0,0,1,1,43.0,38,3,6.89,1,94.0
16387,0,3,4,2,22.0,152,2,153.76,0,36.0
16388,0,1,1,4,,93,1,34.48,1,94.0
16389,1,2,3,3,37.0,46,1,66.46,1,85.0
16390,0,1,1,3,34.0,161,0,56.74,1,96.0
16391,1,1,5,3,40.0,67,1,42.98,1,89.0
16392,0,3,1,0,41.0,56,1,47.3,1,85.0
16393,0,3,2,1,20.0,152,2,199.51,1,79.0
16394,0,0,4,2,46.0,86,0,192.35,1,27.0
16395,3,2,4,3,29.0,61,1,158.36,1,83.0
16396,1,5,0,1,28.0,38,2,,1,51.0
16397,0,0,5,0,28.0,113,1,26.96,1,96.0
16398,1,0,1,2,42.0,121,0,40.89,1,91.0
16399,0,1,2,2,31.0,134,0,276.7,0,49.0
16400,2,1,5,2,27.0,94,2,142.56,1,100.0
16401,0,0,5,4,29.0,5,4,109.26,1,60.0
16402,2,1,5,3,16.0,122,3,120.51,1,95.0
16403,1,1,1,0,25.0,82,0,38.11,0,23.0
16404,2,3,5,2,21.0,18,2,85.76,1,91.0
16405,1,2,1,1,31.0,174,1,56.83,1,99.0
16406,2,0,4,2,40.0,18,1,180.21,1,77.0
16407,1,1,4,1,39.0,33,4,211.17,1,91.0
16408,1,0,5,0,46.0,170,0,84.01,1,91.0
16409,0,2,4,0,44.0,140,4,165.07,1,90.0
16410,3,0,1,0,28.0,163,3,-10.0,1,92.0
16411,1,0,4,1,34.0,24,1,135.2,1,76.0
16412,1,0,1,0,33.0,96,5,33.79,1,97.0
16413,2,3,5,3,12.0,55,7,127.1,1,97.0
16414,1,2,5,2,21.0,20,1,50.7,1,84.0
16415,1,2,1,3,32.0,33,1,32.13,0,63.0
16416,0,0,1,1,,109,1,0.0,1,92.0
16417,1,0,1,0,39.0,24,1,10.91,1,83.0
16418,3,2,4,2,38.0,81,0,128.33,0,23.0
16419,0,1,1,0,16.0,106,0,7.95,0,28.999999999999996
16420,0,3,5,0,39.0,10,3,148.23,1,85.0
16421,3,2,5,2,35.0,18,2,6.08,1,91.0
16422,0,4,1,4,40.0,176,0,64.86,1,90.0
16423,1,5,1,3,44.0,176,3,13.08,1,100.0
16424,1,1,5,3,32.0,161,1,100.32,0,31.0
16425,0,1,0,3,46.0,129,1,0.0,1,73.0
16426,1,3,5,4,,29,0,122.21,1,35.0
16427,3,3,1,3,24.0,108,2,11.28,1,89.0
16428,0,2,1,1,38.0,37,1,0.0,1,60.0
16429,1,6,5,4,30.0,14,1,80.93,0,19.0
16430,0,2,1,0,36.0,74,1,20.4,1,89.0
16431,0,2,4,0,53.0,59,3,130.54,1,86.0
16432,3,0,4,3,,131,3,159.73,1,95.0
16433,2,3,1,0,36.0,82,2,0.0,1,95.0
16434,0,1,0,1,25.0,13,1,12.72,1,84.0
16435,0,0,1,1,17.0,113,2,59.72,1,96.0
16436,0,2,1,0,33.0,80,2,58.84,0,32.0
16437,0,2,5,3,,7,1,86.42,1,89.0
16438,1,0,4,4,30.0,76,1,153.27,0,15.0
16439,1,1,1,2,38.0,92,1,87.39,1,93.0
16440,0,3,0,2,48.0,110,1,80.51,1,94.0
16441,1,3,1,0,48.0,138,2,30.31,1,96.0
16442,1,1,1,3,38.0,79,4,0.0,1,100.0
16443,0,3,5,0,35.0,49,0,116.35,1,82.0
16444,1,2,5,3,18.0,86,2,77.02,1,83.0
16445,0,2,1,3,27.0,75,1,12.13,1,76.0
16446,0,2,1,2,31.0,37,3,14.81,1,98.0
16447,3,6,4,1,25.0,151,1,216.2,0,28.999999999999996
16448,0,1,1,1,36.0,94,6,49.17,1,97.0
16449,1,3,4,0,53.0,165,0,170.79,0,23.0
16450,0,3,1,0,49.0,124,2,14.36,1,99.0
16451,2,0,4,3,36.0,64,2,211.48,1,87.0
16452,3,1,5,1,41.0,89,3,,1,96.0
16453,0,7,1,3,,16,0,100.87,0,60.0
16454,1,3,4,2,48.0,99,2,164.87,1,68.0
16455,3,0,5,2,18.0,144,0,134.77,0,20.0
16456,1,6,1,3,43.0,26,3,0.0,1,93.0
16457,0,3,0,4,38.0,88,2,19.63,1,81.0
16458,0,2,5,3,26.0,24,3,167.04,0,20.0
16459,1,0,5,3,31.0,101,0,148.59,1,79.0
16460,1,3,5,3,,95,2,142.89,1,97.0
16461,1,2,5,2,23.0,176,1,92.45,1,99.0
16462,0,1,5,2,18.0,57,2,130.36,1,86.0
16463,3,2,5,2,41.0,123,0,165.02,1,90.0
16464,1,2,5,0,46.0,0,2,,1,79.0
16465,2,2,1,2,12.0,140,2,27.99,1,98.0
16466,1,2,4,1,52.0,20,0,222.16,0,6.0
16467,0,1,1,1,33.0,0,0,14.22,0,28.999999999999996
16468,1,0,1,3,36.0,158,0,0.0,1,97.0
16469,3,2,5,2,,60,3,62.35,1,99.0
16470,0,2,1,3,,2,2,23.61,0,20.0
16471,0,3,1,3,36.0,156,1,49.27,1,100.0
16472,2,3,1,4,45.0,175,0,47.18,1,89.0
16473,0,1,5,1,46.0,81,1,49.59,1,91.0
16474,3,5,4,3,47.0,24,1,113.17,0,24.0
16475,0,1,5,1,27.0,161,2,92.76,0,40.0
16476,3,3,5,4,31.0,17,0,4.49,1,62.0
16477,0,2,1,4,27.0,27,1,70.15,1,78.0
16478,1,3,1,3,42.0,3,-1,26.79,1,81.0
16479,0,4,1,0,37.0,118,3,0.0,1,99.0
16480,1,5,1,1,44.0,115,1,28.94,1,97.0
16481,0,1,1,1,,148,2,52.95,1,94.0
16482,0,1,1,4,16.0,69,2,45.43,0,30.0
16483,0,0,1,1,47.0,20,2,85.19,1,80.0
16484,1,2,5,2,,93,0,107.84,1,80.0
16485,1,2,4,3,30.0,147,2,171.29,0,26.0
16486,0,2,4,0,37.0,125,1,152.22,1,90.0
16487,3,1,3,3,32.0,168,0,55.99,1,91.0
16488,1,2,0,3,40.0,120,3,20.38,1,93.0
16489,0,7,5,3,30.0,127,2,136.51,1,92.0
16490,0,1,1,2,38.0,30,1,6.11,1,88.0
16491,0,4,5,0,34.0,99,2,188.79,0,25.0
16492,1,0,5,4,29.0,152,0,54.14,1,61.0
16493,0,2,5,2,35.0,68,2,134.85,1,94.0
16494,1,1,4,3,61.0,16,0,226.23,0,8.0
16495,3,3,5,0,27.0,147,4,24.27,1,97.0
16496,1,7,5,3,31.0,44,1,133.9,1,80.0
16497,1,1,1,3,27.0,110,2,17.68,1,99.0
16498,1,2,4,1,28.0,49,5,97.34,1,92.0
16499,1,0,1,2,,178,4,0.0,1,97.0
16500,0,0,2,0,41.0,119,2,198.28,1,93.0
16501,1,3,1,2,33.0,160,1,84.4,1,96.0
16502,1,3,1,1,44.0,97,3,29.94,1,90.0
16503,0,3,4,3,41.0,115,5,230.72,1,82.0
16504,1,0,1,0,32.0,122,1,,1,97.0
16505,1,3,4,0,18.0,28,4,167.79,0,32.0
16506,2,0,1,2,42.0,149,1,56.86,1,97.0
16507,0,0,4,3,35.0,2,1,186.37,0,8.0
16508,3,2,3,1,,5,1,13.48,0,20.0
16509,2,2,5,3,29.0,167,1,110.28,1,99.0
16510,0,2,1,2,41.0,75,2,28.1,1,97.0
16511,1,3,1,0,37.0,4,3,53.08,1,59.0
16512,0,0,4,0,31.0,2,1,112.62,0,19.0
16513,2,3,1,3,21.0,3,2,87.88,1,92.0
16514,0,4,1,4,44.0,4,1,50.97,0,19.0
16515,0,2,5,3,40.0,56,1,98.65,0,25.0
16516,1,2,1,3,36.0,98,3,68.36,1,97.0
16517,2,3,1,1,7.0,169,0,67.32,0,28.000000000000004
16518,0,0,1,1,33.0,82,2,65.27,1,95.0
16519,3,3,0,1,31.0,155,2,44.72,1,89.0
16520,1,1,4,1,27.0,54,4,167.8,0,33.0
16521,1,3,1,2,41.0,165,2,15.09,1,98.0
16522,1,2,4,0,41.0,22,1,134.06,0,19.0
16523,0,0,0,0,38.0,134,0,26.07,1,62.0
16524,1,0,0,2,44.0,37,2,66.37,0,28.999999999999996
16525,1,3,5,2,23.0,108,2,,1,94.0
16526,3,2,1,4,29.0,84,3,0.0,1,89.0
16527,1,1,5,3,34.0,36,2,118.87,0,23.0
16528,2,3,2,0,,133,1,94.35,1,95.0
16529,1,0,1,2,41.0,137,2,19.62,1,98.0
16530,2,2,5,3,,154,2,122.77,1,96.0
16531,0,0,1,1,46.0,115,1,10.47,1,95.0
16532,3,0,1,2,24.0,105,1,13.4,1,80.0
16533,3,4,1,0,55.0,56,4,11.96,1,88.0
16534,1,0,4,0,54.0,91,0,168.36,0,17.0
16535,1,1,1,0,33.0,15,4,0.0,0,31.0
16536,1,2,4,2,45.0,113,3,182.36,1,98.0
16537,0,3,5,0,29.0,58,1,129.37,1,86.0
16538,2,2,1,1,,155,1,104.59,1,54.0
16539,0,2,1,0,32.0,2,0,14.4,1,77.0
16540,0,2,4,4,21.0,116,0,217.06,0,28.000000000000004
16541,1,3,5,0,-1.0,157,4,83.4,1,96.0
16542,2,2,1,1,31.0,18,1,17.05,0,23.0
16543,3,3,4,2,36.0,96,3,166.88,1,90.0
16544,1,3,1,1,47.0,135,0,32.88,1,95.0
16545,0,5,4,2,34.0,18,1,172.39,0,11.0
16546,1,0,4,3,44.0,35,2,96.54,1,73.0
16547,0,3,5,1,29.0,111,3,90.17,1,92.0
16548,0,0,4,2,30.0,59,2,135.93,1,91.0
16549,1,2,3,3,44.0,33,1,158.95,1,83.0
16550,0,4,5,0,9.0,154,1,53.91,1,94.0
16551,1,0,5,4,34.0,166,0,60.0,0,22.0
16552,0,0,1,1,30.0,41,1,7.67,1,89.0
16553,0,6,5,3,47.0,41,0,75.25,1,90.0
16554,1,2,1,0,28.0,87,2,55.87,1,87.0
16555,0,3,1,3,39.0,175,2,-10.0,1,88.0
16556,0,7,1,1,43.0,158,2,55.62,1,97.0
16557,1,1,1,1,19.0,21,2,0.0,1,90.0
16558,1,2,1,2,32.0,86,0,65.79,0,31.0
16559,0,1,2,0,29.0,40,1,206.63,1,78.0
16560,3,2,1,0,43.0,23,0,0.0,1,94.0
16561,1,0,5,3,40.0,167,1,67.76,1,89.0
16562,1,1,1,0,31.0,159,0,62.66,1,96.0
16563,1,1,1,1,23.0,50,2,0.0,1,95.0
16564,0,1,1,3,44.0,32,1,50.4,1,85.0
16565,1,6,1,2,33.0,27,2,0.6,1,88.0
16566,1,3,5,3,17.0,89,3,112.04,1,94.0
16567,0,1,5,3,18.0,81,0,98.04,1,89.0
16568,0,3,1,2,,121,5,68.43,1,99.0
16569,1,2,0,3,21.0,78,3,41.9,1,90.0
16570,0,1,2,0,52.0,101,1,195.41,1,85.0
16571,0,2,1,3,24.0,21,3,42.3,1,91.0
16572,1,7,1,3,33.0,17,2,40.2,1,81.0
16573,1,3,5,3,,1,1,165.42,1,30.0
16574,2,1,1,1,26.0,93,1,15.58,1,93.0
16575,1,3,4,1,11.0,88,2,159.86,1,85.0
16576,0,0,5,0,35.0,153,5,66.31,1,98.0
16577,3,0,1,2,26.0,38,2,17.34,1,86.0
16578,1,5,1,1,35.0,16,3,20.56,0,65.0
16579,1,2,3,1,,15,0,94.09,0,21.0
16580,0,6,1,0,36.0,154,0,,1,92.0
16581,2,2,2,0,49.0,176,0,186.44,0,15.0
16582,3,0,5,2,28.0,130,0,78.41,1,85.0
16583,0,3,1,3,29.0,41,1,58.5,0,28.999999999999996
16584,1,0,3,3,,62,3,119.19,1,94.0
16585,0,7,1,2,32.0,28,4,27.5,1,79.0
16586,0,0,0,2,,129,4,0.0,1,98.0
16587,0,2,3,2,29.0,106,2,104.81,1,91.0
16588,1,2,5,0,38.0,103,2,101.45,1,92.0
16589,1,2,5,3,32.0,13,2,60.33,1,87.0
16590,0,1,1,2,20.0,11,1,0.0,1,87.0
16591,0,1,5,2,,23,2,75.05,1,97.0
16592,1,3,1,4,31.0,27,3,20.37,0,31.0
16593,1,1,5,3,35.0,145,1,,1,90.0
16594,2,0,5,0,28.0,100,3,,1,65.0
16595,0,0,5,1,27.0,133,1,83.42,1,79.0
16596,1,3,4,1,35.0,29,3,69.11,1,93.0
16597,1,3,4,0,31.0,33,0,200.51,0,13.0
16598,1,2,4,0,51.0,155,1,118.06,1,92.0
16599,3,1,4,3,41.0,74,0,140.17,1,80.0
16600,0,2,5,0,39.0,15,4,36.44,0,28.000000000000004
16601,0,1,4,0,32.0,153,3,-10.0,1,92.0
16602,0,1,4,2,13.0,158,1,172.27,0,25.0
16603,1,3,5,4,25.0,26,6,75.24,1,94.0
16604,2,2,0,0,27.0,111,0,,1,95.0
16605,0,2,1,2,31.0,48,2,48.7,1,91.0
16606,1,1,4,3,33.0,136,1,152.64,1,93.0
16607,1,1,1,3,40.0,25,4,32.55,1,94.0
16608,0,3,2,0,36.0,5,1,201.02,1,72.0
16609,3,4,1,0,45.0,134,3,0.0,0,100.0
16610,1,2,1,1,30.0,12,2,60.65,1,90.0
16611,2,2,5,2,36.0,176,2,39.01,1,100.0
16612,0,3,4,4,37.0,9,4,189.72,0,27.0
16613,1,3,1,0,,42,2,47.99,1,91.0
16614,1,2,2,1,46.0,109,2,66.29,1,97.0
16615,1,2,5,1,42.0,176,0,87.56,1,96.0
16616,0,1,1,3,20.0,111,5,0.0,1,94.0
16617,1,0,1,4,32.0,100,3,73.82,1,94.0
16618,1,2,1,3,33.0,17,1,39.57,1,89.0
16619,0,3,1,3,55.0,10,0,0.0,1,79.0
16620,0,1,1,1,30.0,9,2,9.64,1,83.0
16621,1,1,1,2,,155,1,81.92,1,96.0
16622,0,3,1,0,38.0,52,1,16.86,0,36.0
16623,0,7,4,2,38.0,53,1,126.32,1,86.0
16624,0,1,5,3,33.0,152,2,145.39,0,39.0
16625,2,7,5,1,31.0,5,3,,0,21.0
16626,1,5,1,0,,105,3,26.45,1,98.0
16627,2,3,4,3,25.0,138,1,124.53,1,98.0
16628,0,1,4,1,30.0,32,2,116.26,1,70.0
16629,0,2,3,4,,68,0,131.78,1,93.0
16630,0,2,4,1,44.0,95,2,134.76,1,89.0
16631,0,3,4,2,36.0,173,1,143.71,1,97.0
16632,1,0,3,3,23.0,87,0,105.16,1,82.0
16633,0,2,5,2,24.0,54,3,126.22,0,63.0
16634,0,1,1,2,52.0,50,1,19.55,1,83.0
16635,0,0,0,1,44.0,24,2,0.0,1,93.0
16636,1,1,0,0,42.0,104,1,0.0,0,20.0
16637,3,1,1,2,34.0,22,2,111.78,0,56.99999999999999
16638,0,2,1,3,49.0,177,1,61.03,1,99.0
16639,1,7,2,3,22.0,45,1,186.81,1,80.0
16640,0,3,1,1,41.0,171,3,0.0,1,99.0
16641,0,1,4,2,29.0,140,3,141.76,1,99.0
16642,0,2,5,0,31.0,175,1,94.99,1,98.0
16643,0,1,1,0,41.0,144,2,12.23,1,98.0
16644,2,0,1,3,32.0,13,3,0.0,1,91.0
16645,1,1,1,4,29.0,157,0,0.0,1,96.0
16646,0,2,4,2,29.0,104,3,160.29,1,97.0
16647,2,1,4,3,14.0,121,1,146.45,1,95.0
16648,2,2,1,1,41.0,157,1,12.98,1,99.0
16649,0,3,4,0,23.0,32,3,139.33,1,92.0
16650,2,2,3,4,52.0,119,2,99.47,1,76.0
16651,1,0,1,1,31.0,30,1,0.0,0,21.0
16652,2,2,5,0,,22,3,120.3,1,91.0
16653,1,4,5,1,15.0,179,2,39.04,1,94.0
16654,1,0,0,3,41.0,114,2,52.91,1,98.0
16655,1,1,3,2,43.0,53,2,0.0,0,27.0
16656,0,4,1,4,47.0,174,0,35.42,1,90.0
16657,1,2,1,2,18.0,176,0,15.83,1,97.0
16658,1,3,1,3,26.0,83,3,-10.0,1,98.0
16659,1,2,4,0,39.0,55,2,139.66,1,74.0
16660,1,3,5,1,35.0,91,2,105.37,0,22.0
16661,0,0,1,0,36.0,7,1,32.0,1,84.0
16662,0,5,1,2,30.0,149,3,0.0,1,96.0
16663,1,0,1,2,49.0,61,0,3.1,0,26.0
16664,0,0,5,0,60.0,53,0,78.28,1,84.0
16665,2,3,1,3,35.0,162,4,75.08,1,99.0
16666,0,2,2,2,38.0,118,4,178.4,1,91.0
16667,1,5,4,3,,107,3,133.25,1,94.0
16668,0,1,5,0,46.0,87,1,86.64,1,90.0
16669,1,1,1,4,42.0,14,2,0.0,1,88.0
16670,1,1,1,2,23.0,113,0,2.92,1,97.0
16671,1,2,1,4,,4,1,29.9,0,17.0
16672,2,1,5,3,23.0,16,2,37.5,1,86.0
16673,1,7,5,3,60.0,91,1,69.85,1,90.0
16674,1,3,5,1,40.0,116,2,142.83,1,91.0
16675,1,1,1,2,28.0,130,0,0.0,1,99.0
16676,2,1,4,1,27.0,146,0,206.67,0,28.000000000000004
16677,0,2,1,4,42.0,101,0,0.0,1,95.0
16678,1,2,1,2,,164,2,0.0,1,99.0
16679,0,1,5,0,41.0,148,0,106.89,1,78.0
16680,0,2,1,0,,100,3,0.0,1,94.0
16681,0,0,5,0,37.0,50,1,-10.0,1,88.0
16682,1,5,4,3,35.0,53,4,129.43,1,83.0
16683,2,2,5,3,24.0,138,0,140.62,1,98.0
16684,1,3,0,0,24.0,157,1,66.6,1,97.0
16685,0,5,1,1,38.0,89,2,52.34,0,31.0
16686,1,5,1,1,35.0,112,1,34.72,1,95.0
16687,1,3,1,2,39.0,170,2,47.94,1,91.0
16688,1,3,4,2,,35,1,208.25,0,21.0
16689,0,2,5,0,48.0,89,3,35.74,1,90.0
16690,1,7,1,3,26.0,119,6,0.0,1,98.0
16691,0,0,4,3,40.0,90,3,164.53,1,93.0
16692,1,1,5,2,,153,1,87.68,1,89.0
16693,0,0,1,0,30.0,97,2,95.62,1,91.0
16694,2,6,1,2,35.0,59,2,59.87,1,89.0
16695,0,3,1,1,,89,4,0.0,1,96.0
16696,0,1,4,0,55.0,21,3,151.81,1,90.0
16697,0,3,5,0,35.0,23,2,90.31,1,91.0
16698,1,3,2,0,38.0,139,3,86.61,1,93.0
16699,2,2,1,1,,74,1,16.22,0,32.0
16700,1,2,4,0,29.0,59,2,131.63,1,93.0
16701,0,2,0,2,20.0,148,2,0.0,1,99.0
16702,0,2,4,1,44.0,79,1,108.21,1,84.0
16703,1,1,4,3,41.0,163,2,150.01,1,94.0
16704,1,0,1,2,30.0,6,1,108.4,1,75.0
16705,0,0,5,2,24.0,52,2,27.81,0,21.0
16706,2,1,5,2,35.0,155,3,53.56,1,98.0
16707,3,7,4,1,29.0,23,3,204.31,0,13.0
16708,0,1,1,2,,52,1,77.93,1,77.0
16709,0,4,0,1,21.0,12,4,0.0,1,95.0
16710,3,0,4,0,36.0,77,3,,1,85.0
16711,1,1,5,3,36.0,94,2,100.36,1,95.0
16712,1,2,1,0,44.0,71,2,,0,77.0
16713,0,3,4,2,32.0,0,3,,1,53.0
16714,2,1,1,1,30.0,103,1,73.35,1,69.0
16715,2,0,5,1,18.0,114,2,111.39,1,96.0
16716,0,2,1,0,45.0,80,3,11.25,1,95.0
16717,1,3,1,2,42.0,40,2,0.0,1,96.0
16718,0,0,1,3,34.0,12,4,75.53,1,93.0
16719,1,3,1,1,,174,1,138.66,1,94.0
16720,1,2,3,1,21.0,26,2,63.69,0,20.0
16721,0,0,3,2,28.0,122,0,148.15,1,89.0
16722,1,2,1,1,43.0,39,1,39.33,0,28.000000000000004
16723,2,1,1,2,36.0,159,3,40.06,1,99.0
16724,0,1,5,2,,75,2,164.15,1,87.0
16725,0,3,1,3,38.0,170,3,95.95,1,97.0
16726,1,2,5,2,25.0,51,1,42.97,1,91.0
16727,1,2,5,0,28.0,79,1,95.31,1,94.0
16728,1,3,4,3,43.0,33,4,195.99,1,91.0
16729,3,3,5,2,41.0,133,4,62.48,1,99.0
16730,2,3,1,2,44.0,47,1,65.27,0,17.0
16731,0,1,2,3,33.0,145,0,109.65,1,90.0
16732,1,3,4,1,42.0,80,0,150.36,1,77.0
16733,3,1,1,3,28.0,166,5,93.7,1,98.0
16734,1,3,4,1,31.0,6,4,179.3,1,55.00000000000001
16735,1,2,5,3,30.0,5,2,117.89,1,81.0
16736,0,2,1,3,34.0,52,4,36.33,1,98.0
16737,3,3,1,0,21.0,0,0,20.85,0,19.0
16738,1,3,5,3,31.0,28,3,128.49,0,16.0
16739,1,1,1,0,48.0,91,1,,0,37.0
16740,3,0,1,2,,102,1,67.27,1,95.0
16741,1,1,1,1,20.0,122,2,18.76,1,96.0
16742,1,2,1,4,21.0,101,2,101.15,1,94.0
16743,0,3,1,0,60.0,97,3,61.39,1,90.0
16744,2,6,5,1,38.0,176,1,45.15,1,90.0
16745,0,0,1,1,31.0,58,2,,1,96.0
16746,3,1,4,3,34.0,140,1,165.87,1,94.0
16747,0,2,1,0,,44,1,47.03,1,83.0
16748,1,1,1,1,27.0,173,2,0.0,1,99.0
16749,3,7,1,2,28.0,121,2,13.49,1,100.0
16750,0,2,1,0,32.0,22,1,36.02,0,24.0
16751,1,0,1,3,26.0,31,2,1.8,0,25.0
16752,0,1,5,2,30.0,71,3,72.76,1,95.0
16753,1,1,5,4,37.0,110,2,149.0,1,67.0
16754,1,0,1,1,24.0,74,3,6.58,1,89.0
16755,1,2,0,0,,140,1,54.25,0,89.0
16756,0,2,1,1,41.0,52,4,58.12,1,97.0
16757,2,1,4,0,21.0,19,1,131.8,0,20.0
16758,0,0,5,4,9.0,128,2,66.67,0,28.999999999999996
16759,3,1,1,2,27.0,56,3,44.97,1,95.0
16760,1,1,1,3,40.0,65,5,53.0,1,97.0
16761,1,3,4,2,38.0,138,0,,0,33.0
16762,1,2,1,3,,45,0,66.54,1,81.0
16763,1,2,5,0,27.0,29,2,-10.0,1,80.0
16764,1,3,1,1,24.0,6,0,36.57,0,15.0
16765,0,2,5,2,29.0,151,1,64.28,0,40.0
16766,3,2,4,1,23.0,94,1,189.76,1,94.0
16767,3,2,4,0,30.0,175,1,154.56,1,96.0
16768,1,0,5,3,47.0,42,2,105.23,1,84.0
16769,2,3,0,2,26.0,78,3,94.93,0,24.0
16770,1,1,0,3,,35,1,50.4,0,25.0
16771,1,0,1,3,41.0,128,0,5.38,0,39.0
16772,2,1,4,0,23.0,6,1,102.42,0,15.0
16773,0,7,5,3,25.0,43,3,94.92,0,31.0
16774,1,3,1,0,44.0,60,2,42.39,1,92.0
16775,0,3,1,3,,25,2,0.0,1,96.0
16776,1,2,5,4,33.0,106,3,24.68,1,92.0
16777,0,0,4,2,54.0,106,3,157.93,1,97.0
16778,0,3,5,0,43.0,120,3,56.42,1,98.0
16779,3,1,1,1,34.0,157,0,90.2,1,88.0
16780,1,2,1,1,42.0,0,2,4.76,0,79.0
16781,1,2,1,1,33.0,62,2,0.0,1,93.0
16782,0,0,4,2,44.0,14,0,159.48,0,16.0
16783,0,0,4,2,,54,3,139.46,1,89.0
16784,1,0,2,3,32.0,56,2,124.5,0,15.0
16785,0,2,3,3,13.0,116,3,111.54,1,94.0
16786,2,3,5,1,35.0,19,2,112.85,1,85.0
16787,3,1,5,3,31.0,149,3,113.78,1,97.0
16788,2,3,5,3,47.0,88,2,113.23,0,31.0
16789,2,1,5,2,,177,1,157.57,1,95.0
16790,0,3,1,1,28.0,116,2,0.0,1,99.0
16791,2,0,5,0,29.0,163,3,69.01,1,99.0
16792,1,1,1,1,,164,1,9.39,1,97.0
16793,1,6,1,2,28.0,173,3,36.14,1,95.0
16794,1,1,4,1,33.0,118,1,78.69,1,93.0
16795,0,2,4,0,47.0,154,3,168.66,1,98.0
16796,1,3,5,3,25.0,146,1,77.69,1,97.0
16797,3,0,1,1,29.0,82,1,57.34,1,89.0
16798,1,1,4,2,30.0,15,0,249.62,0,28.999999999999996
16799,1,2,5,2,65.0,53,1,86.6,0,13.0
16800,0,3,1,1,40.0,94,1,17.6,1,94.0
16801,1,0,5,3,45.0,161,5,83.13,1,88.0
16802,1,0,1,3,41.0,78,2,32.82,1,92.0
16803,1,0,1,2,42.0,178,0,30.73,1,90.0
16804,0,3,4,2,,35,0,159.51,0,18.0
16805,0,3,1,0,37.0,126,3,50.13,0,98.0
16806,0,3,1,4,19.0,89,0,67.1,1,86.0
16807,0,0,1,1,37.0,93,2,26.37,0,34.0
16808,0,1,0,4,32.0,158,1,31.92,1,95.0
16809,1,2,1,2,39.0,88,2,61.61,0,88.0
16810,1,3,1,2,33.0,131,1,63.77,1,88.0
16811,0,1,1,2,41.0,11,1,68.8,0,20.0
16812,1,2,0,3,,60,3,106.62,1,91.0
16813,1,0,1,4,4.0,146,1,128.08,1,85.0
16814,0,5,1,3,29.0,118,4,135.1,1,93.0
16815,0,0,3,0,,8,2,83.1,0,21.0
16816,1,2,3,0,36.0,24,1,107.6,1,77.0
16817,1,3,1,1,30.0,53,3,25.45,1,97.0
16818,3,0,5,2,47.0,111,2,72.7,1,95.0
16819,2,1,2,4,36.0,174,2,197.29,1,92.0
16820,0,7,4,3,29.0,40,3,147.24,1,87.0
16821,0,1,1,1,43.0,178,2,,1,84.0
16822,0,2,5,1,30.0,49,4,71.38,1,88.0
16823,3,2,1,4,29.0,116,1,0.0,1,96.0
16824,3,3,1,3,37.0,134,1,21.49,1,96.0
16825,1,1,1,3,50.0,26,1,60.63,1,83.0
16826,2,1,1,2,42.0,175,0,11.14,1,93.0
16827,1,1,5,3,39.0,110,0,99.79,1,53.0
16828,1,1,5,0,61.0,54,0,41.32,1,55.00000000000001
16829,0,2,5,2,26.0,106,3,47.63,1,92.0
16830,0,1,1,2,26.0,133,3,74.87,1,95.0
16831,3,6,1,4,35.0,162,2,5.61,1,96.0
16832,1,1,1,0,49.0,159,0,69.59,1,94.0
16833,0,1,0,3,24.0,5,1,,1,89.0
16834,3,0,4,0,51.0,17,2,152.8,1,77.0
16835,3,0,5,0,19.0,158,2,122.02,1,91.0
16836,1,1,4,0,32.0,51,0,,0,21.0
16837,1,2,5,1,35.0,143,0,68.75,0,94.0
16838,0,1,1,3,25.0,80,4,112.51,0,33.0
16839,1,0,1,3,27.0,179,1,22.79,1,100.0
16840,3,1,1,2,41.0,132,2,24.65,1,93.0
16841,3,0,1,4,48.0,144,2,158.88,1,76.0
16842,1,1,4,1,12.0,158,0,157.38,1,89.0
16843,1,3,1,0,35.0,15,4,29.62,0,28.000000000000004
16844,1,1,0,2,32.0,20,2,60.51,1,65.0
16845,3,2,5,3,35.0,168,0,92.47,1,94.0
16846,1,0,4,2,30.0,38,2,183.89,1,88.0
16847,0,3,1,0,21.0,36,1,18.62,1,88.0
16848,0,0,5,1,49.0,168,0,81.27,1,94.0
16849,0,0,1,0,45.0,52,3,37.58,0,24.0
16850,1,2,5,2,,73,1,63.17,1,97.0
16851,1,1,0,1,29.0,31,0,,0,35.0
16852,3,2,0,1,,24,2,28.59,1,89.0
16853,3,1,5,0,8.0,63,0,112.83,1,83.0
16854,0,3,1,2,37.0,160,0,73.47,1,78.0
16855,1,2,5,0,41.0,102,3,105.73,1,89.0
16856,1,2,4,2,35.0,101,1,113.2,1,46.0
16857,0,0,1,2,33.0,37,2,71.66,1,87.0
16858,1,2,5,3,35.0,91,2,99.02,1,95.0
16859,3,1,5,1,25.0,78,1,94.81,1,69.0
16860,0,2,1,4,29.0,135,2,0.0,1,98.0
16861,1,2,5,0,32.0,0,3,109.46,1,85.0
16862,3,3,5,0,40.0,58,0,41.01,1,60.0
16863,3,1,5,3,47.0,34,2,29.9,1,91.0
16864,1,4,4,3,31.0,15,1,163.25,1,67.0
16865,0,1,5,3,23.0,141,3,99.93,1,99.0
16866,1,3,4,1,34.0,4,2,131.66,0,60.0
16867,1,1,5,4,,79,1,66.45,1,90.0
16868,1,1,1,1,24.0,20,2,75.38,1,67.0
16869,0,2,1,3,42.0,57,1,78.01,1,84.0
16870,3,2,0,1,47.0,56,2,49.17,1,87.0
16871,0,1,5,2,30.0,138,2,123.23,1,96.0
16872,1,1,5,3,,70,2,122.25,1,94.0
16873,0,0,1,1,39.0,120,1,0.0,1,98.0
16874,1,3,1,2,37.0,135,2,36.96,1,99.0
16875,2,2,1,3,40.0,141,1,24.79,1,100.0
16876,0,2,1,2,54.0,176,2,42.07,1,99.0
16877,1,2,5,4,35.0,107,4,6.93,1,97.0
16878,1,2,5,0,22.0,160,3,91.74,1,93.0
16879,0,1,4,1,34.0,151,0,188.87,1,87.0
16880,1,1,0,0,36.0,37,1,4.17,1,91.0
16881,0,0,5,1,46.0,78,4,,1,93.0
16882,1,2,5,0,,49,1,138.07,1,88.0
16883,1,2,4,3,29.0,88,2,101.02,1,95.0
16884,0,1,5,0,,63,1,71.63,0,30.0
16885,3,0,1,3,39.0,124,1,29.39,1,91.0
16886,3,1,1,1,67.0,129,1,0.0,1,74.0
16887,1,2,5,3,31.0,166,2,101.87,1,99.0
16888,1,2,5,0,38.0,141,3,50.88,1,98.0
16889,1,3,2,2,28.0,139,2,90.41,1,93.0
16890,0,3,1,1,21.0,80,0,33.02,1,89.0
16891,0,3,4,2,38.0,77,2,,1,86.0
16892,3,0,1,2,,178,3,0.0,1,100.0
16893,3,1,4,2,,9,2,189.19,0,20.0
16894,1,6,4,2,50.0,43,1,145.47,0,17.0
16895,0,2,5,2,38.0,39,2,138.01,1,89.0
16896,2,0,5,0,34.0,108,2,84.37,1,96.0
16897,2,2,1,3,29.0,69,3,0.0,1,95.0
16898,1,6,1,3,38.0,30,4,96.68,1,88.0
16899,1,5,1,2,38.0,36,2,37.35,0,17.0
16900,0,3,1,0,38.0,170,1,5.63,1,98.0
16901,1,3,5,2,44.0,108,0,124.67,1,93.0
16902,1,0,1,2,46.0,96,2,41.25,1,95.0
16903,1,3,4,4,54.0,70,2,166.65,1,89.0
16904,0,3,1,0,25.0,37,4,0.0,1,92.0
16905,1,0,3,2,28.0,7,3,29.26,1,85.0
16906,1,0,5,3,37.0,33,1,97.88,0,12.0
16907,1,3,1,1,26.0,144,1,9.0,1,98.0
16908,2,1,1,2,27.0,16,2,79.36,1,86.0
16909,2,4,1,2,38.0,93,2,0.0,1,93.0
16910,0,2,5,4,43.0,81,1,64.55,1,84.0
16911,0,0,5,0,,52,2,86.59,1,84.0
16912,3,2,1,2,32.0,142,0,32.98,0,33.0
16913,1,0,4,3,38.0,63,2,,0,27.0
16914,1,0,1,4,36.0,108,2,75.65,1,72.0
16915,1,3,5,0,34.0,56,2,80.75,1,83.0
16916,1,3,1,1,25.0,147,4,12.87,1,98.0
16917,1,3,5,3,24.0,60,1,60.66,1,89.0
16918,3,1,4,2,40.0,24,0,204.4,1,72.0
16919,0,7,3,0,25.0,77,0,116.92,1,55.00000000000001
16920,0,3,0,4,16.0,26,0,0.0,0,17.0
16921,3,0,1,0,33.0,174,0,26.26,1,95.0
16922,1,0,4,2,,98,0,161.21,0,13.0
16923,1,1,1,3,6.0,27,3,28.79,1,92.0
16924,0,2,1,3,31.0,133,1,66.46,1,99.0
16925,0,0,3,2,40.0,40,1,72.38,1,78.0
16926,1,0,1,3,15.0,58,1,71.27,1,80.0
16927,0,2,1,2,31.0,77,1,0.0,1,92.0
16928,0,1,4,0,22.0,48,1,148.03,1,83.0
16929,0,0,1,3,23.0,107,3,14.2,1,99.0
16930,0,3,1,0,29.0,99,3,22.22,1,91.0
16931,1,1,5,2,22.0,4,2,125.44,0,68.0
16932,1,2,4,0,,10,6,199.57,1,68.0
16933,0,2,0,1,33.0,85,3,75.47,1,99.0
16934,1,3,5,2,56.0,39,1,43.07,0,24.0
16935,3,7,3,3,41.0,113,4,52.44,1,91.0
16936,0,3,1,3,44.0,69,4,0.0,1,93.0
16937,1,1,1,1,41.0,166,2,54.6,1,99.0
16938,0,2,1,2,27.0,69,1,61.58,1,98.0
16939,0,3,5,2,37.0,109,2,70.01,0,32.0
16940,1,7,4,2,44.0,19,1,170.6,0,10.0
16941,2,6,0,2,42.0,131,2,13.88,1,98.0
16942,2,4,4,0,35.0,12,1,129.9,1,85.0
16943,0,1,3,2,39.0,48,3,87.06,1,94.0
16944,1,0,1,0,58.0,75,3,0.0,1,89.0
16945,0,3,5,0,42.0,8,2,0.28,1,90.0
16946,0,1,1,3,30.0,58,5,47.21,1,89.0
16947,1,0,4,2,33.0,115,2,125.06,1,91.0
16948,1,2,5,0,,2,2,77.56,1,82.0
16949,2,3,5,4,57.0,10,3,38.81,1,80.0
16950,1,5,5,1,50.0,4,3,120.13,1,89.0
16951,0,1,5,0,34.0,162,4,,0,37.0
16952,0,1,2,3,55.0,112,1,188.86,1,91.0
16953,0,1,5,4,40.0,151,2,30.21,1,98.0
16954,1,3,4,3,29.0,81,2,241.88,0,68.0
16955,2,7,5,0,43.0,124,3,95.76,1,95.0
16956,1,2,1,0,37.0,133,1,46.9,1,97.0
16957,0,2,4,3,42.0,85,3,101.33,1,94.0
16958,0,2,5,2,20.0,41,1,89.48,1,86.0
16959,0,0,5,0,25.0,42,2,84.45,1,66.0
16960,3,2,4,1,48.0,141,0,102.1,0,36.0
16961,0,7,1,3,50.0,24,1,3.56,1,83.0
16962,1,4,1,0,48.0,17,1,92.31,0,63.0
16963,3,3,1,2,56.0,151,2,1.56,1,99.0
16964,0,4,5,0,39.0,105,6,78.59,1,98.0
16965,1,6,4,2,39.0,0,3,136.45,1,75.0
16966,1,2,4,2,24.0,14,2,180.0,1,87.0
16967,2,2,1,0,28.0,33,0,64.7,0,30.0
16968,1,0,5,1,14.0,179,3,119.22,1,96.0
16969,0,3,4,2,30.0,1,2,,1,61.0
16970,0,1,3,3,13.0,163,2,130.33,1,96.0
16971,1,3,1,2,44.0,150,3,0.0,1,99.0
16972,0,2,5,2,37.0,151,0,76.86,1,91.0
16973,1,0,4,1,13.0,109,4,148.28,1,93.0
16974,0,0,4,4,32.0,159,1,207.32,1,80.0
16975,0,2,5,0,53.0,50,2,4.46,1,91.0
16976,0,0,4,1,,45,3,100.3,1,65.0
16977,0,2,1,2,24.0,140,2,0.0,1,99.0
16978,2,3,0,0,16.0,96,0,25.09,1,90.0
16979,0,0,4,0,,105,0,147.87,1,56.00000000000001
16980,1,1,1,2,39.0,13,2,0.0,1,97.0
16981,1,4,1,3,29.0,16,2,60.06,1,92.0
16982,0,2,1,3,30.0,121,2,63.32,1,99.0
16983,3,1,5,2,29.0,143,3,90.35,1,96.0
16984,2,2,3,2,32.0,159,2,31.27,1,97.0
16985,2,0,1,0,21.0,106,1,135.38,0,26.0
16986,1,1,4,2,,11,6,193.19,1,79.0
16987,0,1,4,2,19.0,130,1,205.53,1,83.0
16988,0,0,1,0,26.0,74,5,0.0,1,92.0
16989,1,1,1,2,44.0,42,1,0.0,1,88.0
16990,1,3,5,2,37.0,132,1,36.71,1,93.0
16991,3,1,5,2,40.0,174,2,67.58,1,99.0
16992,1,1,1,0,55.0,26,2,14.18,0,76.0
16993,1,3,1,2,33.0,126,0,19.64,1,94.0
16994,1,2,1,4,34.0,179,2,,1,95.0
16995,3,2,1,2,31.0,55,2,,1,91.0
16996,0,3,1,3,29.0,103,3,61.75,1,96.0
16997,0,1,5,2,23.0,79,2,134.75,0,26.0
16998,3,0,5,0,34.0,67,2,95.81,0,28.000000000000004
16999,1,7,5,3,37.0,90,1,162.8,1,84.0
17000,0,0,1,4,38.0,14,1,34.42,1,75.0
17001,1,2,5,2,34.0,146,1,103.32,0,27.0
17002,1,3,1,2,43.0,25,2,0.0,1,85.0
17003,2,0,0,2,34.0,172,2,0.0,1,99.0
17004,0,1,5,0,29.0,9,2,97.1,0,14.000000000000002
17005,1,3,5,1,24.0,97,4,82.29,1,94.0
17006,1,0,1,3,18.0,101,3,89.51,1,93.0
17007,0,3,5,2,48.0,153,3,,1,99.0
17008,1,3,4,0,27.0,135,1,,1,94.0
17009,1,2,3,1,24.0,79,2,96.94,0,34.0
17010,1,2,5,0,29.0,31,2,63.96,1,93.0
17011,1,1,2,2,31.0,20,0,158.42,0,10.0
17012,2,2,5,1,50.0,95,3,101.05,1,86.0
17013,1,2,5,3,30.0,44,3,100.47,1,72.0
17014,1,2,1,3,,11,1,9.54,0,22.0
17015,0,0,0,0,34.0,175,2,10.44,1,96.0
17016,2,3,5,3,54.0,102,0,124.79,0,21.0
17017,1,2,5,3,,73,2,,1,97.0
17018,1,0,1,1,37.0,69,1,50.39,0,27.0
17019,1,3,4,3,49.0,36,1,157.0,1,56.00000000000001
17020,0,2,1,1,45.0,111,2,20.97,1,96.0
17021,0,2,5,1,40.0,158,1,56.96,0,93.0
17022,2,3,1,1,57.0,130,0,54.76,1,98.0
17023,3,0,1,3,29.0,68,1,42.05,1,90.0
17024,0,0,4,0,24.0,97,1,121.03,1,86.0
17025,0,1,1,0,27.0,32,3,64.58,1,93.0
17026,0,3,1,3,51.0,35,1,0.0,1,89.0
17027,1,1,5,1,48.0,2,2,127.93,1,71.0
17028,3,0,5,3,28.0,130,2,55.79,1,93.0
17029,1,2,5,2,10.0,105,4,94.73,1,96.0
17030,1,1,4,0,31.0,27,3,158.43,1,86.0
17031,0,0,1,1,,136,2,0.0,1,96.0
17032,1,0,5,3,29.0,25,3,70.67,1,92.0
17033,0,2,3,1,23.0,156,1,139.78,1,96.0
17034,0,3,2,2,17.0,9,0,192.38,0,17.0
17035,0,0,4,1,52.0,154,2,209.76,1,93.0
17036,2,1,5,2,27.0,108,2,53.54,1,100.0
17037,1,2,5,0,48.0,61,0,56.74,0,28.000000000000004
17038,0,3,1,1,31.0,95,1,18.88,1,87.0
17039,0,3,1,3,22.0,145,1,28.09,1,99.0
17040,0,3,5,1,39.0,85,2,51.07,1,97.0
17041,0,0,5,1,30.0,144,1,85.93,1,92.0
17042,1,3,5,2,31.0,48,3,99.09,1,77.0
17043,0,0,5,2,35.0,153,0,129.84,1,87.0
17044,1,6,1,3,25.0,4,0,33.98,1,81.0
17045,3,2,3,0,17.0,72,4,100.76,0,79.0
17046,1,3,1,0,33.0,43,0,0.0,0,35.0
17047,0,2,1,2,43.0,151,2,0.0,1,100.0
17048,1,1,1,3,24.0,120,0,76.1,1,85.0
17049,1,1,4,1,35.0,6,2,164.1,0,9.0
17050,0,0,1,3,49.0,19,5,68.03,1,93.0
17051,2,3,4,3,33.0,107,5,144.39,1,99.0
17052,0,0,1,3,34.0,146,1,0.0,0,40.0
17053,3,2,1,0,34.0,63,1,0.0,1,93.0
17054,0,7,4,4,27.0,42,3,125.2,1,84.0
17055,0,4,5,3,24.0,43,1,46.91,1,88.0
17056,1,3,1,0,24.0,152,2,50.43,1,100.0
17057,2,3,1,0,37.0,16,2,25.73,1,84.0
17058,1,0,4,2,41.0,38,0,198.12,0,5.0
17059,2,3,1,1,42.0,152,2,19.0,1,100.0
17060,3,2,5,3,30.0,98,1,139.87,1,95.0
17061,3,5,1,1,44.0,38,5,55.29,1,95.0
17062,0,1,1,2,37.0,38,1,27.89,1,62.0
17063,0,3,1,2,,15,5,3.24,0,30.0
17064,0,1,5,3,0.0,52,2,146.33,1,65.0
17065,1,3,5,0,25.0,105,1,68.24,1,94.0
17066,0,0,1,2,18.0,156,0,56.63,1,90.0
17067,1,2,3,0,40.0,9,1,117.99,1,83.0
17068,0,1,4,2,34.0,1,1,212.17,0,13.0
17069,1,0,4,1,23.0,140,3,123.91,1,93.0
17070,1,2,1,3,37.0,1,4,127.64,1,90.0
17071,1,1,1,2,,169,2,103.19,1,90.0
17072,0,1,4,1,23.0,13,0,181.88,1,71.0
17073,0,2,1,2,26.0,50,4,0.0,1,89.0
17074,1,0,1,3,39.0,107,5,63.14,1,98.0
17075,0,0,4,1,47.0,48,2,194.06,0,20.0
17076,1,1,1,0,28.0,165,3,0.0,1,98.0
17077,0,2,1,2,47.0,161,3,23.58,1,98.0
17078,0,0,1,2,34.0,28,4,77.35,1,86.0
17079,0,2,4,1,36.0,110,2,72.97,1,94.0
17080,0,6,1,3,33.0,123,1,-10.0,1,94.0
17081,1,1,4,2,32.0,63,2,171.7,0,15.0
17082,0,2,5,1,38.0,22,1,40.55,1,90.0
17083,0,6,5,3,41.0,22,2,107.55,1,34.0
17084,0,7,1,2,25.0,15,1,31.77,0,18.0
17085,0,2,1,1,32.0,43,0,29.56,1,69.0
17086,1,0,5,3,50.0,59,2,100.09,1,94.0
17087,0,1,1,2,35.0,108,3,25.83,1,80.0
17088,0,1,4,2,36.0,64,0,152.88,0,35.0
17089,1,2,1,3,45.0,146,4,14.01,1,99.0
17090,1,2,5,3,28.0,172,0,92.57,1,97.0
17091,1,0,1,1,33.0,96,0,0.0,1,87.0
17092,3,7,5,2,42.0,97,4,168.41,1,75.0
17093,0,5,0,2,46.0,128,4,,1,98.0
17094,1,3,0,1,10.0,11,0,51.39,0,16.0
17095,1,4,4,2,26.0,152,1,119.03,1,98.0
17096,0,1,5,2,24.0,86,1,218.48,0,19.0
17097,2,0,5,2,32.0,88,1,55.8,1,82.0
17098,1,2,5,0,24.0,87,1,158.83,1,87.0
17099,1,0,5,3,40.0,137,1,61.84,1,92.0
17100,2,2,0,0,35.0,160,3,63.01,1,99.0
17101,1,3,1,0,,129,1,30.68,1,75.0
17102,1,1,4,3,43.0,131,1,173.68,1,81.0
17103,3,5,1,0,40.0,150,2,46.53,1,93.0
17104,0,3,3,1,30.0,109,2,114.3,0,26.0
17105,1,6,1,0,35.0,40,1,54.06,0,27.0
17106,1,1,0,1,29.0,37,3,24.59,1,95.0
17107,1,0,1,3,20.0,55,3,34.32,1,95.0
17108,1,2,5,2,43.0,171,4,90.06,1,97.0
17109,2,1,3,3,,23,3,85.82,1,85.0
17110,0,0,1,3,18.0,92,2,24.75,1,93.0
17111,0,0,1,0,39.0,168,2,49.51,1,99.0
17112,3,1,4,3,31.0,27,1,146.88,0,17.0
17113,0,7,1,3,,61,4,69.49,1,89.0
17114,1,3,4,1,20.0,142,2,213.52,1,96.0
17115,0,1,4,2,26.0,9,1,148.69,1,74.0
17116,3,0,4,0,36.0,127,4,182.39,0,31.0
17117,2,3,4,2,41.0,28,2,147.03,0,21.0
17118,1,3,1,2,41.0,158,5,3.88,1,98.0
17119,0,3,4,2,40.0,62,3,136.95,0,35.0
17120,0,2,4,0,33.0,86,2,130.51,1,95.0
17121,3,3,4,3,51.0,145,4,99.48,1,95.0
17122,1,1,1,2,40.0,6,3,119.86,1,83.0
17123,0,1,4,0,36.0,154,2,157.9,1,94.0
17124,2,6,5,3,39.0,136,1,97.37,1,95.0
17125,0,2,5,2,30.0,19,1,,1,78.0
17126,0,1,1,1,33.0,116,1,17.33,1,99.0
17127,1,2,0,0,13.0,91,2,0.0,0,32.0
17128,1,3,4,2,30.0,49,1,192.16,0,17.0
17129,1,0,5,0,51.0,66,0,65.31,1,86.0
17130,3,0,1,1,35.0,108,0,106.6,1,88.0
17131,1,0,4,0,35.0,144,0,141.42,1,91.0
17132,0,1,1,3,43.0,98,3,46.85,0,95.0
17133,0,2,1,2,37.0,148,2,0.0,1,100.0
17134,1,0,1,0,26.0,159,1,31.14,1,97.0
17135,0,3,1,0,34.0,47,2,0.0,0,31.0
17136,0,3,1,2,22.0,165,3,0.0,1,94.0
17137,2,3,1,1,35.0,27,0,83.09,1,86.0
17138,0,2,1,1,25.0,69,2,89.45,1,96.0
17139,0,0,5,2,,57,0,90.47,1,88.0
17140,1,3,4,2,28.0,9,0,162.8,0,18.0
17141,3,2,5,3,25.0,1,2,121.67,1,87.0
17142,1,3,1,4,32.0,152,0,41.38,0,27.0
17143,0,0,1,0,37.0,165,1,0.5,1,99.0
17144,1,0,4,1,21.0,0,1,191.53,0,20.0
17145,3,0,4,4,28.0,79,0,184.99,1,55.00000000000001
17146,0,0,1,0,35.0,89,1,87.06,1,91.0
17147,0,0,1,4,47.0,72,2,76.36,0,73.0
17148,1,3,5,2,8.0,12,3,12.87,1,83.0
17149,0,0,5,0,40.0,70,3,,1,97.0
17150,0,3,1,2,30.0,0,1,140.68,0,15.0
17151,0,4,5,1,29.0,158,0,70.57,0,31.0
17152,1,3,5,1,27.0,55,0,84.37,1,86.0
17153,3,0,2,2,30.0,146,3,157.56,1,99.0
17154,2,7,1,1,40.0,3,1,17.36,1,90.0
17155,1,0,4,2,,27,3,241.4,0,26.0
17156,2,2,1,2,50.0,43,2,,0,35.0
17157,0,3,5,4,40.0,29,2,46.43,1,83.0
17158,0,2,5,1,35.0,35,2,,1,84.0
17159,1,3,1,1,,105,3,70.92,1,99.0
17160,0,3,5,1,45.0,121,5,54.45,1,99.0
17161,0,3,1,2,47.0,3,4,58.09,1,90.0
17162,0,1,1,3,22.0,10,4,7.34,1,85.0
17163,0,0,1,1,26.0,52,0,24.42,0,19.0
17164,0,2,3,3,40.0,123,1,140.48,1,91.0
17165,0,2,1,1,43.0,87,3,63.46,1,95.0
17166,1,3,4,0,30.0,53,1,185.56,1,75.0
17167,2,6,1,0,,83,2,0.0,1,100.0
17168,0,2,1,0,34.0,44,1,74.95,0,20.0
17169,1,2,1,3,48.0,144,2,0.0,1,99.0
17170,1,2,5,4,34.0,63,4,79.54,1,95.0
17171,0,1,1,2,21.0,12,0,40.16,0,46.0
17172,2,3,1,3,35.0,178,3,86.35,1,99.0
17173,1,2,1,1,41.0,51,0,45.8,0,21.0
17174,0,1,1,0,32.0,142,0,44.38,1,95.0
17175,1,1,5,3,46.0,131,1,58.42,1,82.0
17176,0,3,5,1,42.0,81,3,133.53,1,89.0
17177,3,0,1,2,33.0,106,6,36.88,1,96.0
17178,0,0,1,3,34.0,8,2,0.0,0,27.0
17179,1,0,4,2,15.0,111,0,260.93,0,25.0
17180,0,2,1,3,46.0,119,1,0.0,1,97.0
17181,1,3,4,0,,66,1,105.11,1,92.0
17182,0,0,1,0,30.0,81,2,14.44,1,98.0
17183,0,2,0,0,28.0,100,2,81.17,1,94.0
17184,0,3,3,2,38.0,119,2,180.6,0,28.000000000000004
17185,1,6,4,0,22.0,156,1,,1,93.0
17186,3,0,0,2,24.0,174,1,59.45,1,85.0
17187,0,0,1,2,33.0,115,1,14.06,1,97.0
17188,1,5,1,2,27.0,113,3,88.96,0,40.0
17189,0,1,4,0,37.0,132,3,138.13,1,99.0
17190,0,3,5,1,28.0,110,1,122.05,1,94.0
17191,0,2,1,4,49.0,58,1,125.05,0,16.0
17192,0,2,1,1,40.0,34,2,75.16,0,22.0
17193,0,0,0,2,40.0,4,4,44.93,1,89.0
17194,1,0,1,0,27.0,49,2,8.28,1,93.0
17195,2,7,1,0,58.0,59,2,19.02,1,98.0
17196,0,1,5,0,29.0,14,1,17.22,1,75.0
17197,1,0,1,4,26.0,107,1,46.97,1,81.0
17198,0,2,1,0,41.0,114,1,43.57,1,88.0
17199,3,0,5,1,35.0,102,6,38.38,1,97.0
17200,3,1,0,2,25.0,151,2,44.45,1,93.0
17201,1,2,1,1,55.0,20,2,24.44,1,92.0
17202,1,1,1,3,,1,1,0.0,1,83.0
17203,0,3,1,1,34.0,172,3,7.96,1,94.0
17204,1,3,4,2,58.0,81,4,115.96,1,79.0
17205,3,1,5,2,42.0,9,1,76.85,1,45.0
17206,1,2,1,0,33.0,172,4,36.08,1,98.0
17207,1,1,1,3,,164,2,0.0,1,100.0
17208,0,0,1,3,40.0,150,2,0.0,1,95.0
17209,1,4,5,1,40.0,172,1,114.82,1,97.0
17210,0,1,5,0,30.0,168,0,46.0,1,98.0
17211,0,0,1,0,34.0,64,2,56.52,1,92.0
17212,1,1,1,0,29.0,60,2,28.15,1,90.0
17213,1,0,1,4,48.0,117,1,53.08,1,83.0
17214,0,1,5,3,17.0,133,0,76.31,1,96.0
17215,1,0,4,1,47.0,17,2,213.73,0,26.0
17216,0,2,4,1,25.0,90,1,254.68,0,28.000000000000004
17217,0,2,1,1,33.0,111,3,49.69,1,96.0
17218,0,0,5,0,31.0,167,5,8.27,1,97.0
17219,3,5,5,3,28.0,165,3,123.84,1,98.0
17220,3,0,2,3,,172,0,135.66,1,76.0
17221,3,3,0,2,33.0,16,0,0.0,1,67.0
17222,1,7,3,2,27.0,140,4,75.0,1,94.0
17223,1,1,1,2,35.0,9,1,81.27,1,80.0
17224,1,0,5,1,27.0,30,1,,0,38.0
17225,2,0,1,1,,49,0,15.62,1,66.0
17226,3,2,5,3,19.0,122,1,158.43,1,93.0
17227,2,1,4,2,29.0,83,0,127.74,1,75.0
17228,1,3,1,1,38.0,150,4,108.86,1,97.0
17229,3,3,5,2,34.0,44,1,64.35,1,80.0
17230,0,1,1,4,52.0,165,3,14.8,1,98.0
17231,1,7,1,3,60.0,138,2,0.0,1,99.0
17232,0,1,0,3,29.0,135,1,15.43,1,87.0
17233,1,3,1,1,,77,0,48.02,1,91.0
17234,0,3,4,3,,127,2,152.19,1,90.0
17235,1,1,1,2,37.0,12,4,,0,35.0
17236,0,1,5,3,45.0,161,0,94.47,1,92.0
17237,0,3,4,2,37.0,100,1,160.98,1,68.0
17238,2,3,4,2,32.0,9,2,163.08,1,83.0
17239,0,6,5,1,,93,1,115.21,1,76.0
17240,0,0,1,1,38.0,75,2,30.49,1,91.0
17241,2,5,4,1,31.0,118,0,166.92,0,24.0
17242,3,1,1,2,46.0,35,1,89.98,0,14.000000000000002
17243,1,0,4,3,20.0,3,1,134.27,1,74.0
17244,0,2,5,1,46.0,121,0,120.84,1,92.0
17245,1,3,5,4,15.0,148,-1,90.55,1,95.0
17246,1,3,0,3,35.0,124,3,7.12,1,97.0
17247,0,2,5,3,30.0,93,4,141.46,1,100.0
17248,2,2,4,1,18.0,37,1,133.25,1,85.0
17249,1,0,2,2,13.0,75,0,184.8,0,17.0
17250,2,0,1,2,23.0,38,3,0.0,1,95.0
17251,2,3,4,1,34.0,88,4,111.72,1,91.0
17252,3,2,1,3,27.0,53,0,68.01,1,54.0
17253,1,2,5,2,23.0,61,1,,1,87.0
17254,3,3,5,3,47.0,18,2,30.63,1,85.0
17255,1,3,0,0,21.0,1,2,87.34,1,83.0
17256,0,3,0,3,,149,0,120.6,0,26.0
17257,1,3,3,3,25.0,93,4,135.59,1,92.0
17258,1,3,1,0,,56,0,0.0,0,28.000000000000004
17259,0,0,1,2,27.0,99,0,50.95,1,85.0
17260,0,7,5,2,40.0,2,2,26.77,0,23.0
17261,1,2,4,2,20.0,22,0,150.43,1,40.0
17262,1,1,5,1,36.0,3,1,58.87,1,87.0
17263,0,0,0,0,24.0,155,1,85.84,0,42.0
17264,1,2,0,3,26.0,77,0,26.26,1,90.0
17265,2,1,5,0,38.0,69,2,0.0,1,95.0
17266,1,0,5,0,55.0,168,1,105.53,1,90.0
17267,1,3,5,0,,164,3,70.37,0,33.0
17268,1,0,4,0,41.0,6,1,142.67,1,76.0
17269,0,3,1,0,30.0,0,2,86.11,0,22.0
17270,1,3,1,0,29.0,87,2,33.34,1,72.0
17271,1,3,4,1,,161,2,104.69,1,92.0
17272,3,1,5,0,25.0,179,3,64.49,1,97.0
17273,0,0,5,0,22.0,9,0,62.97,1,85.0
17274,1,3,4,2,38.0,118,2,154.0,0,36.0
17275,0,2,4,0,,133,3,128.26,1,93.0
17276,2,0,5,0,41.0,109,1,87.3,0,34.0
17277,1,2,1,2,19.0,124,0,47.51,0,31.0
17278,1,1,4,2,27.0,175,4,183.28,1,91.0
17279,0,1,5,2,43.0,44,2,,1,77.0
17280,0,0,1,3,49.0,139,1,34.88,1,100.0
17281,0,1,5,4,36.0,102,3,102.14,1,95.0
17282,1,1,1,0,28.0,110,2,86.12,1,92.0
17283,1,0,4,0,,69,0,91.08,0,27.0
17284,0,2,1,2,33.0,116,1,9.12,0,99.0
17285,1,3,4,1,27.0,148,2,169.6,1,86.0
17286,0,4,2,0,,109,1,152.37,1,87.0
17287,0,0,4,2,22.0,118,4,128.62,0,33.0
17288,1,3,5,2,62.0,74,2,2.08,1,96.0
17289,3,6,4,2,48.0,35,2,197.31,1,42.0
17290,2,7,1,3,27.0,86,0,,1,91.0
17291,0,3,1,2,51.0,100,3,0.0,1,94.0
17292,1,2,2,4,39.0,22,3,234.09,1,91.0
17293,1,2,1,3,38.0,154,4,36.45,1,99.0
17294,0,3,1,2,26.0,147,1,4.84,1,100.0
17295,1,3,1,1,28.0,14,5,0.0,1,90.0
17296,3,0,1,1,33.0,41,1,0.49,0,34.0
17297,1,2,5,0,14.0,131,3,74.15,1,88.0
17298,0,1,5,2,,28,2,85.89,1,93.0
17299,1,2,1,2,34.0,48,1,,1,85.0
17300,0,3,4,0,47.0,70,1,172.5,1,90.0
17301,1,3,1,1,27.0,74,3,55.81,1,98.0
17302,0,7,5,2,42.0,53,4,67.46,1,90.0
17303,1,3,1,4,13.0,160,3,47.78,1,98.0
17304,2,1,5,0,45.0,95,3,52.9,1,100.0
17305,1,2,1,1,24.0,103,5,37.46,1,91.0
17306,3,1,1,4,35.0,36,0,15.1,0,28.999999999999996
17307,2,1,2,2,38.0,134,1,178.67,0,28.000000000000004
17308,1,3,1,2,36.0,23,2,2.33,1,76.0
17309,0,5,4,3,32.0,54,1,116.75,1,52.0
17310,1,3,5,1,21.0,138,3,77.87,0,44.0
17311,3,7,0,3,25.0,107,0,14.27,1,80.0
17312,0,3,5,3,43.0,171,1,87.36,1,97.0
17313,1,1,0,0,28.0,89,4,0.0,0,33.0
17314,1,3,5,0,32.0,5,0,45.28,1,72.0
17315,1,1,4,2,19.0,30,1,119.03,0,18.0
17316,3,2,1,1,,170,3,0.0,1,97.0
17317,1,3,5,1,20.0,106,1,141.76,0,68.0
17318,0,0,1,3,43.0,11,1,17.88,0,28.000000000000004
17319,0,0,5,3,,179,1,102.9,1,92.0
17320,3,0,0,4,44.0,69,1,107.61,0,21.0
17321,1,0,1,0,34.0,29,2,0.0,0,28.999999999999996
17322,0,0,4,1,28.0,118,1,146.02,1,91.0
17323,0,1,1,1,50.0,125,2,90.02,1,95.0
17324,0,2,5,1,33.0,54,1,74.9,1,91.0
17325,1,1,5,1,30.0,38,3,133.9,0,28.999999999999996
17326,1,7,5,0,,81,1,0.0,1,70.0
17327,1,6,3,2,19.0,5,0,77.4,1,76.0
17328,0,2,5,2,8.0,7,1,0.43,0,19.0
17329,1,2,1,0,45.0,54,2,36.33,1,94.0
17330,0,2,4,2,25.0,104,2,163.89,1,84.0
17331,1,0,4,2,42.0,15,0,112.6,1,75.0
17332,2,3,1,3,,119,2,29.44,1,96.0
17333,3,2,0,0,22.0,129,2,59.16,1,95.0
17334,0,2,5,2,40.0,63,3,115.9,0,74.0
17335,1,0,4,3,29.0,10,6,193.26,1,80.0
17336,1,1,4,0,23.0,87,2,230.25,0,26.0
17337,1,1,4,0,23.0,3,1,205.38,0,10.0
17338,1,1,0,1,16.0,130,2,0.0,1,98.0
17339,0,3,4,4,,14,0,159.12,0,17.0
17340,0,1,4,3,24.0,103,1,173.92,1,80.0
17341,3,2,1,3,33.0,67,2,11.15,0,28.999999999999996
17342,1,4,1,0,32.0,170,3,6.89,1,97.0
17343,0,0,1,1,24.0,80,1,59.93,1,90.0
17344,0,1,5,0,18.0,8,0,31.59,0,21.0
17345,0,0,1,2,59.0,24,4,2.49,0,26.0
17346,1,2,1,2,33.0,64,1,78.74,1,85.0
17347,0,1,1,2,52.0,103,1,13.48,1,96.0
17348,0,2,1,1,45.0,65,3,39.29,1,76.0
17349,0,3,1,4,30.0,172,3,55.26,1,99.0
17350,3,2,3,3,35.0,32,1,,1,85.0
17351,1,2,1,2,35.0,21,0,8.83,1,90.0
17352,1,6,4,2,52.0,41,3,167.01,0,30.0
17353,0,2,4,0,42.0,154,2,117.71,1,98.0
17354,0,3,2,3,25.0,10,7,162.16,1,90.0
17355,1,1,5,1,37.0,41,4,35.36,1,68.0
17356,0,2,1,2,42.0,77,0,,1,96.0
17357,3,1,1,2,22.0,103,2,39.67,1,94.0
17358,3,0,1,2,38.0,21,1,0.0,0,22.0
17359,1,6,4,3,47.0,136,3,197.86,0,37.0
17360,2,2,1,2,25.0,56,4,0.0,1,98.0
17361,0,0,5,3,,82,2,53.04,1,80.0
17362,0,1,5,2,45.0,30,4,36.87,0,25.0
17363,0,3,4,2,30.0,17,0,181.47,0,28.000000000000004
17364,2,2,5,3,24.0,139,1,131.97,1,98.0
17365,0,4,5,3,42.0,167,2,73.98,1,97.0
17366,1,0,1,1,39.0,121,2,0.0,1,98.0
17367,0,2,5,0,34.0,100,2,38.16,0,27.0
17368,0,5,1,2,45.0,172,0,16.56,1,79.0
17369,1,5,4,2,45.0,176,1,136.05,1,93.0
17370,3,2,5,0,33.0,128,0,23.2,1,98.0
17371,0,0,0,0,53.0,97,3,40.02,0,32.0
17372,0,2,4,0,49.0,134,0,144.45,1,91.0
17373,1,3,1,2,14.0,129,2,58.53,1,96.0
17374,0,3,4,4,23.0,120,1,167.35,0,32.0
17375,1,1,4,2,11.0,85,5,163.04,1,95.0
17376,1,3,2,3,30.0,3,0,150.54,0,15.0
17377,0,0,1,1,21.0,172,5,32.19,1,99.0
17378,0,3,1,1,25.0,173,3,89.86,1,96.0
17379,0,2,4,0,44.0,8,1,81.68,0,17.0
17380,1,0,4,0,16.0,15,4,170.18,1,80.0
17381,0,1,1,2,35.0,50,2,21.27,1,90.0
17382,1,1,1,1,35.0,51,2,0.0,1,91.0
17383,3,3,1,1,33.0,136,2,53.29,1,92.0
17384,0,1,4,3,35.0,82,5,140.28,1,91.0
17385,0,2,1,2,11.0,133,0,0.0,1,98.0
17386,1,0,1,4,25.0,43,5,0.0,0,36.0
17387,1,2,5,1,49.0,116,2,104.74,0,27.0
17388,3,6,1,1,22.0,133,5,38.07,1,99.0
17389,1,2,4,3,50.0,4,4,99.42,1,90.0
17390,0,6,1,3,19.0,173,2,0.0,1,96.0
17391,0,0,1,2,18.0,26,2,13.85,0,33.0
17392,1,0,5,3,24.0,113,3,0.0,1,94.0
17393,2,6,1,1,45.0,44,1,89.52,1,84.0
17394,0,2,1,2,28.0,168,4,22.46,1,99.0
17395,1,5,1,1,37.0,89,1,60.9,1,92.0
17396,1,1,1,2,34.0,27,1,62.64,1,87.0
17397,1,0,4,2,33.0,31,0,120.2,0,23.0
17398,2,1,1,1,,52,1,37.77,1,90.0
17399,0,0,4,2,41.0,70,2,166.21,1,78.0
17400,1,0,5,2,22.0,29,2,79.05,0,55.00000000000001
17401,1,3,0,3,31.0,52,2,0.0,1,89.0
17402,0,0,1,1,,158,1,60.7,1,99.0
17403,0,1,3,1,37.0,139,2,-10.0,1,89.0
17404,0,3,1,3,18.0,8,2,0.0,1,95.0
17405,1,1,1,2,19.0,66,1,67.4,1,96.0
17406,1,0,1,0,42.0,164,0,7.37,1,91.0
17407,0,0,5,0,41.0,113,1,74.17,0,89.0
17408,3,2,3,1,24.0,155,2,102.33,1,99.0
17409,1,0,0,3,41.0,153,2,39.29,1,99.0
17410,0,3,5,2,49.0,82,3,30.96,0,41.0
17411,0,4,5,3,48.0,148,2,26.11,1,88.0
17412,0,2,1,2,50.0,100,4,44.56,1,96.0
17413,1,0,4,1,39.0,9,1,165.18,0,25.0
17414,2,0,5,1,32.0,79,4,76.64,0,82.0
17415,0,0,4,0,29.0,23,3,103.64,0,21.0
17416,0,2,1,3,33.0,24,3,30.28,1,99.0
17417,1,1,4,1,25.0,179,3,169.69,1,94.0
17418,1,0,5,3,30.0,89,1,0.0,1,93.0
17419,1,3,5,1,46.0,128,3,66.85,1,99.0
17420,0,2,5,2,,52,0,88.34,1,91.0
17421,1,3,1,2,18.0,106,2,,1,98.0
17422,0,0,4,0,42.0,23,2,237.18,1,76.0
17423,1,2,5,1,30.0,26,2,124.52,1,82.0
17424,0,0,1,4,14.0,106,4,45.79,1,96.0
17425,0,3,0,0,33.0,154,4,67.09,1,96.0
17426,1,2,1,1,31.0,87,1,36.15,1,94.0
17427,1,1,3,1,,123,2,106.59,0,31.0
17428,1,1,5,2,40.0,38,1,133.79,0,51.0
17429,0,5,1,0,20.0,76,1,,1,90.0
17430,0,0,1,2,,83,3,106.57,1,95.0
17431,1,2,5,3,31.0,101,0,76.11,1,99.0
17432,0,3,3,3,,163,0,123.99,1,91.0
17433,1,3,1,0,16.0,75,0,49.54,1,94.0
17434,1,0,1,0,28.0,4,2,46.02,1,56.99999999999999
17435,1,0,1,1,34.0,80,1,78.41,0,28.000000000000004
17436,2,7,4,1,39.0,137,1,167.3,1,95.0
17437,1,2,5,0,52.0,15,1,128.06,0,46.0
17438,1,0,4,0,42.0,141,2,171.86,1,97.0
17439,1,2,1,3,38.0,28,2,0.0,1,95.0
17440,1,3,4,2,46.0,155,0,115.34,1,94.0
17441,0,2,5,3,,117,3,104.06,1,93.0
17442,1,1,1,3,49.0,116,2,0.0,1,97.0
17443,1,3,1,2,45.0,144,2,51.26,1,99.0
17444,0,1,5,4,29.0,35,1,48.59,0,21.0
17445,1,3,4,0,53.0,103,1,207.81,1,82.0
17446,0,1,1,3,38.0,173,2,90.76,1,97.0
17447,0,2,0,3,55.0,44,-1,57.22,0,25.0
17448,1,3,5,2,37.0,102,0,,0,70.0
17449,0,3,4,4,28.0,8,0,155.73,0,24.0
17450,1,1,5,1,26.0,163,2,100.17,1,93.0
17451,0,2,1,0,30.0,4,0,106.69,0,38.0
17452,0,3,0,1,28.0,78,2,40.36,1,86.0
17453,1,0,1,4,46.0,72,1,65.72,1,88.0
17454,0,1,4,0,33.0,88,1,128.47,1,89.0
17455,2,3,3,0,17.0,177,1,85.2,1,97.0
17456,3,2,5,4,36.0,27,1,147.89,1,74.0
17457,0,2,1,3,35.0,26,3,102.44,1,86.0
17458,0,2,4,1,29.0,109,1,116.65,1,87.0
17459,1,2,5,2,,174,2,85.64,1,96.0
17460,1,5,4,1,33.0,160,1,204.95,0,35.0
17461,0,3,5,2,40.0,114,1,133.6,1,92.0
17462,1,1,4,1,39.0,121,1,153.6,1,93.0
17463,3,1,4,1,37.0,96,3,160.36,1,94.0
17464,1,2,1,3,21.0,165,0,8.71,1,98.0
17465,1,0,4,1,55.0,135,0,99.95,1,63.0
17466,1,2,1,2,18.0,131,2,21.27,1,97.0
17467,2,0,5,1,32.0,111,0,103.94,1,87.0
17468,0,1,4,3,23.0,163,0,99.94,1,96.0
17469,0,2,1,1,37.0,106,2,140.54,1,88.0
17470,1,2,5,2,35.0,158,1,85.2,1,97.0
17471,2,1,5,1,32.0,176,1,154.03,1,90.0
17472,1,2,5,3,,168,0,110.4,1,96.0
17473,2,3,4,3,,135,3,210.38,1,97.0
17474,0,0,5,3,,157,3,38.45,1,99.0
17475,1,0,4,3,42.0,141,0,190.97,0,25.0
17476,0,0,1,0,49.0,44,1,4.89,0,75.0
17477,0,2,1,3,45.0,109,4,33.76,1,99.0
17478,1,3,1,1,32.0,45,1,57.17,0,36.0
17479,2,2,5,1,18.0,92,0,,0,65.0
17480,0,0,0,1,,15,1,14.8,1,90.0
17481,1,2,5,1,40.0,137,0,90.25,1,94.0
17482,1,0,1,0,26.0,67,1,63.99,0,79.0
17483,0,1,3,0,34.0,179,0,76.79,1,95.0
17484,0,4,0,0,33.0,49,2,44.79,1,77.0
17485,0,5,5,1,47.0,67,-1,81.95,1,91.0
17486,0,1,5,2,52.0,1,2,38.65,1,83.0
17487,0,1,4,2,45.0,74,2,223.52,0,18.0
17488,3,0,5,1,33.0,74,1,116.56,0,56.00000000000001
17489,0,3,5,3,45.0,177,3,69.35,1,94.0
17490,2,0,2,4,,128,4,124.36,1,97.0
17491,1,2,5,1,,96,1,63.21,1,94.0
17492,1,2,1,3,54.0,108,1,52.43,1,93.0
17493,1,3,4,3,26.0,164,1,166.04,1,94.0
17494,0,3,5,2,40.0,150,0,123.28,1,95.0
17495,2,3,1,1,42.0,176,3,0.0,1,100.0
17496,1,1,5,0,31.0,116,2,96.71,0,24.0
17497,1,7,4,2,39.0,16,4,153.04,1,87.0
17498,2,3,4,4,43.0,70,2,137.77,0,26.0
17499,1,3,4,1,36.0,142,2,222.38,1,94.0
17500,0,0,1,4,38.0,50,1,15.24,0,23.0
17501,0,2,0,3,35.0,154,2,29.26,1,99.0
17502,2,2,1,3,41.0,8,2,0.0,1,95.0
17503,1,3,1,2,31.0,63,0,84.86,1,78.0
17504,1,2,4,1,30.0,84,1,124.01,0,33.0
17505,0,0,1,0,34.0,92,2,0.0,1,95.0
17506,3,2,5,1,,41,0,121.07,0,19.0
17507,0,1,5,0,16.0,116,4,129.15,1,91.0
17508,1,0,5,0,24.0,69,1,111.8,1,48.0
17509,0,2,1,1,56.0,88,1,0.0,1,92.0
17510,3,2,1,1,,34,3,46.07,1,94.0
17511,2,0,1,1,,16,1,0.0,0,27.0
17512,3,2,1,0,41.0,43,1,0.0,1,92.0
17513,1,6,4,3,,170,2,145.67,1,100.0
17514,1,3,4,0,12.0,103,0,202.34,1,88.0
17515,0,1,1,0,37.0,88,1,41.81,1,65.0
17516,2,0,4,0,26.0,106,1,213.45,0,18.0
17517,1,7,1,2,35.0,117,0,5.96,1,95.0
17518,1,2,5,3,37.0,43,1,-10.0,1,88.0
17519,0,0,1,0,,165,1,28.02,1,95.0
17520,1,4,5,0,16.0,168,2,69.28,1,97.0
17521,1,5,1,2,34.0,152,1,37.01,1,86.0
17522,0,1,1,0,,48,0,53.2,1,82.0
17523,0,0,1,3,19.0,59,2,71.44,1,89.0
17524,0,1,1,0,18.0,1,1,38.74,1,80.0
17525,1,1,5,3,23.0,64,1,94.93,0,28.000000000000004
17526,0,2,1,3,41.0,113,2,17.35,1,100.0
17527,0,1,5,1,14.0,2,2,96.3,0,22.0
17528,0,1,5,2,42.0,92,0,160.79,0,22.0
17529,0,3,5,2,,141,1,68.73,0,27.0
17530,1,2,5,2,31.0,172,0,80.98,1,96.0
17531,1,2,1,1,19.0,161,3,76.11,1,99.0
17532,1,0,5,1,26.0,163,3,163.52,0,30.0
17533,1,1,4,3,,14,0,120.23,0,41.0
17534,0,3,5,2,46.0,36,0,47.02,0,18.0
17535,2,3,5,1,23.0,137,0,48.53,1,94.0
17536,0,6,5,1,45.0,8,4,7.05,1,64.0
17537,0,1,1,1,40.0,49,0,33.56,0,13.0
17538,1,3,5,3,33.0,162,3,,1,99.0
17539,0,0,2,0,26.0,45,4,198.2,1,90.0
17540,1,1,1,1,28.0,105,3,28.0,1,86.0
17541,1,1,4,1,52.0,80,0,208.13,0,14.000000000000002
17542,1,1,1,1,35.0,46,2,108.63,1,88.0
17543,0,3,1,4,47.0,17,1,32.22,0,20.0
17544,3,2,4,4,36.0,112,0,159.22,1,91.0
17545,1,2,4,1,29.0,152,0,132.67,1,99.0
17546,1,0,4,3,39.0,162,1,,1,67.0
17547,0,3,4,4,55.0,50,1,,0,25.0
17548,1,1,1,2,27.0,108,1,71.84,1,77.0
17549,2,0,5,0,43.0,88,1,44.53,1,89.0
17550,0,0,1,1,35.0,15,4,62.74,1,91.0
17551,3,2,1,2,19.0,87,1,0.0,1,91.0
17552,0,1,1,0,19.0,11,1,0.0,1,72.0
17553,0,1,5,1,29.0,98,0,86.98,1,89.0
17554,0,3,5,2,37.0,58,3,132.87,1,84.0
17555,0,3,4,1,42.0,72,1,135.12,1,91.0
17556,0,3,5,4,18.0,111,2,61.64,1,92.0
17557,1,0,1,0,40.0,164,4,59.69,1,98.0
17558,0,1,3,0,32.0,31,1,88.38,1,59.0
17559,0,2,1,4,34.0,21,0,24.77,1,83.0
17560,2,0,1,3,39.0,172,2,1.2,1,99.0
17561,0,0,4,1,51.0,97,4,,1,91.0
17562,0,2,5,0,37.0,82,2,74.64,1,91.0
17563,1,2,4,3,20.0,11,0,,1,77.0
17564,0,3,5,4,32.0,4,2,98.55,1,85.0
17565,0,2,5,0,42.0,25,1,34.85,0,22.0
17566,2,2,5,0,42.0,115,1,77.38,1,92.0
17567,3,2,1,1,40.0,90,1,41.82,1,90.0
17568,1,2,1,3,,19,4,51.39,1,95.0
17569,2,3,1,1,20.0,135,3,44.26,1,96.0
17570,1,0,1,2,39.0,79,1,0.0,0,28.999999999999996
17571,1,1,1,4,21.0,57,1,0.0,0,26.0
17572,0,1,4,3,40.0,172,1,151.57,1,91.0
17573,1,0,5,1,40.0,4,2,30.8,1,91.0
17574,0,1,5,3,29.0,158,2,167.55,0,36.0
17575,1,5,1,2,32.0,22,0,0.0,0,21.0
17576,1,0,1,0,35.0,148,2,50.93,0,34.0
17577,0,1,1,3,27.0,139,1,8.58,1,95.0
17578,0,1,5,2,,3,1,150.75,0,18.0
17579,3,0,0,2,33.0,36,1,46.75,1,81.0
17580,0,5,5,0,34.0,74,3,133.52,0,39.0
17581,0,2,5,1,47.0,103,1,55.04,1,91.0
17582,1,4,3,0,26.0,116,0,36.72,1,90.0
17583,1,3,1,0,44.0,136,3,0.0,1,100.0
17584,1,1,5,3,22.0,25,2,30.29,0,24.0
17585,0,3,5,4,20.0,26,1,81.17,0,66.0
17586,0,1,5,1,30.0,177,3,33.46,1,95.0
17587,0,2,1,2,24.0,88,2,24.31,1,94.0
17588,0,0,1,3,20.0,81,3,13.13,1,97.0
17589,0,3,0,1,53.0,129,2,89.8,1,96.0
17590,1,0,4,0,29.0,126,1,143.44,1,82.0
17591,1,3,1,2,57.0,102,1,,1,91.0
17592,2,1,4,0,24.0,153,0,179.92,0,18.0
17593,0,2,1,2,16.0,92,1,39.54,1,91.0
17594,2,3,1,3,46.0,45,4,5.36,1,90.0
17595,1,3,5,0,,69,3,88.85,1,84.0
17596,3,2,1,0,35.0,150,0,76.95,0,41.0
17597,1,2,4,2,20.0,144,4,190.23,0,38.0
17598,1,2,2,1,33.0,87,1,203.16,0,21.0
17599,3,2,5,2,20.0,103,0,56.07,1,80.0
17600,1,2,5,3,33.0,63,2,136.48,1,93.0
17601,0,0,5,1,29.0,156,3,73.86,1,98.0
17602,1,1,4,0,36.0,51,2,203.68,1,84.0
17603,0,1,0,0,40.0,125,3,81.54,1,96.0
17604,3,3,5,0,36.0,93,1,22.08,1,90.0
17605,1,2,5,3,,127,4,90.49,1,97.0
17606,0,0,4,0,,23,0,115.01,0,21.0
17607,1,0,4,0,29.0,162,4,149.39,1,97.0
17608,0,3,4,1,38.0,124,2,207.79,1,88.0
17609,1,2,5,3,32.0,174,1,34.64,1,95.0
17610,1,1,1,0,33.0,100,0,32.7,1,87.0
17611,1,2,5,1,37.0,50,2,102.1,1,72.0
17612,1,0,5,0,23.0,1,1,150.39,1,33.0
17613,3,2,5,1,48.0,148,3,25.0,1,98.0
17614,1,1,1,0,31.0,167,2,41.35,1,91.0
17615,1,5,5,3,35.0,104,0,75.49,1,95.0
17616,0,3,1,2,33.0,68,3,55.5,1,95.0
17617,1,0,4,3,40.0,34,1,155.89,1,79.0
17618,0,2,1,1,,171,0,41.99,0,33.0
17619,3,2,5,0,,162,2,90.33,1,95.0
17620,0,3,1,3,48.0,82,1,,1,93.0
17621,2,3,1,0,1.0,152,3,71.17,1,89.0
17622,0,3,4,3,46.0,79,0,138.05,0,23.0
17623,1,0,0,1,43.0,30,2,0.0,1,92.0
17624,0,2,1,2,15.0,179,3,45.91,1,98.0
17625,0,3,1,3,43.0,162,3,14.12,1,98.0
17626,0,0,5,0,44.0,150,4,63.48,1,97.0
17627,2,2,5,0,39.0,48,2,106.93,1,95.0
17628,0,1,1,4,18.0,143,2,151.79,1,74.0
17629,3,3,5,1,,57,4,55.94,1,95.0
17630,0,0,1,1,44.0,49,3,10.5,1,92.0
17631,0,2,4,2,28.0,77,0,120.2,0,21.0
17632,0,2,2,0,38.0,63,2,142.57,1,82.0
17633,1,7,4,2,,51,1,46.98,1,85.0
17634,3,3,4,0,42.0,39,0,170.51,1,33.0
17635,0,2,1,3,30.0,104,3,0.0,1,97.0
17636,1,0,1,3,28.0,53,2,15.81,1,81.0
17637,1,1,5,3,33.0,113,1,92.13,1,97.0
17638,0,2,1,0,,96,1,0.0,0,31.0
17639,1,0,0,3,32.0,144,1,81.07,1,95.0
17640,1,3,1,0,37.0,131,-1,22.92,1,95.0
17641,0,2,1,2,42.0,55,3,0.0,0,35.0
17642,1,3,5,1,36.0,29,2,83.55,1,93.0
17643,0,1,1,3,19.0,107,0,109.53,1,85.0
17644,1,3,1,4,47.0,161,1,7.86,1,93.0
17645,1,1,5,0,48.0,171,1,24.82,1,99.0
17646,0,3,1,2,35.0,125,1,33.52,1,99.0
17647,0,3,4,2,26.0,103,2,168.9,1,93.0
17648,1,1,1,1,28.0,126,2,52.83,1,97.0
17649,1,3,5,2,31.0,86,2,0.0,1,93.0
17650,0,0,1,1,36.0,32,1,123.98,0,17.0
17651,1,3,1,1,,77,3,1.14,1,98.0
17652,1,6,0,2,,35,1,121.7,1,86.0
17653,1,3,5,1,44.0,17,3,48.72,1,85.0
17654,2,0,4,3,36.0,118,2,97.62,1,93.0
17655,0,2,5,1,,50,3,108.96,1,85.0
17656,0,0,1,0,,171,0,1.79,1,95.0
17657,0,2,1,0,35.0,9,2,54.79,1,59.0
17658,0,3,1,0,,38,6,62.37,1,97.0
17659,0,0,1,2,45.0,48,2,,1,68.0
17660,0,3,1,0,35.0,57,2,22.39,1,94.0
17661,1,2,4,2,31.0,75,2,183.3,0,33.0
17662,0,4,5,0,33.0,101,2,136.66,0,53.0
17663,0,1,5,1,38.0,150,3,51.23,1,99.0
17664,0,0,3,4,33.0,134,1,61.8,1,77.0
17665,1,3,4,0,33.0,44,2,170.98,1,76.0
17666,1,1,1,1,44.0,109,1,,1,92.0
17667,0,1,5,2,19.0,88,3,67.27,1,96.0
17668,0,2,4,1,21.0,54,2,114.47,0,18.0
17669,2,5,0,1,41.0,123,1,7.26,1,95.0
17670,1,1,0,1,58.0,165,1,64.59,1,99.0
17671,0,2,4,2,42.0,146,3,196.4,1,100.0
17672,0,0,3,2,52.0,108,2,45.76,1,94.0
17673,2,3,1,3,29.0,149,1,138.16,0,91.0
17674,0,0,5,3,27.0,10,1,120.92,0,20.0
17675,0,5,1,4,38.0,130,3,14.29,1,100.0
17676,0,3,1,3,43.0,146,0,2.79,1,97.0
17677,0,0,1,2,,90,1,42.13,1,90.0
17678,3,7,1,3,31.0,134,3,26.63,1,94.0
17679,1,1,5,0,33.0,118,2,60.43,0,86.0
17680,1,0,5,3,27.0,33,2,49.22,0,12.0
17681,3,3,4,0,28.0,10,3,141.76,1,57.99999999999999
17682,0,3,1,0,42.0,4,3,,1,74.0
17683,0,0,4,1,38.0,70,1,200.94,0,13.0
17684,0,0,1,1,,163,3,102.19,1,97.0
17685,1,1,1,1,37.0,4,2,67.49,0,19.0
17686,0,2,4,3,25.0,132,2,181.6,1,90.0
17687,0,3,1,2,38.0,26,1,58.57,1,77.0
17688,1,0,1,0,24.0,92,1,14.67,1,93.0
17689,1,0,1,2,30.0,154,0,,1,98.0
17690,2,0,0,2,23.0,159,2,31.69,1,98.0
17691,1,3,5,3,27.0,88,1,76.19,1,99.0
17692,2,1,4,2,34.0,113,1,128.82,0,79.0
17693,1,2,5,2,29.0,97,1,77.94,1,100.0
17694,0,3,4,1,25.0,14,1,155.55,0,9.0
17695,3,1,5,1,45.0,104,1,69.81,1,92.0
17696,0,3,4,0,32.0,97,1,195.28,1,66.0
17697,0,3,1,0,28.0,19,4,17.13,1,94.0
17698,0,0,4,1,23.0,161,6,120.2,1,99.0
17699,1,1,1,3,15.0,126,2,0.0,1,95.0
17700,1,0,4,3,,33,3,147.96,1,71.0
17701,3,0,1,4,20.0,114,1,0.0,0,27.0
17702,0,1,5,1,41.0,173,2,88.07,1,100.0
17703,0,0,5,3,34.0,20,1,111.12,1,78.0
17704,1,0,4,2,49.0,166,1,125.17,1,93.0
17705,1,2,5,0,36.0,39,1,125.27,1,57.99999999999999
17706,1,1,1,0,26.0,171,1,0.0,1,100.0
17707,0,1,3,2,15.0,163,2,90.91,1,96.0
17708,0,0,1,2,42.0,54,3,0.0,1,87.0
17709,0,0,1,0,21.0,49,4,89.44,0,50.0
17710,2,1,1,2,29.0,73,4,40.7,1,93.0
17711,1,1,1,3,50.0,73,1,69.74,1,86.0
17712,1,3,5,0,40.0,37,1,114.65,1,85.0
17713,1,1,4,3,,23,0,236.95,1,30.0
17714,0,7,4,0,43.0,107,1,154.0,0,24.0
17715,1,0,1,3,43.0,58,0,63.31,0,17.0
17716,3,6,1,1,49.0,172,2,15.65,1,99.0
17717,1,2,1,3,,153,2,0.0,1,100.0
17718,3,3,1,4,,82,1,36.92,0,71.0
17719,0,4,1,1,,10,2,82.51,0,31.0
17720,3,0,1,0,33.0,177,1,16.01,0,87.0
17721,0,4,3,3,32.0,127,3,57.13,1,100.0
17722,3,1,5,0,16.0,117,2,62.42,1,93.0
17723,1,0,5,1,27.0,161,2,40.03,1,100.0
17724,0,1,1,4,48.0,15,1,12.76,0,26.0
17725,3,7,5,2,36.0,0,0,42.81,0,22.0
17726,1,2,4,2,41.0,40,0,171.95,0,13.0
17727,1,3,1,0,32.0,155,2,53.84,1,95.0
17728,0,0,1,4,15.0,14,3,94.35,0,27.0
17729,3,0,1,2,32.0,79,0,51.12,1,90.0
17730,0,3,1,0,44.0,173,1,15.74,1,98.0
17731,0,1,1,0,22.0,31,3,0.0,1,93.0
17732,1,1,1,1,41.0,38,0,36.72,0,15.0
17733,1,1,1,2,,72,1,0.0,0,36.0
17734,2,2,1,1,34.0,92,1,75.49,0,28.999999999999996
17735,1,2,5,3,39.0,88,2,65.2,1,95.0
17736,0,0,1,3,30.0,138,3,85.23,1,83.0
17737,3,3,5,4,58.0,33,1,93.09,0,20.0
17738,1,7,0,3,29.0,49,2,3.63,1,80.0
17739,0,0,1,0,28.0,171,0,44.51,1,100.0
17740,1,1,4,1,36.0,13,0,153.77,0,10.0
17741,0,6,5,1,26.0,71,0,,0,22.0
17742,1,3,1,0,19.0,152,3,71.78,1,98.0
17743,0,0,5,3,23.0,177,4,,1,93.0
17744,1,1,5,1,41.0,94,3,67.14,0,43.0
17745,0,1,1,4,30.0,84,3,,1,81.0
17746,0,2,1,0,51.0,159,2,73.49,1,90.0
17747,1,2,4,0,29.0,54,2,123.02,1,87.0
17748,0,4,1,2,41.0,77,4,14.45,0,39.0
17749,1,4,0,4,39.0,152,1,6.02,1,90.0
17750,0,1,1,3,29.0,179,3,143.66,1,91.0
17751,1,1,5,1,25.0,114,0,85.28,0,32.0
17752,0,3,4,4,16.0,123,1,161.85,1,91.0
17753,1,1,4,1,39.0,107,5,140.72,1,96.0
17754,0,0,3,3,45.0,149,0,40.69,1,94.0
17755,1,2,4,1,18.0,46,1,209.65,1,89.0
17756,0,4,5,2,30.0,50,1,89.6,1,85.0
17757,1,3,5,2,27.0,69,4,141.87,1,91.0
17758,2,3,4,2,39.0,118,6,156.39,1,88.0
17759,2,2,1,3,30.0,86,3,15.38,1,97.0
17760,1,4,3,0,47.0,74,2,42.35,1,65.0
17761,0,3,5,0,,21,1,67.55,0,25.0
17762,1,0,4,0,21.0,168,3,160.7,1,93.0
17763,1,3,4,1,29.0,76,2,186.08,1,87.0
17764,0,2,4,2,30.0,174,5,180.35,1,98.0
17765,0,3,4,3,,113,0,,1,89.0
17766,0,4,5,0,,149,2,81.08,0,34.0
17767,1,0,1,0,38.0,131,0,60.57,0,87.0
17768,1,3,1,1,26.0,43,3,51.4,1,99.0
17769,1,1,5,1,31.0,40,0,127.15,1,42.0
17770,0,2,1,0,26.0,165,1,50.44,1,97.0
17771,0,2,0,2,25.0,144,3,118.93,1,96.0
17772,0,7,1,2,46.0,16,1,12.8,0,27.0
17773,1,3,4,1,26.0,172,0,,0,35.0
17774,1,1,1,1,30.0,45,1,137.66,1,77.0
17775,1,2,4,2,44.0,135,4,146.37,1,98.0
17776,1,1,4,1,41.0,142,1,220.01,0,26.0
17777,1,2,1,1,50.0,160,0,23.18,1,94.0
17778,2,3,1,2,38.0,176,1,27.16,1,97.0
17779,2,2,5,2,27.0,9,2,81.69,1,95.0
17780,0,2,5,3,54.0,57,0,80.1,1,85.0
17781,0,2,1,1,39.0,100,2,71.8,0,85.0
17782,1,1,1,1,32.0,138,2,61.48,1,96.0
17783,2,1,1,3,34.0,34,3,0.0,1,98.0
17784,1,2,1,1,35.0,95,3,37.68,1,96.0
17785,3,0,0,1,,85,1,74.7,0,31.0
17786,0,1,1,0,20.0,131,4,0.0,0,28.999999999999996
17787,1,3,5,0,50.0,116,1,89.05,0,69.0
17788,3,3,4,0,,65,2,170.09,1,82.0
17789,1,2,5,3,35.0,160,1,120.97,1,98.0
17790,0,7,4,1,54.0,72,0,175.41,0,24.0
17791,0,1,5,3,27.0,162,3,95.45,1,93.0
17792,1,0,5,3,40.0,37,2,72.47,0,23.0
17793,0,0,1,1,26.0,94,4,39.6,0,42.0
17794,0,0,1,2,37.0,32,1,41.94,0,62.0
17795,0,3,4,2,36.0,171,4,227.28,1,95.0
17796,1,2,4,1,41.0,52,1,128.46,0,23.0
17797,3,3,1,2,46.0,147,-1,0.0,1,96.0
17798,1,2,1,0,28.0,62,-1,5.17,1,88.0
17799,1,0,5,1,48.0,178,1,70.52,1,98.0
17800,1,1,1,3,48.0,113,0,39.23,1,96.0
17801,1,3,1,0,31.0,141,2,74.05,1,92.0
17802,1,1,4,3,33.0,34,1,167.67,1,77.0
17803,3,0,3,2,29.0,109,2,63.5,1,95.0
17804,1,2,5,1,30.0,44,2,31.79,0,30.0
17805,1,1,4,0,21.0,160,2,160.36,1,97.0
17806,1,3,5,1,41.0,60,0,137.65,0,24.0
17807,0,1,3,0,13.0,92,0,69.65,1,90.0
17808,2,1,1,0,27.0,71,1,31.84,1,76.0
17809,1,3,0,0,33.0,114,0,74.47,1,91.0
17810,1,2,5,1,46.0,77,1,21.47,1,96.0
17811,1,3,1,0,28.0,49,3,25.9,1,91.0
17812,1,0,0,0,38.0,142,2,50.96,1,88.0
17813,1,6,0,1,33.0,41,0,17.06,1,92.0
17814,0,1,1,3,43.0,113,3,34.61,1,100.0
17815,1,3,1,2,,19,0,43.75,1,83.0
17816,0,4,5,1,42.0,91,3,101.05,1,96.0
17817,1,3,1,1,28.0,67,0,91.65,1,73.0
17818,3,2,1,0,23.0,134,1,21.5,1,95.0
17819,3,0,5,1,37.0,65,2,98.89,1,84.0
17820,0,1,4,1,29.0,72,0,159.94,0,39.0
17821,1,2,1,2,,150,3,103.68,1,98.0
17822,1,0,5,1,37.0,35,0,94.3,0,8.0
17823,0,2,5,0,46.0,139,1,108.62,0,79.0
17824,0,1,5,2,41.0,150,1,109.32,1,88.0
17825,0,0,1,1,27.0,138,0,4.7,1,89.0
17826,2,3,4,0,22.0,128,1,176.48,0,25.0
17827,3,3,5,2,51.0,38,2,127.24,1,57.99999999999999
17828,1,1,4,4,18.0,92,0,67.82,1,85.0
17829,0,0,1,0,29.0,69,5,0.0,1,96.0
17830,1,1,5,2,40.0,158,1,147.55,1,96.0
17831,1,1,5,4,50.0,136,2,2.58,1,95.0
17832,0,2,1,2,,17,1,91.81,1,38.0
17833,1,7,1,1,34.0,126,-1,12.82,1,96.0
17834,2,1,5,3,25.0,58,0,93.72,0,24.0
17835,1,2,1,2,35.0,66,1,61.81,0,34.0
17836,0,1,5,1,22.0,108,2,105.12,0,25.0
17837,0,5,1,2,26.0,130,0,30.86,1,95.0
17838,0,1,1,3,41.0,29,2,17.86,1,92.0
17839,1,3,5,0,29.0,90,3,68.01,1,95.0
17840,2,4,1,3,43.0,1,0,0.0,0,28.999999999999996
17841,0,3,4,3,32.0,19,4,192.91,1,96.0
17842,0,2,4,0,20.0,96,1,189.35,1,82.0
17843,1,0,5,3,45.0,28,4,52.55,1,91.0
17844,0,2,4,1,20.0,8,1,152.19,0,14.000000000000002
17845,2,1,4,2,27.0,3,7,99.73,1,89.0
17846,0,0,1,3,32.0,39,1,59.88,0,12.0
17847,2,2,4,2,44.0,140,4,146.1,1,97.0
17848,0,1,0,2,28.0,133,1,1.19,1,93.0
17849,1,2,1,0,24.0,72,0,63.6,1,89.0
17850,1,2,5,3,35.0,25,2,91.61,0,24.0
17851,1,3,5,4,31.0,102,0,112.39,1,90.0
17852,0,1,1,0,29.0,40,2,0.48,1,97.0
17853,0,7,1,2,36.0,41,0,0.0,1,88.0
17854,1,0,5,1,21.0,127,1,55.65,0,21.0
17855,0,1,1,2,16.0,60,1,23.55,0,66.0
17856,0,3,5,0,55.0,61,1,87.03,0,56.99999999999999
17857,0,3,5,4,35.0,20,0,56.2,0,20.0
17858,1,0,1,1,35.0,158,2,5.79,1,96.0
17859,1,2,1,1,26.0,42,3,69.59,1,96.0
17860,1,2,5,4,,148,3,75.12,1,96.0
17861,1,2,1,3,28.0,106,0,112.92,1,97.0
17862,1,0,0,1,6.0,156,0,16.35,1,85.0
17863,1,7,1,0,28.0,57,2,34.81,0,61.0
17864,0,1,1,1,31.0,151,2,55.79,1,99.0
17865,1,0,1,1,32.0,44,0,13.44,0,56.00000000000001
17866,3,2,5,1,32.0,79,3,0.0,1,96.0
17867,1,6,5,0,27.0,136,1,141.56,1,95.0
17868,1,1,5,3,26.0,129,1,79.11,1,96.0
17869,1,0,2,3,31.0,164,1,147.16,1,94.0
17870,1,2,1,3,17.0,126,3,25.39,1,98.0
17871,2,4,1,0,14.0,164,1,64.9,1,97.0
17872,1,7,5,0,,45,2,102.02,1,79.0
17873,3,0,5,3,35.0,5,0,39.15,0,21.0
17874,2,3,5,2,42.0,47,5,85.16,0,24.0
17875,0,1,5,2,,126,1,85.22,0,31.0
17876,0,7,3,3,22.0,111,0,53.18,1,93.0
17877,0,7,1,2,14.0,135,1,0.0,1,80.0
17878,1,1,5,2,25.0,31,3,48.51,1,59.0
17879,0,2,3,3,38.0,100,1,63.59,1,94.0
17880,1,1,4,3,48.0,76,2,124.95,1,57.99999999999999
17881,1,0,5,0,34.0,67,3,113.51,0,68.0
17882,0,5,5,2,21.0,27,0,148.01,0,28.999999999999996
17883,0,0,5,2,25.0,167,0,91.34,1,95.0
17884,2,6,4,3,,143,2,-10.0,0,34.0
17885,1,0,4,1,29.0,56,4,112.15,1,73.0
17886,2,1,5,3,45.0,54,4,60.38,1,94.0
17887,1,1,5,0,45.0,82,1,104.16,0,27.0
17888,1,2,1,1,32.0,105,1,74.74,1,84.0
17889,1,1,5,1,35.0,85,1,46.81,1,74.0
17890,0,2,5,1,26.0,166,3,128.72,1,99.0
17891,1,2,5,0,16.0,75,3,51.12,1,87.0
17892,0,1,1,2,51.0,157,0,67.55,1,96.0
17893,2,3,5,3,10.0,103,1,42.25,0,33.0
17894,0,0,1,0,15.0,169,2,57.3,1,95.0
17895,0,3,5,0,51.0,132,0,57.16,0,27.0
17896,2,2,1,1,34.0,100,1,115.66,1,78.0
17897,0,0,3,1,,172,3,,1,99.0
17898,0,3,1,0,40.0,31,2,0.0,1,91.0
17899,1,1,1,2,41.0,97,5,27.88,1,99.0
17900,2,3,5,1,20.0,11,2,101.32,0,65.0
17901,0,4,1,0,28.0,106,0,20.37,1,86.0
17902,1,0,5,1,42.0,65,2,93.86,0,27.0
17903,1,0,2,3,25.0,51,0,111.37,1,82.0
17904,2,4,4,3,,31,1,151.85,1,88.0
17905,1,3,1,3,48.0,162,4,,1,100.0
17906,3,1,4,1,10.0,133,0,149.21,1,80.0
17907,1,1,1,1,,21,1,111.26,1,84.0
17908,0,0,4,2,36.0,174,2,169.39,1,96.0
17909,1,1,5,3,,140,1,39.24,1,86.0
17910,0,3,1,2,28.0,22,1,16.17,1,89.0
17911,2,1,1,0,44.0,171,1,,1,97.0
17912,0,6,1,0,26.0,8,2,99.8,1,80.0
17913,0,1,5,4,19.0,105,2,41.31,1,94.0
17914,1,0,1,2,45.0,58,0,14.98,0,23.0
17915,1,1,5,1,38.0,116,3,42.63,1,95.0
17916,1,1,5,2,33.0,100,2,135.58,1,85.0
17917,0,1,4,0,33.0,29,4,87.82,0,32.0
17918,1,1,4,2,44.0,83,1,119.85,0,24.0
17919,1,2,1,0,36.0,43,0,38.88,0,18.0
17920,0,7,5,0,40.0,176,1,132.6,0,28.999999999999996
17921,0,0,4,2,27.0,15,2,200.6,1,54.0
17922,0,4,4,1,14.0,120,1,195.14,0,78.0
17923,1,5,1,0,40.0,73,3,40.05,1,83.0
17924,1,3,1,2,,83,2,34.68,1,94.0
17925,3,1,1,4,31.0,129,1,81.66,1,94.0
17926,1,6,1,3,42.0,66,1,82.84,1,89.0
17927,2,3,0,1,30.0,41,0,15.55,1,88.0
17928,2,3,1,3,33.0,135,2,16.73,1,100.0
17929,0,3,5,0,51.0,72,1,30.22,0,68.0
17930,1,3,1,1,31.0,91,2,39.47,1,94.0
17931,2,1,5,2,30.0,148,2,95.58,1,92.0
17932,0,2,1,2,15.0,114,5,0.0,1,97.0
17933,0,3,4,1,40.0,96,3,181.18,1,86.0
17934,1,0,4,3,26.0,33,0,119.14,0,9.0
17935,1,0,5,3,35.0,131,1,77.06,1,92.0
17936,1,2,4,1,30.0,116,3,204.34,1,96.0
17937,0,0,1,2,29.0,61,4,83.45,0,81.0
17938,0,1,5,1,32.0,95,1,42.67,0,27.0
17939,1,1,1,3,33.0,75,5,5.54,1,97.0
17940,0,2,1,0,45.0,1,2,67.92,1,80.0
17941,1,3,1,2,49.0,126,4,53.17,1,97.0
17942,0,0,5,1,40.0,177,1,112.06,1,93.0
17943,3,0,1,0,46.0,111,2,0.0,1,96.0
17944,1,2,5,3,42.0,116,2,38.22,1,97.0
17945,1,2,1,2,38.0,25,0,50.86,1,67.0
17946,1,4,4,1,,84,2,220.82,0,28.000000000000004
17947,0,3,5,3,20.0,107,5,60.19,1,96.0
17948,0,2,1,1,27.0,164,2,29.41,1,100.0
17949,3,1,1,1,,54,2,0.0,0,42.0
17950,1,0,4,2,30.0,99,1,222.96,0,23.0
17951,3,2,1,3,40.0,17,0,0.0,1,91.0
17952,1,2,5,3,22.0,23,2,119.76,0,15.0
17953,0,2,5,0,39.0,29,4,45.4,1,57.99999999999999
17954,1,4,1,4,,16,2,0.0,1,90.0
17955,2,1,1,3,30.0,41,1,44.88,0,19.0
17956,0,1,1,2,36.0,80,5,26.23,1,98.0
17957,0,0,1,0,50.0,107,3,53.52,1,95.0
17958,2,2,1,2,26.0,139,0,38.1,1,96.0
17959,1,0,1,3,33.0,26,2,0.0,0,23.0
17960,1,0,0,0,23.0,3,3,19.36,1,52.0
17961,2,6,1,2,26.0,162,1,75.8,1,93.0
17962,1,0,4,0,23.0,75,4,189.85,0,13.0
17963,1,3,5,3,36.0,156,1,107.4,1,89.0
17964,0,5,5,0,38.0,71,4,168.65,1,65.0
17965,0,3,1,0,40.0,75,2,52.55,1,88.0
17966,1,3,0,0,26.0,163,1,68.33,1,100.0
17967,1,3,4,3,39.0,33,0,98.84,0,23.0
17968,1,4,3,3,35.0,35,1,124.59,1,81.0
17969,0,2,1,0,33.0,3,3,44.79,1,82.0
17970,2,0,0,2,21.0,10,2,59.09,1,82.0
17971,3,1,5,2,35.0,58,1,93.96,1,87.0
17972,0,0,4,3,35.0,2,1,193.73,0,7.000000000000001
17973,1,4,1,1,35.0,11,1,40.02,1,82.0
17974,3,0,5,2,38.0,112,2,92.81,1,93.0
17975,0,0,5,0,40.0,72,3,156.35,1,93.0
17976,1,3,4,1,23.0,148,1,173.81,0,26.0
17977,3,2,4,3,31.0,149,3,225.96,1,94.0
17978,0,1,1,2,39.0,145,3,52.87,1,88.0
17979,0,1,5,1,31.0,5,0,141.84,0,25.0
17980,0,1,5,3,43.0,88,4,89.33,1,98.0
17981,1,0,5,3,34.0,113,3,62.04,1,98.0
17982,1,5,4,0,14.0,108,2,137.8,1,88.0
17983,0,3,4,2,42.0,78,1,149.31,1,90.0
17984,1,2,1,1,32.0,64,4,0.0,1,95.0
17985,0,0,1,0,16.0,54,1,0.0,1,92.0
17986,0,0,5,2,31.0,167,2,127.42,1,98.0
17987,0,3,1,1,21.0,81,0,66.48,0,31.0
17988,0,1,1,3,41.0,51,2,,0,36.0
17989,0,0,1,3,33.0,119,4,109.72,1,97.0
17990,2,0,4,2,24.0,43,1,,1,79.0
17991,0,3,1,0,42.0,94,3,,1,89.0
17992,1,3,5,1,38.0,61,0,114.17,0,42.0
17993,1,5,1,1,31.0,83,0,20.99,0,39.0
17994,1,2,1,3,21.0,96,1,12.7,1,94.0
17995,1,2,1,2,25.0,73,3,28.1,1,89.0
17996,1,5,1,0,25.0,156,2,12.45,1,98.0
17997,1,2,4,3,41.0,146,3,248.78,1,96.0
17998,0,7,4,3,17.0,155,2,156.14,1,92.0
17999,3,3,5,0,33.0,121,0,106.01,1,92.0
18000,1,3,1,1,31.0,122,2,15.11,1,98.0
18001,0,2,5,1,44.0,146,0,163.63,1,75.0
18002,0,2,1,2,36.0,30,3,31.75,1,96.0
18003,1,0,1,3,39.0,98,1,0.0,1,92.0
18004,3,0,5,2,28.0,141,1,51.35,1,92.0
18005,0,0,5,1,21.0,49,0,121.11,0,13.0
18006,1,2,1,0,30.0,58,1,37.68,1,89.0
18007,0,0,1,1,41.0,8,1,69.3,0,13.0
18008,1,3,4,1,41.0,56,1,202.94,0,16.0
18009,0,6,1,3,29.0,168,5,20.58,1,99.0
18010,1,1,2,1,25.0,26,1,159.88,0,13.0
18011,2,2,4,2,23.0,57,2,146.74,0,30.0
18012,0,0,5,0,32.0,80,0,104.39,1,46.0
18013,0,2,1,3,,67,2,0.0,1,92.0
18014,1,0,5,0,48.0,23,4,80.32,1,93.0
18015,0,0,1,2,35.0,79,1,13.86,1,90.0
18016,0,1,1,2,,61,3,35.59,1,94.0
18017,0,1,5,1,26.0,80,3,72.92,1,95.0
18018,0,7,1,2,34.0,100,3,48.99,1,93.0
18019,0,0,1,1,35.0,116,2,80.28,1,89.0
18020,2,2,3,3,32.0,2,2,141.25,1,87.0
18021,0,1,3,4,33.0,50,2,73.04,1,69.0
18022,2,1,1,1,35.0,104,2,,1,91.0
18023,2,0,1,1,38.0,98,0,0.0,0,27.0
18024,0,2,1,3,45.0,66,2,53.7,1,78.0
18025,1,1,1,2,11.0,79,4,0.0,1,94.0
18026,0,5,5,1,45.0,147,3,127.88,1,98.0
18027,2,2,5,2,16.0,44,3,136.74,0,82.0
18028,1,5,5,1,37.0,133,2,,1,79.0
18029,0,2,1,2,57.0,160,4,17.62,1,98.0
18030,2,0,1,1,33.0,170,2,0.0,1,98.0
18031,1,1,1,0,35.0,177,1,32.72,1,97.0
18032,0,0,1,0,30.0,154,3,24.02,1,97.0
18033,1,2,1,0,40.0,29,1,32.2,1,88.0
18034,1,0,0,1,37.0,98,2,39.47,1,93.0
18035,0,0,1,2,27.0,145,3,76.65,1,91.0
18036,1,0,5,3,32.0,157,3,57.49,1,98.0
18037,1,3,5,3,22.0,142,1,39.47,0,25.0
18038,2,2,5,3,32.0,95,3,86.02,1,95.0
18039,1,2,1,0,29.0,98,1,28.04,0,22.0
18040,3,2,4,0,35.0,20,1,,1,47.0
18041,3,2,2,0,26.0,139,2,173.74,1,79.0
18042,1,2,1,2,31.0,176,1,32.7,1,95.0
18043,1,1,5,0,34.0,0,0,53.9,0,53.0
18044,0,1,4,2,34.0,24,2,171.36,0,23.0
18045,0,1,5,2,36.0,174,1,146.43,1,90.0
18046,1,0,0,2,,38,2,31.21,0,28.999999999999996
18047,0,4,1,4,26.0,26,1,39.78,0,26.0
18048,1,2,5,3,34.0,92,4,135.28,1,99.0
18049,2,3,1,2,32.0,49,0,0.0,1,88.0
18050,1,2,4,3,44.0,155,0,156.96,1,96.0
18051,1,1,5,2,45.0,56,3,130.45,1,89.0
18052,1,2,1,2,20.0,81,2,63.32,1,96.0
18053,3,0,5,0,40.0,15,1,116.71,1,79.0
18054,0,2,5,4,42.0,34,1,0.0,0,25.0
18055,2,1,1,2,20.0,155,2,4.06,1,97.0
18056,1,2,1,3,39.0,45,3,0.0,1,100.0
18057,1,0,4,0,,66,2,218.05,1,87.0
18058,1,3,5,2,24.0,15,2,106.19,0,23.0
18059,0,5,1,0,31.0,78,3,29.6,1,92.0
18060,0,2,0,2,35.0,73,1,1.47,1,97.0
18061,0,0,5,0,39.0,116,1,72.4,1,90.0
18062,1,1,5,0,24.0,48,1,173.8,0,62.0
18063,3,1,1,1,45.0,149,0,31.44,1,79.0
18064,1,0,3,2,13.0,17,0,61.64,0,19.0
18065,3,2,1,2,47.0,21,2,0.0,0,37.0
18066,1,2,1,2,39.0,105,1,104.59,1,79.0
18067,0,2,5,3,,118,3,85.51,1,98.0
18068,1,5,1,1,42.0,15,2,17.35,1,68.0
18069,0,3,2,3,23.0,2,2,107.86,1,49.0
18070,0,1,0,2,35.0,122,1,,1,95.0
18071,0,2,5,1,36.0,34,3,133.98,1,86.0
18072,0,1,1,0,36.0,104,2,0.0,1,78.0
18073,0,3,1,1,25.0,102,2,0.0,1,91.0
18074,0,1,5,0,29.0,148,1,71.45,1,95.0
18075,2,4,1,2,35.0,56,0,50.34,1,88.0
18076,1,2,5,2,26.0,46,2,90.71,0,79.0
18077,0,2,3,0,36.0,161,2,65.07,0,31.0
18078,0,6,5,1,27.0,47,1,63.68,1,90.0
18079,1,1,5,3,44.0,166,0,61.08,1,92.0
18080,0,1,5,1,49.0,86,3,82.45,1,98.0
18081,1,1,5,0,31.0,119,3,52.61,1,99.0
18082,1,2,5,4,43.0,157,4,96.91,1,99.0
18083,1,1,4,3,31.0,177,3,211.86,1,96.0
18084,1,2,1,3,24.0,96,0,74.69,1,93.0
18085,0,5,5,3,29.0,143,4,22.33,1,99.0
18086,0,2,1,0,34.0,93,2,0.0,1,96.0
18087,3,0,1,2,16.0,2,0,50.92,1,77.0
18088,0,1,1,1,40.0,60,3,37.49,1,93.0
18089,1,2,2,3,34.0,1,2,170.19,1,82.0
18090,2,0,5,0,44.0,25,0,146.4,0,19.0
18091,2,0,5,1,40.0,17,2,175.67,1,86.0
18092,0,3,1,3,35.0,65,5,62.37,1,99.0
18093,0,1,1,2,30.0,39,1,0.0,0,33.0
18094,3,6,4,1,49.0,130,1,154.16,1,94.0
18095,0,3,1,4,55.0,16,1,86.42,1,74.0
18096,3,1,1,0,30.0,151,1,101.79,1,89.0
18097,1,4,1,0,,1,3,22.49,0,23.0
18098,1,5,5,0,26.0,69,3,106.44,1,84.0
18099,0,2,1,2,28.0,167,1,59.21,1,98.0
18100,0,0,0,1,30.0,153,2,66.04,1,90.0
18101,2,3,5,3,40.0,48,4,131.42,1,95.0
18102,3,1,1,2,23.0,56,2,0.0,1,93.0
18103,1,1,5,3,49.0,55,3,114.27,0,77.0
18104,1,3,1,3,43.0,75,2,27.41,0,39.0
18105,2,1,1,0,40.0,20,0,38.77,1,79.0
18106,0,5,3,3,31.0,15,2,47.92,0,23.0
18107,1,1,2,3,42.0,5,2,128.19,1,75.0
18108,0,0,5,2,4.0,33,0,75.86,0,12.0
18109,0,0,5,0,38.0,58,0,109.72,0,22.0
18110,0,6,1,3,35.0,66,3,0.0,1,87.0
18111,0,1,1,3,15.0,40,0,33.08,0,18.0
18112,1,2,1,3,38.0,146,1,96.77,0,37.0
18113,3,0,4,1,,156,2,248.97,1,63.0
18114,0,1,2,1,15.0,31,0,164.78,0,37.0
18115,0,2,4,0,22.0,9,2,147.97,0,50.0
18116,1,1,0,2,54.0,118,2,16.83,1,97.0
18117,0,1,5,0,32.0,92,2,112.28,0,26.0
18118,1,3,5,1,43.0,76,3,110.92,0,28.999999999999996
18119,1,2,5,0,45.0,19,-1,,0,13.0
18120,0,0,3,2,37.0,155,1,54.69,1,92.0
18121,1,2,5,0,44.0,26,2,39.44,1,85.0
18122,0,2,1,3,12.0,152,3,,1,96.0
18123,1,2,1,2,31.0,123,3,78.17,1,87.0
18124,0,3,1,2,3.0,28,1,0.09,0,24.0
18125,1,1,1,2,16.0,115,4,10.38,1,98.0
18126,1,0,1,0,28.0,142,3,24.69,1,96.0
18127,1,3,1,0,27.0,172,3,0.0,1,99.0
18128,3,0,1,3,34.0,44,1,111.72,0,13.0
18129,2,3,5,2,33.0,29,5,107.11,0,72.0
18130,1,1,4,3,35.0,37,1,192.7,1,79.0
18131,0,0,4,2,35.0,31,0,114.94,0,16.0
18132,0,2,1,1,37.0,49,0,20.68,1,86.0
18133,3,3,0,0,24.0,70,1,60.61,1,87.0
18134,1,4,1,3,26.0,162,3,42.85,1,99.0
18135,0,1,4,0,,75,1,271.97,1,78.0
18136,1,0,5,0,33.0,86,1,115.27,0,30.0
18137,1,3,1,1,23.0,4,1,5.97,0,21.0
18138,3,1,4,1,44.0,106,4,162.23,1,95.0
18139,0,2,1,2,41.0,118,2,47.25,1,97.0
18140,1,3,4,4,25.0,30,2,202.65,1,77.0
18141,1,3,1,2,31.0,96,1,0.0,1,90.0
18142,0,1,1,1,54.0,0,1,0.0,1,82.0
18143,0,3,5,1,35.0,85,0,98.85,1,86.0
18144,1,4,4,3,37.0,64,1,67.57,0,23.0
18145,3,2,4,1,27.0,142,0,209.22,1,77.0
18146,1,0,5,3,30.0,102,0,90.53,1,77.0
18147,1,1,1,1,49.0,179,1,25.36,1,92.0
18148,3,3,1,3,35.0,165,1,0.0,1,95.0
18149,1,2,4,0,33.0,23,1,226.63,0,13.0
18150,1,1,5,4,34.0,150,6,34.01,1,97.0
18151,0,0,5,1,59.0,46,2,131.47,0,28.000000000000004
18152,2,7,1,3,34.0,134,0,120.6,1,96.0
18153,1,3,5,1,25.0,158,2,156.42,0,41.0
18154,3,1,1,3,,6,3,41.32,1,92.0
18155,0,0,5,3,41.0,3,0,,1,82.0
18156,1,3,4,1,19.0,103,2,198.4,1,93.0
18157,0,4,5,2,38.0,51,1,82.2,1,92.0
18158,1,2,1,3,26.0,81,2,43.69,1,85.0
18159,0,3,1,0,15.0,79,3,0.0,1,98.0
18160,0,2,1,1,24.0,47,3,66.02,1,95.0
18161,3,3,4,0,34.0,94,0,134.3,1,87.0
18162,1,1,1,3,47.0,65,0,86.97,1,80.0
18163,0,3,4,3,43.0,109,3,110.43,1,90.0
18164,0,3,5,1,31.0,124,5,65.42,1,99.0
18165,1,0,5,4,43.0,126,3,76.95,1,95.0
18166,1,4,4,0,30.0,99,4,137.05,1,100.0
18167,1,2,5,2,19.0,172,0,63.93,1,96.0
18168,0,6,4,4,34.0,39,0,164.63,1,76.0
18169,0,2,1,2,,34,4,6.08,1,93.0
18170,1,3,5,1,41.0,23,0,55.98,0,17.0
18171,2,3,5,0,42.0,162,1,75.78,1,97.0
18172,2,2,0,1,,93,2,66.09,1,94.0
18173,0,1,5,2,35.0,164,1,135.6,0,32.0
18174,1,1,5,2,,108,2,61.15,1,97.0
18175,0,3,4,2,42.0,161,4,169.94,1,99.0
18176,1,1,1,1,,102,1,45.87,1,91.0
18177,1,1,5,3,39.0,151,0,143.35,0,78.0
18178,0,2,1,3,20.0,92,4,113.25,1,74.0
18179,1,1,5,0,41.0,3,1,0.0,1,62.0
18180,1,1,1,1,44.0,104,5,0.0,1,100.0
18181,1,3,5,1,27.0,177,3,81.02,1,99.0
18182,1,3,1,1,46.0,77,1,0.0,1,97.0
18183,1,3,1,2,18.0,151,1,0.0,1,98.0
18184,3,1,1,1,44.0,101,4,0.0,1,96.0
18185,1,2,0,3,48.0,115,1,41.85,1,96.0
18186,1,0,5,0,37.0,97,2,71.18,1,96.0
18187,1,3,4,3,32.0,35,4,205.43,1,89.0
18188,3,3,1,1,,78,4,22.59,1,93.0
18189,0,3,1,0,27.0,34,3,34.62,1,95.0
18190,1,2,0,0,60.0,28,2,94.45,1,85.0
18191,2,0,5,4,28.0,35,2,95.54,0,25.0
18192,1,0,1,1,,67,2,35.3,1,79.0
18193,1,3,1,3,26.0,138,2,0.0,1,97.0
18194,1,1,1,3,49.0,54,1,35.13,1,57.99999999999999
18195,1,7,1,2,54.0,48,2,6.62,1,87.0
18196,1,3,1,2,37.0,56,1,33.52,0,22.0
18197,0,1,1,2,36.0,98,1,0.0,1,95.0
18198,1,1,5,4,24.0,86,1,75.0,1,92.0
18199,0,3,5,1,23.0,54,4,38.6,0,28.000000000000004
18200,1,2,1,2,36.0,55,5,97.05,0,91.0
18201,1,2,5,2,48.0,73,1,124.43,1,84.0
18202,0,1,1,3,28.0,3,0,31.48,0,28.999999999999996
18203,3,3,4,2,,108,2,163.59,1,93.0
18204,1,2,1,4,27.0,152,5,29.71,1,97.0
18205,0,3,5,0,,129,2,132.59,0,77.0
18206,1,7,5,2,36.0,146,1,62.99,1,81.0
18207,1,3,0,0,32.0,87,5,170.03,1,88.0
18208,1,2,4,2,13.0,135,2,152.49,1,96.0
18209,1,0,1,0,27.0,63,3,0.0,1,98.0
18210,1,3,5,2,35.0,133,2,,1,95.0
18211,1,6,1,3,33.0,83,1,36.21,1,77.0
18212,0,0,0,1,40.0,13,1,11.91,1,77.0
18213,1,1,3,0,41.0,103,2,,1,94.0
18214,0,2,1,1,31.0,104,2,0.0,1,93.0
18215,1,0,1,3,24.0,125,1,5.05,1,99.0
18216,0,2,1,2,49.0,70,2,48.08,1,88.0
18217,0,0,5,2,20.0,108,1,121.69,1,84.0
18218,1,0,1,3,28.0,29,0,105.51,1,30.0
18219,1,2,1,1,25.0,7,1,103.13,1,80.0
18220,0,1,5,1,41.0,141,3,-10.0,1,100.0
18221,2,3,1,1,47.0,47,1,0.0,1,91.0
18222,1,0,0,1,,27,1,0.0,1,66.0
18223,1,7,1,0,36.0,133,3,37.17,1,99.0
18224,2,1,1,1,38.0,157,3,0.0,1,99.0
18225,1,3,1,0,52.0,131,0,24.76,0,36.0
18226,0,3,4,3,16.0,99,4,152.42,0,32.0
18227,1,2,1,2,41.0,66,0,46.76,0,30.0
18228,1,2,1,0,37.0,137,2,32.23,1,100.0
18229,0,1,1,1,30.0,101,1,61.18,1,94.0
18230,0,2,1,2,,26,2,18.28,1,83.0
18231,1,0,5,4,41.0,172,1,122.92,1,89.0
18232,0,1,1,2,39.0,74,2,0.0,1,96.0
18233,0,2,1,3,55.0,99,1,14.02,1,93.0
18234,0,2,0,1,35.0,34,1,46.99,1,84.0
18235,1,1,4,3,34.0,12,2,153.93,0,14.000000000000002
18236,0,0,1,2,32.0,119,1,0.0,1,100.0
18237,0,1,1,3,39.0,54,2,0.0,0,70.0
18238,0,2,5,1,33.0,42,1,51.22,1,88.0
18239,0,2,1,4,34.0,72,2,0.0,0,25.0
18240,1,5,5,3,34.0,67,0,85.55,1,86.0
18241,0,0,3,1,32.0,42,2,39.25,0,56.99999999999999
18242,0,4,1,4,27.0,39,0,71.11,1,77.0
18243,1,3,3,3,38.0,113,2,55.15,1,95.0
18244,0,0,4,0,31.0,158,4,118.73,1,97.0
18245,1,1,5,3,40.0,2,1,124.71,1,42.0
18246,0,0,4,2,35.0,120,1,155.83,1,91.0
18247,1,0,1,2,30.0,144,2,0.0,1,98.0
18248,0,3,1,4,49.0,79,0,51.74,1,86.0
18249,3,0,4,3,32.0,38,6,123.83,1,92.0
18250,0,3,1,3,40.0,96,0,48.0,1,93.0
18251,3,3,4,3,27.0,76,1,144.12,1,61.0
18252,3,0,1,0,13.0,75,1,0.0,0,25.0
18253,1,2,4,1,28.0,146,1,140.6,1,96.0
18254,0,1,1,3,12.0,21,3,118.3,1,57.99999999999999
18255,0,1,1,0,31.0,7,1,99.47,0,8.0
18256,2,0,4,2,48.0,107,2,191.75,0,74.0
18257,1,1,1,3,24.0,127,2,-10.0,0,44.0
18258,3,1,1,3,12.0,17,1,31.83,1,85.0
18259,0,3,1,3,49.0,133,1,49.71,1,95.0
18260,0,2,5,0,29.0,3,3,82.41,0,23.0
18261,1,1,4,3,33.0,116,1,124.85,1,95.0
18262,1,2,1,3,41.0,168,2,0.0,1,100.0
18263,0,1,1,1,,178,1,58.17,1,91.0
18264,1,2,1,0,41.0,11,2,0.0,1,88.0
18265,2,2,5,1,43.0,111,0,,1,89.0
18266,1,1,1,1,16.0,36,0,64.6,1,86.0
18267,0,3,1,1,19.0,1,1,100.06,0,21.0
18268,1,2,1,1,45.0,2,4,69.42,1,84.0
18269,0,2,5,2,26.0,172,1,,1,94.0
18270,0,1,4,3,27.0,84,3,165.36,1,93.0
18271,1,2,5,1,21.0,38,1,55.79,0,24.0
18272,1,2,1,0,29.0,76,3,28.93,0,76.0
18273,1,3,5,3,30.0,111,7,126.86,1,99.0
18274,0,2,5,1,24.0,17,1,39.55,1,91.0
18275,0,3,1,4,23.0,12,2,21.15,1,95.0
18276,0,6,1,0,37.0,13,0,0.0,0,78.0
18277,0,2,1,2,25.0,40,4,12.68,1,66.0
18278,0,3,5,0,27.0,39,2,88.66,1,86.0
18279,1,3,5,2,12.0,88,0,48.87,1,87.0
18280,1,0,5,2,53.0,100,0,9.87,1,83.0
18281,1,2,1,2,43.0,47,2,0.88,1,87.0
18282,3,3,1,1,29.0,9,4,0.0,1,86.0
18283,2,2,4,1,25.0,120,1,264.9,1,56.99999999999999
18284,1,2,1,2,,53,2,21.92,0,28.999999999999996
18285,0,2,4,2,,162,1,200.78,0,32.0
18286,2,1,5,1,21.0,151,1,41.84,1,80.0
18287,0,0,1,2,8.0,48,4,0.0,0,36.0
18288,1,1,1,1,28.0,169,1,0.0,1,100.0
18289,1,0,4,2,18.0,83,0,169.67,1,73.0
18290,0,2,1,1,35.0,49,0,0.0,1,83.0
18291,3,2,4,0,,148,2,162.41,0,36.0
18292,0,3,1,2,24.0,155,0,28.28,1,97.0
18293,1,0,5,2,28.0,154,1,101.85,1,97.0
18294,1,0,4,0,51.0,96,2,133.08,0,30.0
18295,0,1,2,3,41.0,67,4,143.29,1,81.0
18296,2,0,1,2,29.0,98,3,113.63,1,98.0
18297,0,2,5,3,56.0,83,3,35.53,1,80.0
18298,0,3,1,0,22.0,133,1,32.38,1,96.0
18299,1,1,0,2,,133,1,33.19,1,93.0
18300,2,3,0,3,32.0,59,0,10.47,0,26.0
18301,0,4,1,2,18.0,80,0,0.0,0,26.0
18302,1,0,1,2,,146,3,0.0,1,90.0
18303,0,1,1,4,35.0,112,3,9.18,1,94.0
18304,1,0,4,3,26.0,16,1,141.86,0,22.0
18305,1,3,5,1,38.0,176,3,44.76,1,100.0
18306,1,2,1,1,35.0,130,2,,1,99.0
18307,1,1,4,3,30.0,109,5,168.49,1,99.0
18308,1,0,1,3,,33,0,0.0,1,65.0
18309,0,3,1,1,19.0,61,3,24.31,1,93.0
18310,0,2,5,2,55.0,86,2,81.49,1,88.0
18311,0,4,1,2,20.0,122,1,22.15,1,99.0
18312,1,1,5,0,50.0,122,3,128.0,1,97.0
18313,1,4,1,2,25.0,126,2,74.47,1,89.0
18314,0,0,1,3,41.0,81,4,49.12,1,93.0
18315,1,0,1,3,,161,2,63.65,1,97.0
18316,1,2,4,4,40.0,156,0,179.26,0,27.0
18317,2,2,5,3,41.0,59,2,101.39,1,89.0
18318,0,0,5,1,17.0,171,0,,1,92.0
18319,2,0,5,0,27.0,142,0,81.46,1,86.0
18320,0,1,1,0,20.0,44,2,84.71,1,85.0
18321,1,0,5,2,35.0,74,2,69.95,0,26.0
18322,0,3,1,2,20.0,102,0,23.84,1,95.0
18323,1,7,1,1,14.0,8,3,73.0,0,28.000000000000004
18324,0,1,5,1,31.0,34,6,82.58,1,91.0
18325,1,2,1,2,11.0,9,0,25.97,1,76.0
18326,2,0,1,2,36.0,103,2,29.85,1,91.0
18327,1,1,4,1,21.0,165,4,,1,93.0
18328,3,6,3,2,25.0,126,4,96.46,1,94.0
18329,2,5,5,0,11.0,156,2,65.43,1,97.0
18330,0,2,1,1,50.0,173,2,,1,100.0
18331,0,0,0,2,19.0,115,2,54.85,1,99.0
18332,0,1,5,3,30.0,44,1,49.94,0,71.0
18333,2,0,5,3,16.0,76,2,144.57,1,59.0
18334,0,1,5,1,25.0,117,3,20.4,1,96.0
18335,0,2,4,3,51.0,52,3,74.42,1,94.0
18336,0,1,4,3,36.0,83,3,144.48,1,91.0
18337,3,3,0,0,,1,0,41.39,0,19.0
18338,0,3,4,1,,131,2,100.43,1,78.0
18339,0,5,5,3,28.0,18,3,95.48,1,86.0
18340,0,7,5,2,33.0,98,1,85.18,1,91.0
18341,2,4,1,1,41.0,138,2,,1,98.0
18342,0,3,5,1,30.0,82,1,81.18,1,98.0
18343,1,3,2,3,36.0,159,1,153.64,1,91.0
18344,0,4,5,3,36.0,141,3,101.45,1,90.0
18345,3,0,3,0,30.0,176,1,97.43,1,86.0
18346,0,2,0,2,26.0,68,1,24.35,1,79.0
18347,2,0,1,4,28.0,152,1,0.0,1,90.0
18348,1,1,0,0,40.0,141,2,43.19,0,27.0
18349,0,3,1,2,41.0,166,2,71.31,1,98.0
18350,0,6,5,3,22.0,139,0,24.26,1,97.0
18351,2,0,0,0,31.0,123,2,0.0,1,97.0
18352,1,3,5,1,26.0,176,2,55.65,1,98.0
18353,2,1,1,0,41.0,83,0,58.23,0,22.0
18354,0,5,1,2,29.0,117,4,40.18,1,98.0
18355,1,6,1,0,56.0,116,1,0.0,1,91.0
18356,1,1,4,0,,17,2,162.87,0,19.0
18357,1,3,0,1,45.0,0,6,5.15,0,27.0
18358,0,0,1,2,23.0,106,3,12.64,1,98.0
18359,1,1,2,1,34.0,3,1,130.24,0,49.0
18360,1,0,2,3,40.0,11,-1,125.69,1,78.0
18361,2,3,5,2,,153,1,22.6,0,35.0
18362,1,3,1,0,34.0,159,2,51.75,1,98.0
18363,1,0,1,1,,100,1,119.51,1,88.0
18364,0,3,4,1,30.0,78,2,154.6,1,87.0
18365,0,6,4,2,25.0,51,1,175.1,0,22.0
18366,0,5,3,1,52.0,98,1,95.98,0,25.0
18367,0,2,0,2,,89,1,47.07,1,94.0
18368,0,2,1,3,35.0,14,4,0.0,1,94.0
18369,0,2,1,2,26.0,135,1,18.59,1,92.0
18370,1,0,5,2,24.0,29,0,68.37,1,76.0
18371,1,0,1,3,41.0,126,2,54.89,1,99.0
18372,0,3,4,3,31.0,125,3,163.9,1,95.0
18373,1,4,1,0,38.0,94,2,68.05,1,91.0
18374,0,3,5,1,11.0,7,4,96.0,1,86.0
18375,0,0,1,3,39.0,92,2,76.66,1,69.0
18376,1,3,5,3,26.0,144,0,117.15,1,92.0
18377,1,1,0,1,15.0,15,3,26.97,0,63.0
18378,1,3,5,1,52.0,112,2,23.95,1,94.0
18379,0,1,5,0,40.0,44,2,107.81,0,28.000000000000004
18380,0,3,1,0,36.0,137,2,73.25,0,38.0
18381,0,0,4,2,46.0,146,1,161.67,1,90.0
18382,1,4,5,0,36.0,166,2,80.33,1,97.0
18383,0,1,4,3,26.0,49,2,151.86,0,22.0
18384,2,2,4,3,32.0,59,0,153.57,0,14.000000000000002
18385,1,2,4,1,27.0,67,2,158.24,1,69.0
18386,0,3,1,0,28.0,126,1,69.59,1,95.0
18387,3,0,1,2,21.0,159,2,14.25,1,99.0
18388,1,2,4,2,24.0,79,2,181.08,1,71.0
18389,0,4,1,2,42.0,88,4,49.74,1,91.0
18390,1,0,1,2,37.0,85,3,37.14,1,95.0
18391,0,4,3,1,28.0,151,1,134.11,1,98.0
18392,1,3,1,0,23.0,27,1,0.0,1,83.0
18393,3,5,5,0,29.0,150,2,30.55,1,96.0
18394,0,3,4,0,17.0,62,1,129.1,1,98.0
18395,0,2,5,4,35.0,117,0,65.28,1,76.0
18396,0,1,1,2,43.0,126,5,49.95,1,99.0
18397,0,2,1,2,57.0,72,1,17.28,1,92.0
18398,0,1,1,1,,65,1,7.91,1,92.0
18399,2,1,1,1,43.0,165,0,,1,96.0
18400,3,7,1,2,,27,3,20.22,1,94.0
18401,0,0,0,3,22.0,153,3,40.95,1,97.0
18402,3,0,5,0,22.0,59,0,77.82,1,88.0
18403,0,1,5,1,35.0,127,3,155.77,1,93.0
18404,0,3,4,2,24.0,24,3,176.54,1,83.0
18405,0,2,5,0,27.0,148,1,111.34,1,93.0
18406,1,6,1,0,,24,1,10.89,1,88.0
18407,1,0,5,2,26.0,57,2,147.96,1,82.0
18408,1,0,5,3,,37,3,,1,91.0
18409,0,2,1,3,9.0,45,0,0.0,0,17.0
18410,1,6,5,4,34.0,112,4,91.6,1,96.0
18411,0,3,1,2,34.0,99,2,96.03,1,94.0
18412,3,2,1,1,26.0,131,1,,0,89.0
18413,1,3,4,3,,146,2,69.34,1,97.0
18414,0,0,4,4,47.0,23,2,150.1,1,56.00000000000001
18415,1,2,5,1,34.0,54,0,78.07,1,91.0
18416,1,0,3,4,47.0,152,2,80.8,1,93.0
18417,0,1,4,0,56.0,71,1,112.96,1,86.0
18418,0,1,4,0,59.0,126,2,163.41,1,90.0
18419,0,1,1,4,22.0,64,3,4.04,1,79.0
18420,1,2,5,0,22.0,67,1,-10.0,1,83.0
18421,0,0,1,2,29.0,139,0,16.75,1,94.0
18422,1,2,1,0,,152,4,0.0,1,90.0
18423,1,0,1,3,49.0,148,1,74.86,1,88.0
18424,1,3,5,2,40.0,146,3,41.96,1,100.0
18425,1,2,2,1,21.0,69,1,195.53,1,91.0
18426,1,1,4,3,27.0,179,1,,1,92.0
18427,1,7,1,3,33.0,53,0,0.0,1,92.0
18428,3,0,5,0,,162,0,14.84,1,93.0
18429,1,6,1,4,34.0,2,1,33.96,1,79.0
18430,1,0,0,3,22.0,32,2,90.1,1,82.0
18431,1,0,4,2,17.0,6,1,92.19,0,14.000000000000002
18432,0,2,1,2,24.0,104,1,0.0,1,91.0
18433,1,2,5,0,,154,2,133.27,1,96.0
18434,2,0,1,3,38.0,0,1,89.28,0,19.0
18435,3,0,1,2,34.0,167,1,39.85,1,95.0
18436,1,3,5,2,43.0,145,5,61.51,1,99.0
18437,0,5,1,1,42.0,162,1,47.51,1,94.0
18438,1,0,1,0,36.0,80,2,28.23,1,85.0
18439,0,1,0,3,,38,1,57.38,1,82.0
18440,0,3,5,2,35.0,123,1,83.05,1,91.0
18441,1,1,2,0,32.0,10,1,135.26,0,18.0
18442,1,1,4,3,12.0,100,3,116.6,1,93.0
18443,0,3,4,2,45.0,44,0,125.67,1,82.0
18444,0,4,4,3,37.0,130,1,167.53,1,88.0
18445,1,1,4,3,21.0,179,1,119.63,1,98.0
18446,0,0,5,0,48.0,59,4,121.97,1,96.0
18447,0,0,5,0,28.0,91,3,44.59,1,90.0
18448,2,2,1,1,32.0,57,1,20.79,1,73.0
18449,1,0,4,1,44.0,110,1,55.57,1,91.0
18450,0,0,1,1,36.0,33,1,28.89,0,56.99999999999999
18451,0,1,1,2,47.0,155,1,47.24,1,100.0
18452,1,4,4,1,,60,0,188.85,1,84.0
18453,0,0,1,3,50.0,120,1,35.74,1,97.0
18454,0,2,4,0,26.0,109,1,161.76,0,31.0
18455,3,2,5,3,47.0,164,2,84.46,1,93.0
18456,1,1,1,0,11.0,143,0,,1,96.0
18457,0,1,5,0,22.0,124,3,95.42,0,44.0
18458,1,2,4,3,36.0,172,2,229.36,1,91.0
18459,3,2,1,3,29.0,14,2,65.69,0,71.0
18460,1,3,5,2,33.0,3,0,99.85,0,39.0
18461,3,0,4,0,34.0,22,2,157.12,0,66.0
18462,3,1,1,1,22.0,79,4,31.4,1,98.0
18463,1,1,1,2,22.0,15,1,72.06,1,85.0
18464,2,0,0,1,36.0,87,2,65.59,1,85.0
18465,3,0,0,2,27.0,52,6,68.06,0,27.0
18466,1,5,1,0,47.0,9,1,99.86,1,81.0
18467,0,2,5,3,32.0,161,4,110.96,1,96.0
18468,0,2,1,3,41.0,145,1,98.68,1,95.0
18469,1,0,4,0,,52,2,269.21,0,28.999999999999996
18470,1,1,1,3,27.0,15,2,0.0,0,28.999999999999996
18471,1,0,1,0,14.0,127,1,31.87,1,96.0
18472,1,2,5,0,45.0,179,4,53.67,1,100.0
18473,0,3,4,0,,114,5,157.66,1,93.0
18474,1,3,5,2,29.0,56,1,160.77,1,39.0
18475,2,2,1,3,32.0,22,0,91.36,1,82.0
18476,0,0,4,2,33.0,39,0,173.24,0,18.0
18477,1,3,1,1,,141,1,46.77,1,98.0
18478,0,2,1,0,34.0,79,1,5.93,1,91.0
18479,0,1,0,3,32.0,17,1,,1,85.0
18480,3,0,5,1,44.0,163,3,62.78,1,98.0
18481,1,0,1,4,40.0,166,3,56.38,1,95.0
18482,1,3,5,1,26.0,103,0,59.86,1,90.0
18483,3,0,5,2,22.0,168,1,59.22,1,83.0
18484,3,3,4,2,25.0,0,3,202.04,0,12.0
18485,0,3,1,3,33.0,80,0,16.86,0,21.0
18486,0,2,1,1,21.0,91,0,40.34,1,94.0
18487,1,3,1,1,,169,2,14.98,1,95.0
18488,0,1,1,2,32.0,151,1,43.14,1,88.0
18489,1,4,5,2,8.0,116,0,86.64,1,68.0
18490,1,3,5,3,19.0,64,2,94.1,1,82.0
18491,2,0,5,0,5.0,17,1,98.02,0,14.000000000000002
18492,1,3,4,4,30.0,89,0,217.83,1,83.0
18493,0,6,2,2,44.0,13,0,137.04,0,36.0
18494,3,1,1,3,15.0,18,1,135.59,0,17.0
18495,1,0,4,0,20.0,81,2,143.13,1,77.0
18496,3,2,1,2,32.0,108,4,3.24,1,100.0
18497,3,4,5,0,23.0,6,4,78.04,0,26.0
18498,0,2,5,3,23.0,63,3,108.84,1,88.0
18499,1,1,2,0,39.0,1,1,120.1,0,20.0
18500,1,3,1,2,29.0,6,3,74.21,1,96.0
18501,0,2,5,2,,27,1,78.69,1,78.0
18502,1,0,4,0,13.0,91,0,67.14,0,30.0
18503,1,0,5,3,,80,3,125.04,1,96.0
18504,3,2,5,4,45.0,29,1,71.35,1,77.0
18505,1,1,1,3,29.0,84,1,8.47,1,96.0
18506,0,1,1,3,34.0,35,0,60.1,1,35.0
18507,1,3,4,1,29.0,115,2,156.0,0,33.0
18508,0,3,5,1,39.0,21,3,52.77,0,82.0
18509,3,0,5,0,25.0,78,3,62.87,1,92.0
18510,1,0,1,1,28.0,77,4,0.0,0,90.0
18511,1,3,1,1,38.0,154,2,36.31,1,99.0
18512,0,3,1,1,48.0,125,2,61.07,1,100.0
18513,0,3,1,0,,9,1,103.21,0,20.0
18514,0,2,1,1,46.0,21,2,0.0,1,92.0
18515,1,3,0,3,30.0,150,1,40.26,1,91.0
18516,1,2,5,3,27.0,51,2,69.41,1,91.0
18517,3,6,3,0,14.0,169,3,103.07,1,92.0
18518,3,3,1,0,34.0,168,3,32.55,1,99.0
18519,0,5,5,0,37.0,47,3,36.21,1,87.0
18520,2,5,4,2,30.0,68,2,143.52,0,20.0
18521,0,0,1,1,26.0,178,3,42.01,1,95.0
18522,0,7,2,0,46.0,0,1,149.23,1,80.0
18523,1,0,4,0,40.0,96,4,87.15,1,97.0
18524,0,3,1,0,47.0,70,1,16.28,1,90.0
18525,0,0,1,3,,151,2,57.44,1,87.0
18526,1,2,1,0,26.0,142,3,63.38,1,99.0
18527,0,3,5,3,,171,1,123.3,1,90.0
18528,0,1,1,3,33.0,80,5,26.19,1,99.0
18529,0,3,1,2,28.0,48,2,7.11,1,91.0
18530,0,0,3,4,,176,2,100.24,1,93.0
18531,3,0,1,2,33.0,94,0,23.7,1,95.0
18532,1,0,4,0,44.0,117,0,105.49,1,71.0
18533,0,0,1,1,32.0,97,0,,1,77.0
18534,0,0,4,0,41.0,73,3,184.31,0,20.0
18535,0,0,1,0,38.0,36,0,20.08,0,23.0
18536,1,1,1,0,25.0,73,1,0.0,1,97.0
18537,1,0,1,0,25.0,169,4,0.0,1,96.0
18538,2,1,4,0,29.0,127,1,175.92,1,88.0
18539,0,3,1,0,20.0,9,2,0.0,1,98.0
18540,2,2,5,2,28.0,101,3,82.08,1,88.0
18541,0,1,4,1,,52,1,178.62,0,64.0
18542,0,3,5,2,33.0,169,1,123.38,1,95.0
18543,2,2,1,1,26.0,135,0,31.21,1,97.0
18544,0,1,4,2,53.0,74,1,84.09,1,85.0
18545,1,1,4,2,24.0,83,1,181.76,1,78.0
18546,0,7,1,0,24.0,151,0,45.22,1,87.0
18547,2,0,5,2,,50,3,143.18,1,78.0
18548,1,1,4,1,40.0,70,1,220.72,0,24.0
18549,1,1,4,3,32.0,148,4,162.05,1,97.0
18550,1,3,1,1,42.0,107,2,0.0,1,96.0
18551,3,0,4,2,37.0,5,2,182.55,0,56.99999999999999
18552,1,2,1,3,22.0,30,2,68.97,1,81.0
18553,0,0,1,0,10.0,139,2,33.4,1,98.0
18554,0,0,1,3,28.0,100,2,22.3,1,97.0
18555,0,3,1,0,44.0,140,4,96.19,1,99.0
18556,0,0,3,4,29.0,48,0,49.97,0,13.0
18557,1,3,5,3,38.0,30,1,66.31,0,17.0
18558,0,2,1,3,35.0,8,0,47.87,0,22.0
18559,0,1,1,3,17.0,154,0,19.79,1,89.0
18560,2,1,1,0,29.0,115,2,42.39,1,96.0
18561,1,3,4,0,37.0,114,2,199.53,1,61.0
18562,2,3,4,1,26.0,50,3,113.41,1,73.0
18563,0,0,1,4,,71,3,8.68,1,90.0
18564,2,0,4,2,37.0,154,3,225.32,0,27.0
18565,0,1,1,0,34.0,127,2,39.8,1,88.0
18566,0,1,5,1,44.0,167,2,81.78,1,95.0
18567,3,1,4,3,37.0,61,1,141.4,1,85.0
18568,2,3,1,3,24.0,57,2,61.74,0,21.0
18569,0,2,5,3,29.0,142,0,50.97,1,96.0
18570,1,2,1,1,34.0,166,1,67.23,1,98.0
18571,1,3,1,3,,69,1,10.42,1,85.0
18572,1,0,5,3,29.0,7,5,50.36,1,93.0
18573,1,2,4,0,16.0,162,4,112.35,1,99.0
18574,1,0,1,0,38.0,62,2,26.98,0,31.0
18575,2,1,4,1,26.0,30,1,,1,73.0
18576,1,1,2,0,21.0,169,0,122.92,1,96.0
18577,0,0,1,2,34.0,87,0,1.96,0,36.0
18578,1,5,1,1,43.0,114,2,0.0,1,100.0
18579,1,3,5,2,28.0,40,4,69.59,1,91.0
18580,1,0,5,2,38.0,0,4,183.85,0,21.0
18581,1,0,1,1,40.0,73,3,0.0,1,96.0
18582,0,0,4,0,41.0,32,2,173.52,0,50.0
18583,2,2,3,0,26.0,107,1,100.72,1,93.0
18584,1,0,1,1,22.0,36,3,13.02,1,86.0
18585,0,4,5,2,24.0,123,2,90.64,1,86.0
18586,0,0,1,1,41.0,56,3,0.48,1,96.0
18587,2,2,1,1,40.0,10,3,2.22,1,92.0
18588,0,1,4,3,24.0,83,1,183.79,0,24.0
18589,0,2,4,3,55.0,46,1,61.71,1,88.0
18590,0,3,1,2,23.0,88,0,11.64,1,95.0
18591,2,4,5,0,43.0,122,4,98.08,1,100.0
18592,1,3,3,3,,131,3,75.08,1,99.0
18593,0,2,1,3,,82,3,76.1,1,92.0
18594,3,5,1,2,26.0,76,2,34.18,0,33.0
18595,0,1,5,4,26.0,139,0,92.9,0,27.0
18596,0,4,5,4,31.0,127,3,99.25,1,90.0
18597,0,1,1,0,44.0,65,2,0.0,0,27.0
18598,1,2,1,2,22.0,164,3,49.49,1,99.0
18599,0,2,0,4,,150,3,98.99,1,93.0
18600,0,1,1,2,37.0,54,-1,0.0,0,36.0
18601,0,0,5,3,,146,0,46.07,1,66.0
18602,0,0,1,3,53.0,66,2,45.53,1,88.0
18603,2,2,1,2,20.0,150,5,19.33,1,96.0
18604,1,5,4,0,32.0,3,0,156.27,0,7.000000000000001
18605,0,2,1,0,45.0,17,2,38.25,0,28.999999999999996
18606,0,2,1,1,35.0,11,1,0.0,1,82.0
18607,0,3,4,3,32.0,34,3,128.91,0,21.0
18608,1,2,5,1,41.0,154,2,96.12,1,89.0
18609,0,0,5,2,28.0,42,-1,62.12,1,65.0
18610,2,1,0,1,42.0,77,3,0.0,1,90.0
18611,0,1,1,2,21.0,94,1,9.47,1,94.0
18612,3,3,5,4,18.0,66,2,,1,89.0
18613,3,3,5,2,31.0,63,1,151.57,0,21.0
18614,1,0,1,4,8.0,92,2,15.63,1,94.0
18615,1,3,1,1,34.0,102,2,35.72,1,97.0
18616,3,2,4,3,16.0,51,0,114.97,0,18.0
18617,3,2,1,1,,16,0,0.0,1,65.0
18618,1,0,1,0,35.0,32,0,0.0,1,78.0
18619,1,1,1,0,33.0,71,3,23.69,1,95.0
18620,1,0,4,0,38.0,179,2,186.22,1,98.0
18621,3,7,4,3,36.0,162,2,,1,89.0
18622,1,1,5,4,31.0,147,4,81.58,1,99.0
18623,0,5,1,4,52.0,80,1,45.74,1,93.0
18624,2,1,1,2,37.0,44,0,0.0,0,31.0
18625,1,3,1,3,41.0,76,1,61.71,0,23.0
18626,0,2,5,0,44.0,67,1,50.85,1,97.0
18627,1,2,5,3,,49,4,110.36,0,28.000000000000004
18628,2,3,4,2,,157,0,183.83,1,55.00000000000001
18629,1,3,1,0,35.0,1,2,77.9,0,17.0
18630,0,0,3,4,33.0,120,4,95.46,1,96.0
18631,0,0,5,2,27.0,33,3,101.4,0,28.000000000000004
18632,1,6,1,2,31.0,179,1,80.46,0,78.0
18633,1,3,1,3,26.0,15,2,,1,65.0
18634,0,0,5,2,40.0,123,3,92.85,1,95.0
18635,1,3,4,1,24.0,170,1,159.67,1,92.0
18636,2,3,1,4,34.0,63,1,86.99,0,20.0
18637,2,2,4,0,39.0,154,3,,1,97.0
18638,0,2,5,1,35.0,64,1,122.97,0,27.0
18639,0,7,1,1,25.0,12,3,30.32,1,51.0
18640,0,1,1,4,40.0,39,1,3.78,1,86.0
18641,2,1,1,0,33.0,159,1,77.01,1,97.0
18642,0,3,1,3,5.0,66,4,17.57,1,91.0
18643,1,2,1,4,24.0,13,1,0.0,1,85.0
18644,1,1,1,1,48.0,119,1,0.0,1,99.0
18645,0,2,4,1,48.0,119,4,198.94,0,46.0
18646,0,1,5,2,39.0,57,1,97.96,0,15.0
18647,0,3,5,2,41.0,91,3,49.05,1,95.0
18648,1,0,1,0,26.0,45,1,36.96,0,22.0
18649,0,0,1,1,31.0,89,2,32.53,1,93.0
18650,1,2,1,2,46.0,125,3,60.77,1,98.0
18651,1,2,4,3,38.0,109,0,208.84,1,85.0
18652,0,1,1,1,34.0,114,4,0.0,1,100.0
18653,1,3,1,0,32.0,120,1,0.0,1,96.0
18654,0,1,5,0,45.0,32,3,128.84,1,92.0
18655,1,3,5,3,45.0,45,2,88.1,1,96.0
18656,0,3,4,2,40.0,81,1,179.75,0,21.0
18657,0,2,1,3,34.0,124,1,16.55,1,98.0
18658,1,0,1,2,30.0,53,0,16.85,0,55.00000000000001
18659,1,0,5,1,40.0,65,1,39.47,1,92.0
18660,2,2,5,0,22.0,131,5,124.96,1,97.0
18661,0,0,1,2,25.0,53,2,33.89,1,86.0
18662,0,2,1,3,19.0,113,4,60.81,1,100.0
18663,1,1,5,1,46.0,3,4,106.5,1,87.0
18664,0,7,4,2,26.0,144,1,142.78,1,97.0
18665,0,0,5,1,38.0,79,1,-10.0,1,83.0
18666,0,0,4,1,32.0,72,2,,1,72.0
18667,0,1,5,3,62.0,175,1,106.61,1,96.0
18668,1,5,1,3,38.0,176,0,0.0,1,80.0
18669,1,0,1,1,15.0,150,5,0.0,1,99.0
18670,2,0,5,1,45.0,26,2,18.83,1,93.0
18671,3,2,1,2,30.0,24,1,105.9,0,15.0
18672,1,2,5,3,31.0,92,0,64.5,1,95.0
18673,0,0,5,2,27.0,151,3,42.69,1,93.0
18674,1,2,4,0,35.0,79,2,220.0,1,85.0
18675,1,1,5,2,35.0,91,4,104.08,1,95.0
18676,1,7,1,1,27.0,19,1,0.0,1,87.0
18677,1,6,1,0,28.0,52,1,0.0,1,93.0
18678,0,3,0,2,35.0,82,1,33.63,1,96.0
18679,0,2,4,0,,73,4,136.76,0,28.000000000000004
18680,1,0,1,3,19.0,153,3,56.01,1,99.0
18681,1,2,4,2,50.0,129,4,207.72,1,98.0
18682,2,3,4,2,,2,2,194.45,1,77.0
18683,1,3,5,3,28.0,102,4,66.32,1,98.0
18684,0,0,1,4,,65,1,-10.0,1,84.0
18685,1,3,1,0,33.0,152,2,70.01,1,96.0
18686,0,0,0,3,43.0,108,0,,1,80.0
18687,1,0,1,0,60.0,14,2,22.94,1,66.0
18688,1,3,1,2,52.0,134,0,111.98,1,92.0
18689,1,1,1,2,25.0,127,2,0.0,1,97.0
18690,1,3,3,2,29.0,81,3,113.07,1,88.0
18691,0,3,1,2,19.0,70,0,31.94,0,27.0
18692,0,2,1,0,25.0,40,0,24.65,1,83.0
18693,1,7,5,2,31.0,125,2,83.62,1,83.0
18694,1,2,4,3,30.0,171,3,88.05,1,97.0
18695,0,2,5,3,54.0,122,2,110.29,1,81.0
18696,0,3,1,1,20.0,32,1,0.0,0,78.0
18697,3,0,5,3,33.0,150,1,87.76,1,93.0
18698,0,1,5,1,13.0,63,3,61.54,1,94.0
18699,0,3,4,3,37.0,133,1,146.76,1,91.0
18700,0,3,1,3,20.0,62,2,3.21,1,99.0
18701,3,0,4,2,45.0,125,1,148.46,0,33.0
18702,2,2,1,3,31.0,170,0,0.0,1,96.0
18703,1,0,4,2,,152,1,244.77,1,76.0
18704,1,0,1,2,12.0,7,3,20.06,1,54.0
18705,1,2,4,3,24.0,164,2,228.75,1,72.0
18706,0,3,4,0,36.0,92,3,144.61,1,91.0
18707,0,0,1,2,38.0,27,2,20.49,0,87.0
18708,0,0,4,3,29.0,52,0,120.68,0,9.0
18709,1,3,0,0,43.0,119,2,64.41,1,99.0
18710,0,3,1,3,22.0,123,4,0.0,1,97.0
18711,2,1,1,3,4.0,54,1,0.0,0,49.0
18712,1,0,4,0,36.0,163,2,161.62,1,98.0
18713,0,1,1,3,46.0,142,0,30.05,1,98.0
18714,0,2,3,2,46.0,53,2,55.69,1,87.0
18715,2,3,5,1,,60,2,100.42,1,83.0
18716,2,3,4,1,28.0,96,3,,0,32.0
18717,0,1,5,3,41.0,53,2,59.77,1,88.0
18718,0,0,1,1,27.0,28,2,0.0,0,28.999999999999996
18719,2,6,1,1,35.0,80,1,21.71,1,88.0
18720,0,0,1,1,26.0,108,3,85.28,1,88.0
18721,1,0,5,2,23.0,26,1,2.99,1,84.0
18722,0,1,1,2,,114,0,46.18,1,88.0
18723,1,0,1,1,43.0,139,1,12.51,0,90.0
18724,1,1,4,0,34.0,125,0,133.09,0,27.0
18725,2,3,1,0,46.0,22,2,61.71,1,83.0
18726,0,3,5,0,,49,3,3.81,0,34.0
18727,0,3,1,2,50.0,74,2,,1,88.0
18728,1,6,1,2,42.0,87,1,0.0,1,93.0
18729,1,6,1,2,41.0,154,4,0.0,1,100.0
18730,1,0,1,2,32.0,58,4,45.53,1,96.0
18731,1,1,2,1,64.0,8,2,157.95,0,14.000000000000002
18732,0,4,1,2,35.0,32,2,48.01,1,84.0
18733,1,3,0,1,14.0,69,1,53.49,0,24.0
18734,0,0,3,0,36.0,178,2,125.06,1,96.0
18735,1,0,3,1,,167,0,98.95,1,73.0
18736,3,0,5,0,44.0,5,2,66.95,1,42.0
18737,1,3,4,2,41.0,131,6,178.03,1,96.0
18738,1,1,5,0,32.0,2,2,73.38,0,76.0
18739,1,0,1,0,25.0,140,1,68.63,1,98.0
18740,0,3,4,4,35.0,25,4,199.46,1,97.0
18741,0,2,5,0,27.0,33,0,50.14,1,68.0
18742,0,1,1,3,41.0,46,1,0.0,1,88.0
18743,0,7,1,0,39.0,135,1,0.0,0,38.0
18744,1,0,1,2,63.0,75,1,84.29,0,21.0
18745,0,3,1,0,29.0,135,2,115.94,1,97.0
18746,0,1,1,3,30.0,146,0,0.0,1,97.0
18747,1,0,1,1,32.0,31,4,70.69,1,84.0
18748,1,2,4,0,32.0,20,2,128.83,1,90.0
18749,1,6,4,3,44.0,150,2,137.68,1,95.0
18750,1,2,5,2,,90,1,134.72,1,90.0
18751,0,3,4,2,53.0,88,1,174.96,1,56.99999999999999
18752,1,1,1,1,39.0,70,2,71.83,0,32.0
18753,1,6,4,2,29.0,41,3,144.0,0,65.0
18754,1,0,5,3,26.0,34,0,129.7,0,16.0
18755,3,0,1,0,44.0,129,0,19.27,1,94.0
18756,2,0,1,3,34.0,105,5,31.31,1,91.0
18757,1,3,1,4,34.0,75,0,52.6,1,65.0
18758,1,1,1,0,28.0,51,0,15.34,0,28.000000000000004
18759,1,1,1,3,33.0,16,2,110.88,1,85.0
18760,0,2,1,1,,85,0,0.0,1,87.0
18761,1,1,1,1,47.0,8,3,59.17,0,19.0
18762,0,0,1,0,41.0,179,0,11.79,1,100.0
18763,0,0,4,0,32.0,2,3,192.88,0,15.0
18764,2,3,1,2,32.0,21,3,37.54,1,90.0
18765,1,0,1,4,,35,2,62.62,1,86.0
18766,2,1,3,4,33.0,166,3,48.21,1,95.0
18767,0,0,4,2,24.0,17,1,162.34,0,19.0
18768,1,2,0,4,14.0,80,2,18.51,1,89.0
18769,1,3,4,2,26.0,26,1,131.66,0,30.0
18770,1,3,0,3,32.0,117,1,15.07,1,98.0
18771,1,1,1,1,26.0,95,3,17.78,1,65.0
18772,1,0,1,0,42.0,140,3,33.29,1,95.0
18773,0,0,5,0,,16,1,69.36,1,90.0
18774,0,1,1,0,52.0,60,1,0.0,1,91.0
18775,3,5,3,4,28.0,145,2,119.97,1,80.0
18776,1,2,1,1,35.0,16,2,25.45,1,72.0
18777,3,1,5,2,31.0,47,2,69.14,1,72.0
18778,1,0,1,2,38.0,15,3,24.17,1,81.0
18779,0,2,1,1,44.0,152,2,33.52,1,100.0
18780,1,3,5,2,40.0,26,4,22.87,1,89.0
18781,1,0,3,0,13.0,13,3,0.0,0,25.0
18782,2,7,1,1,38.0,91,1,95.72,1,88.0
18783,1,3,4,3,23.0,110,1,154.49,0,24.0
18784,0,3,5,1,30.0,115,1,89.88,1,89.0
18785,0,0,1,0,,116,1,66.08,1,98.0
18786,0,3,4,1,22.0,49,1,123.46,1,84.0
18787,0,0,5,3,,28,3,41.42,1,71.0
18788,0,3,1,3,30.0,27,2,44.56,1,90.0
18789,1,1,1,1,55.0,148,1,43.66,1,89.0
18790,0,1,3,1,,151,2,74.6,1,95.0
18791,2,0,1,4,51.0,45,4,34.17,1,79.0
18792,1,3,1,2,45.0,59,3,53.08,1,82.0
18793,1,3,1,0,,98,2,0.0,1,96.0
18794,0,3,5,2,20.0,147,0,67.72,1,86.0
18795,0,1,0,0,35.0,51,4,25.89,1,96.0
18796,0,3,4,0,28.0,149,1,65.71,1,95.0
18797,1,3,1,1,49.0,67,1,13.97,1,96.0
18798,0,4,1,2,31.0,143,5,,1,98.0
18799,1,3,5,3,,148,1,18.35,1,84.0
18800,0,1,5,3,20.0,171,1,171.82,1,88.0
18801,0,3,1,1,38.0,61,2,26.63,1,95.0
18802,1,1,1,3,22.0,148,2,111.42,1,91.0
18803,0,1,1,3,38.0,103,0,0.0,1,93.0
18804,3,2,5,4,39.0,138,2,40.4,1,94.0
18805,0,1,1,3,26.0,119,1,0.0,0,34.0
18806,2,2,5,1,,36,0,107.98,0,22.0
18807,0,2,3,0,31.0,171,1,105.66,1,86.0
18808,0,3,1,2,19.0,123,3,52.36,1,99.0
18809,1,2,1,3,49.0,21,0,0.0,1,91.0
18810,1,0,1,1,24.0,170,0,92.68,1,95.0
18811,1,5,1,3,39.0,20,0,95.61,1,95.0
18812,0,0,5,2,38.0,160,2,140.01,1,91.0
18813,2,2,5,3,37.0,144,4,,1,97.0
18814,1,3,3,0,37.0,35,3,146.39,0,13.0
18815,0,1,1,1,24.0,141,3,63.0,1,91.0
18816,0,4,4,2,50.0,164,1,153.39,1,95.0
18817,0,3,1,0,43.0,158,3,0.0,1,100.0
18818,1,2,1,3,38.0,131,4,25.52,1,99.0
18819,0,3,5,3,20.0,133,3,133.88,1,96.0
18820,1,0,4,3,24.0,177,0,185.52,1,85.0
18821,1,3,1,2,40.0,84,2,4.59,1,93.0
18822,3,0,5,1,13.0,37,0,86.76,1,52.0
18823,1,3,4,2,37.0,78,0,111.77,0,13.0
18824,1,1,5,0,20.0,132,1,86.48,1,94.0
18825,2,3,1,1,25.0,165,0,0.0,1,97.0
18826,1,1,4,2,19.0,23,2,137.43,0,56.00000000000001
18827,0,0,5,3,36.0,17,4,141.2,1,82.0
18828,1,1,5,0,45.0,92,4,161.36,1,96.0
18829,1,3,5,3,,159,2,69.98,1,100.0
18830,1,5,4,2,38.0,70,5,184.36,1,78.0
18831,1,0,1,4,35.0,101,1,167.83,0,62.0
18832,0,3,1,1,40.0,89,2,117.39,1,90.0
18833,0,1,1,1,,71,1,14.38,1,93.0
18834,0,1,1,2,6.0,88,2,0.0,1,81.0
18835,3,2,1,2,43.0,157,3,30.35,1,98.0
18836,1,1,5,1,42.0,87,3,175.84,1,80.0
18837,0,2,1,1,30.0,157,3,0.0,1,96.0
18838,0,0,3,2,14.0,132,0,3.3,1,93.0
18839,3,2,4,1,36.0,3,2,185.97,1,80.0
18840,1,0,1,0,37.0,178,1,38.83,1,100.0
18841,0,1,4,2,29.0,136,3,169.07,1,98.0
18842,2,1,1,0,35.0,54,2,29.06,1,90.0
18843,1,2,4,3,44.0,32,3,154.56,1,93.0
18844,2,0,4,0,,114,2,111.24,1,91.0
18845,1,1,1,2,35.0,92,0,47.99,1,92.0
18846,0,2,1,3,37.0,30,1,31.53,1,90.0
18847,3,2,1,1,25.0,107,2,116.19,1,92.0
18848,0,2,2,4,,82,0,149.31,1,91.0
18849,0,1,4,0,32.0,65,2,165.53,1,56.00000000000001
18850,1,0,1,4,45.0,147,1,0.0,0,27.0
18851,3,1,5,1,42.0,113,1,37.8,0,41.0
18852,0,3,1,2,53.0,84,4,57.33,1,89.0
18853,1,3,1,1,19.0,35,1,114.71,1,77.0
18854,0,1,4,2,20.0,83,2,171.73,1,56.99999999999999
18855,0,0,0,1,45.0,107,2,19.11,1,85.0
18856,1,2,4,3,48.0,19,2,89.45,0,25.0
18857,1,3,4,2,34.0,172,0,166.52,1,82.0
18858,1,3,4,3,-10.0,99,1,,1,82.0
18859,0,1,1,2,26.0,45,0,3.74,0,21.0
18860,0,3,1,2,37.0,116,4,3.84,1,100.0
18861,0,3,0,2,25.0,17,1,0.0,1,89.0
18862,2,6,5,0,35.0,96,3,124.36,1,80.0
18863,2,2,5,2,52.0,145,0,86.47,1,94.0
18864,0,0,1,1,48.0,33,2,15.56,1,83.0
18865,1,3,5,0,42.0,78,1,112.9,0,16.0
18866,0,0,1,1,33.0,130,0,2.08,1,94.0
18867,0,0,1,1,29.0,71,1,0.0,0,28.999999999999996
18868,0,2,1,1,41.0,138,1,40.44,1,99.0
18869,0,6,1,1,34.0,173,3,21.34,1,96.0
18870,1,1,0,4,34.0,169,3,32.73,1,97.0
18871,3,2,1,3,18.0,16,1,89.06,1,63.0
18872,1,4,2,0,26.0,46,1,184.22,0,67.0
18873,0,3,3,1,41.0,29,0,37.6,0,23.0
18874,1,0,1,4,22.0,170,3,27.28,1,100.0
18875,3,0,5,3,36.0,135,3,68.74,1,88.0
18876,1,0,5,1,38.0,39,0,71.09,0,15.0
18877,1,2,1,2,38.0,147,4,0.0,1,100.0
18878,1,0,5,1,39.0,75,3,70.68,1,89.0
18879,1,5,5,3,40.0,84,3,54.7,1,97.0
18880,1,3,5,1,27.0,155,0,68.28,1,100.0
18881,0,2,5,3,19.0,27,2,85.63,0,25.0
18882,0,0,5,1,25.0,58,0,71.64,1,80.0
18883,1,1,1,3,41.0,79,4,0.0,1,98.0
18884,1,3,4,1,21.0,73,1,138.74,1,92.0
18885,2,0,1,2,23.0,6,3,5.48,0,31.0
18886,0,3,4,2,23.0,67,2,186.02,0,50.0
18887,0,2,1,3,15.0,23,1,42.89,1,89.0
18888,0,2,1,2,22.0,97,2,57.65,1,88.0
18889,1,1,5,2,44.0,40,0,95.27,0,25.0
18890,1,2,1,0,26.0,53,2,33.64,1,94.0
18891,1,1,4,1,,13,2,158.46,1,74.0
18892,2,0,1,1,28.0,171,1,74.71,1,99.0
18893,3,3,5,2,39.0,48,1,142.51,1,84.0
18894,0,2,1,2,15.0,62,1,46.08,0,27.0
18895,1,3,1,3,43.0,44,1,52.99,0,17.0
18896,1,7,1,1,19.0,71,4,0.0,1,97.0
18897,1,0,5,0,30.0,105,2,73.41,1,88.0
18898,0,0,5,0,29.0,6,0,78.88,1,77.0
18899,1,2,5,2,,2,2,64.26,1,95.0
18900,3,0,4,3,33.0,87,2,230.82,1,81.0
18901,1,3,5,3,41.0,174,1,94.08,1,97.0
18902,3,1,4,1,33.0,29,1,152.86,0,14.000000000000002
18903,0,1,1,2,27.0,4,5,0.0,1,96.0
18904,0,1,1,2,38.0,103,2,57.86,1,89.0
18905,0,2,1,3,36.0,112,2,50.29,1,100.0
18906,0,0,1,0,27.0,6,3,1.82,1,94.0
18907,0,0,5,0,34.0,166,3,64.38,1,97.0
18908,0,0,3,1,26.0,129,2,61.43,1,86.0
18909,0,0,5,2,25.0,170,2,95.39,1,98.0
18910,3,3,3,2,42.0,139,3,68.57,1,95.0
18911,0,1,4,0,38.0,27,1,116.32,1,41.0
18912,0,3,2,2,,107,2,235.67,0,23.0
18913,2,2,1,2,40.0,146,2,38.65,1,98.0
18914,1,1,1,3,25.0,27,0,0.0,1,88.0
18915,1,1,1,1,44.0,98,0,0.0,1,89.0
18916,0,7,1,1,31.0,75,1,59.39,0,27.0
18917,0,2,5,1,43.0,91,1,42.8,0,76.0
18918,2,2,5,3,32.0,146,3,58.3,1,97.0
18919,0,1,1,4,37.0,63,0,0.0,1,85.0
18920,0,0,5,1,37.0,90,2,56.32,1,91.0
18921,0,2,5,0,42.0,116,1,114.12,1,67.0
18922,1,3,1,0,17.0,136,5,29.09,1,92.0
18923,0,2,1,1,,168,3,,1,98.0
18924,2,1,4,3,40.0,49,1,95.21,0,52.0
18925,1,0,5,3,37.0,9,3,37.09,1,91.0
18926,0,2,1,3,26.0,81,3,9.73,1,95.0
18927,0,1,1,2,37.0,9,1,30.72,1,83.0
18928,1,2,0,2,19.0,134,0,48.61,1,62.0
18929,1,0,1,3,66.0,103,1,0.0,1,86.0
18930,3,3,4,0,47.0,159,4,175.44,1,87.0
18931,1,1,1,4,40.0,53,3,41.08,1,94.0
18932,1,1,1,3,34.0,69,2,39.09,1,81.0
18933,1,0,1,2,27.0,33,2,,1,88.0
18934,0,1,5,2,20.0,42,1,89.1,1,79.0
18935,0,0,1,2,32.0,125,2,15.35,1,99.0
18936,0,1,1,2,,132,1,21.31,1,98.0
18937,1,0,5,3,25.0,146,1,155.01,1,87.0
18938,2,2,1,2,19.0,112,0,,1,96.0
18939,1,2,1,1,36.0,113,1,108.95,0,24.0
18940,1,2,1,3,30.0,53,3,0.0,1,97.0
18941,0,1,5,3,39.0,141,1,72.35,1,81.0
18942,1,0,4,3,38.0,137,0,181.53,1,78.0
18943,2,0,1,2,36.0,48,0,0.0,1,77.0
18944,3,3,0,3,60.0,10,2,41.01,0,16.0
18945,1,2,1,0,42.0,158,2,0.13,1,100.0
18946,2,3,5,1,21.0,137,5,94.37,1,97.0
18947,0,6,5,0,38.0,20,2,78.44,1,84.0
18948,3,3,5,1,33.0,128,1,78.15,1,97.0
18949,1,2,5,1,20.0,45,2,144.52,0,76.0
18950,0,0,4,2,19.0,106,0,200.44,0,15.0
18951,1,2,4,1,38.0,73,1,135.88,1,86.0
18952,2,1,5,1,40.0,19,0,110.56,1,74.0
18953,1,2,1,0,23.0,20,0,36.62,1,90.0
18954,0,6,1,1,43.0,164,0,0.0,1,78.0
18955,1,0,5,3,36.0,141,1,70.67,0,35.0
18956,1,1,5,3,45.0,56,2,120.46,1,62.0
18957,0,0,5,1,44.0,56,1,48.0,0,72.0
18958,2,3,1,3,32.0,68,2,14.67,1,93.0
18959,0,3,5,2,50.0,151,4,120.26,1,98.0
18960,2,1,1,3,22.0,150,2,69.32,0,35.0
18961,1,7,5,2,57.0,46,0,91.54,0,49.0
18962,0,1,1,1,25.0,165,2,0.56,1,100.0
18963,0,2,1,2,33.0,179,1,50.03,1,100.0
18964,1,3,1,2,28.0,140,0,0.0,1,97.0
18965,0,2,4,1,30.0,7,1,,0,16.0
18966,0,0,1,1,63.0,101,2,83.35,1,90.0
18967,0,3,1,2,29.0,159,3,80.25,1,97.0
18968,0,0,0,0,42.0,144,2,,1,97.0
18969,0,0,5,1,31.0,4,3,31.63,1,91.0
18970,1,1,1,1,43.0,71,1,0.0,1,76.0
18971,1,0,4,0,28.0,122,1,132.62,1,94.0
18972,0,1,5,3,36.0,124,4,91.5,1,94.0
18973,1,1,1,0,,177,2,0.0,1,93.0
18974,1,1,5,3,26.0,93,0,70.23,0,83.0
18975,0,1,1,0,61.0,139,1,16.12,1,94.0
18976,0,1,4,2,,171,2,191.11,1,84.0
18977,1,2,1,1,31.0,67,3,0.0,1,98.0
18978,0,1,4,0,27.0,137,0,157.3,1,92.0
18979,0,3,5,1,34.0,47,2,170.79,1,81.0
18980,1,1,2,3,21.0,155,5,157.11,1,85.0
18981,0,2,1,2,51.0,4,5,25.22,0,80.0
18982,0,3,1,1,38.0,43,5,17.02,1,100.0
18983,0,3,5,0,33.0,158,0,87.38,1,85.0
18984,0,2,5,0,44.0,15,1,85.27,1,76.0
18985,1,3,1,2,26.0,122,2,45.1,1,97.0
18986,0,2,1,3,22.0,22,2,90.08,0,26.0
18987,1,0,1,4,32.0,92,2,11.7,1,97.0
18988,3,0,5,2,,110,1,69.18,1,97.0
18989,2,5,0,1,39.0,20,0,93.39,1,94.0
18990,0,1,1,3,19.0,129,3,10.39,1,98.0
18991,1,1,1,2,29.0,22,2,20.14,1,72.0
18992,1,1,1,1,3.0,138,1,32.58,1,95.0
18993,1,6,1,1,22.0,117,1,9.5,1,95.0
18994,0,0,4,3,41.0,122,2,167.54,1,93.0
18995,1,2,1,3,43.0,129,2,0.0,1,98.0
18996,0,3,4,1,,81,2,87.51,1,95.0
18997,1,3,1,3,30.0,140,2,0.0,1,100.0
18998,3,3,1,1,34.0,44,1,76.47,0,22.0
18999,1,3,1,3,44.0,71,1,110.91,0,19.0
19000,3,3,5,3,49.0,137,3,20.12,1,99.0
19001,3,0,5,3,35.0,90,2,88.59,0,30.0
19002,0,2,1,0,31.0,80,4,58.55,1,94.0
19003,0,3,1,3,,20,5,0.0,1,95.0
19004,0,1,4,0,35.0,0,0,183.93,0,11.0
19005,0,0,4,1,54.0,143,2,185.38,1,95.0
19006,1,1,1,2,,170,2,33.58,1,95.0
19007,1,0,5,2,35.0,133,2,121.72,1,88.0
19008,0,0,1,2,37.0,75,1,26.98,1,88.0
19009,0,1,1,1,27.0,111,3,74.0,1,94.0
19010,0,1,1,3,30.0,10,0,40.92,0,17.0
19011,1,3,1,0,35.0,95,1,-10.0,0,37.0
19012,1,1,2,1,35.0,176,0,225.03,0,22.0
19013,1,2,1,2,,19,2,16.02,1,85.0
19014,1,0,5,2,43.0,20,2,59.29,1,86.0
19015,1,0,4,2,39.0,35,0,165.22,0,13.0
19016,1,3,1,4,24.0,37,4,0.0,1,81.0
19017,1,0,1,0,24.0,55,2,0.0,1,97.0
19018,2,1,5,2,25.0,90,0,16.11,1,92.0
19019,1,0,1,0,36.0,10,2,63.82,1,79.0
19020,0,0,1,2,,17,3,6.86,1,95.0
19021,1,1,1,1,33.0,80,0,0.0,1,72.0
19022,2,1,1,0,48.0,97,3,7.33,1,97.0
19023,0,4,4,0,,44,1,124.39,1,87.0
19024,1,2,3,1,30.0,153,3,41.32,1,99.0
19025,0,1,1,2,27.0,125,1,12.41,0,98.0
19026,1,2,5,2,42.0,58,0,128.38,1,78.0
19027,0,2,4,3,37.0,133,0,177.74,1,95.0
19028,1,3,1,3,,42,2,18.32,1,89.0
19029,3,2,1,0,28.0,93,2,42.45,1,88.0
19030,0,3,4,3,34.0,179,3,,1,99.0
19031,1,2,4,1,30.0,102,1,175.37,1,83.0
19032,0,3,1,4,41.0,16,2,45.11,1,79.0
19033,1,1,1,1,46.0,76,4,16.69,1,98.0
19034,2,0,1,4,20.0,116,0,105.44,0,19.0
19035,0,0,1,1,21.0,45,1,23.82,0,17.0
19036,0,3,5,0,47.0,168,3,101.04,1,97.0
19037,1,1,1,0,35.0,140,1,4.08,1,96.0
19038,2,3,1,1,22.0,133,2,57.72,1,94.0
19039,0,3,1,4,43.0,160,1,71.13,1,97.0
19040,1,5,2,0,37.0,131,3,178.89,0,38.0
19041,1,2,1,1,56.0,177,1,68.29,1,97.0
19042,1,2,1,3,31.0,47,2,71.13,1,81.0
19043,3,5,4,0,,98,4,,1,94.0
19044,1,3,5,4,19.0,26,2,81.8,1,86.0
19045,0,0,1,0,47.0,5,2,54.28,1,86.0
19046,1,7,1,1,43.0,57,2,18.84,1,92.0
19047,1,6,0,1,50.0,0,2,33.93,1,57.99999999999999
19048,0,1,5,0,45.0,27,1,66.83,0,21.0
19049,3,1,0,0,33.0,28,4,,1,93.0
19050,0,1,1,2,22.0,95,2,59.09,0,28.000000000000004
19051,2,6,1,2,27.0,155,2,0.75,1,98.0
19052,0,3,1,0,16.0,90,0,54.15,1,91.0
19053,1,1,5,1,,67,4,120.11,0,28.000000000000004
19054,1,0,1,0,38.0,40,0,22.36,0,16.0
19055,0,1,1,3,33.0,105,2,76.72,1,92.0
19056,3,3,4,3,31.0,115,3,144.86,1,96.0
19057,2,2,5,1,26.0,159,0,69.37,1,94.0
19058,1,0,1,0,16.0,122,3,14.99,1,99.0
19059,1,0,5,0,35.0,149,4,74.24,1,97.0
19060,1,1,1,3,37.0,120,2,18.55,1,98.0
19061,3,3,5,0,,56,6,77.33,1,82.0
19062,2,1,5,1,28.0,21,1,186.6,0,18.0
19063,0,0,5,1,,65,1,49.2,1,92.0
19064,1,5,5,2,45.0,168,4,135.91,1,100.0
19065,0,3,0,1,,42,0,25.46,1,86.0
19066,0,2,5,0,33.0,33,1,71.44,0,62.0
19067,1,0,1,0,,113,3,55.69,1,100.0
19068,0,3,1,3,31.0,1,2,52.38,1,92.0
19069,1,1,4,3,,58,2,131.43,1,90.0
19070,1,0,5,1,44.0,35,2,148.55,1,86.0
19071,2,5,2,2,43.0,7,0,118.68,1,39.0
19072,0,1,1,0,,160,1,42.78,1,96.0
19073,0,2,0,2,31.0,32,1,0.0,1,86.0
19074,0,1,1,0,40.0,17,1,,1,87.0
19075,1,1,5,1,48.0,63,1,126.18,1,80.0
19076,0,3,1,1,33.0,60,2,22.47,1,93.0
19077,0,1,1,3,29.0,82,1,58.2,1,94.0
19078,0,2,1,2,46.0,9,2,0.71,1,83.0
19079,0,1,5,3,54.0,177,3,17.13,1,99.0
19080,1,1,1,1,55.0,105,3,51.68,0,36.0
19081,1,1,4,2,30.0,21,6,179.09,1,95.0
19082,0,0,1,0,,38,2,11.14,1,96.0
19083,1,2,0,3,23.0,101,0,47.13,0,37.0
19084,0,0,1,1,35.0,64,1,14.73,1,86.0
19085,1,2,4,0,23.0,29,3,220.61,0,26.0
19086,1,2,1,1,28.0,132,1,76.27,1,96.0
19087,1,3,1,0,41.0,110,1,9.65,1,95.0
19088,3,0,5,3,37.0,25,1,82.26,1,86.0
19089,1,2,1,0,15.0,119,0,100.09,1,91.0
19090,0,2,5,2,49.0,62,1,102.94,0,56.99999999999999
19091,0,3,1,0,23.0,173,2,41.04,1,97.0
19092,1,0,1,1,24.0,30,1,54.91,0,21.0
19093,0,1,1,0,,168,4,88.91,1,98.0
19094,0,3,1,3,27.0,139,3,6.33,0,37.0
19095,0,2,5,4,25.0,16,3,124.15,0,19.0
19096,2,0,5,1,25.0,145,1,85.88,1,95.0
19097,1,6,5,1,9.0,112,1,123.95,1,71.0
19098,1,3,4,1,35.0,91,4,,1,92.0
19099,3,3,1,2,,38,4,70.89,1,91.0
19100,1,0,1,1,56.0,73,1,,1,84.0
19101,0,3,5,1,38.0,110,4,21.62,1,98.0
19102,0,3,5,1,29.0,160,3,106.33,1,88.0
19103,1,1,1,3,21.0,135,2,67.36,1,90.0
19104,0,2,5,3,33.0,90,0,92.81,1,86.0
19105,1,5,1,1,38.0,25,2,,0,18.0
19106,1,1,5,2,28.0,75,1,73.14,1,97.0
19107,1,0,4,0,34.0,34,0,211.9,0,6.0
19108,2,3,5,2,52.0,56,2,47.29,1,94.0
19109,1,2,1,1,30.0,20,0,37.74,0,28.999999999999996
19110,0,2,5,1,15.0,164,1,127.6,1,97.0
19111,3,2,5,4,42.0,123,1,140.84,1,86.0
19112,0,3,1,1,37.0,132,2,5.0,1,100.0
19113,0,2,1,0,16.0,16,1,0.0,0,19.0
19114,0,6,2,3,,125,2,162.77,1,89.0
19115,1,3,0,0,24.0,97,1,63.01,1,97.0
19116,0,0,1,0,38.0,96,1,0.0,1,87.0
19117,0,6,1,0,53.0,81,0,62.25,1,87.0
19118,3,3,5,2,32.0,24,0,179.61,0,20.0
19119,3,1,2,2,44.0,104,4,94.86,0,92.0
19120,2,3,5,4,21.0,60,3,0.0,1,76.0
19121,2,1,1,2,18.0,93,2,0.0,1,95.0
19122,0,3,5,1,54.0,36,2,145.4,0,60.0
19123,0,2,5,3,37.0,108,3,63.62,1,99.0
19124,2,0,5,2,40.0,140,1,55.82,1,93.0
19125,1,0,1,2,,120,0,4.23,1,96.0
19126,3,2,5,0,28.0,39,3,104.65,1,92.0
19127,0,1,1,3,42.0,169,2,76.3,1,97.0
19128,0,3,1,1,40.0,83,0,76.56,1,83.0
19129,0,2,5,1,21.0,69,4,124.51,0,24.0
19130,3,3,4,3,49.0,152,0,152.69,1,93.0
19131,1,2,0,4,,169,1,27.41,1,97.0
19132,0,2,4,3,21.0,137,1,118.11,1,86.0
19133,0,3,1,0,36.0,94,3,87.0,1,94.0
19134,1,0,5,4,,42,0,107.39,1,74.0
19135,0,0,1,1,,127,2,34.48,1,98.0
19136,0,1,1,3,19.0,88,2,0.0,1,97.0
19137,0,3,5,1,70.0,155,1,0.0,1,91.0
19138,1,1,5,4,32.0,151,1,36.09,1,95.0
19139,0,2,5,0,41.0,98,0,105.91,0,26.0
19140,0,1,5,4,47.0,40,2,57.73,1,87.0
19141,0,2,5,4,32.0,60,0,145.13,1,81.0
19142,1,7,2,1,32.0,123,3,,1,99.0
19143,3,3,1,3,28.0,132,0,29.45,1,97.0
19144,0,3,1,0,25.0,96,2,42.03,1,85.0
19145,0,7,1,0,36.0,138,1,0.0,1,65.0
19146,0,1,1,1,32.0,7,1,69.05,0,38.0
19147,1,2,5,1,28.0,148,2,72.58,1,91.0
19148,0,0,1,3,29.0,4,2,0.0,1,72.0
19149,0,3,1,0,39.0,33,0,15.67,1,86.0
19150,0,3,1,2,26.0,8,0,72.84,0,17.0
19151,0,2,5,1,,37,4,45.91,0,31.0
19152,0,0,0,2,42.0,42,4,0.0,1,95.0
19153,1,3,1,2,36.0,95,2,0.0,1,87.0
19154,0,0,5,0,23.0,137,2,68.79,0,18.0
19155,1,3,5,2,33.0,11,3,116.56,1,81.0
19156,1,1,1,1,38.0,98,5,43.41,1,100.0
19157,3,1,5,1,43.0,145,1,,1,86.0
19158,0,0,0,3,26.0,139,0,3.2,1,93.0
19159,0,2,4,0,28.0,30,0,186.38,0,36.0
19160,0,2,1,0,27.0,10,2,0.0,1,75.0
19161,3,1,2,2,27.0,97,0,142.11,0,67.0
19162,0,2,4,1,38.0,26,1,96.7,1,60.0
19163,0,2,5,1,39.0,20,1,80.03,1,93.0
19164,1,2,1,3,44.0,127,2,39.16,1,99.0
19165,3,0,5,2,33.0,12,1,154.07,1,78.0
19166,2,0,1,1,19.0,44,0,33.12,1,79.0
19167,2,2,4,0,40.0,174,3,171.32,1,97.0
19168,1,1,5,3,35.0,24,2,91.63,1,71.0
19169,1,2,2,0,34.0,76,0,140.78,1,90.0
19170,1,3,5,3,21.0,63,3,88.82,1,82.0
19171,1,1,5,0,32.0,98,1,154.71,0,18.0
19172,2,0,5,2,22.0,155,2,69.77,1,92.0
19173,1,7,1,1,38.0,147,1,0.0,1,93.0
19174,1,2,1,0,29.0,168,1,50.69,1,96.0
19175,1,2,5,2,28.0,3,2,36.56,1,97.0
19176,1,5,4,0,18.0,83,2,195.43,0,31.0
19177,1,5,5,2,44.0,23,4,32.75,1,80.0
19178,0,2,4,3,31.0,144,1,229.02,0,35.0
19179,0,2,4,2,34.0,132,4,170.53,1,99.0
19180,1,1,5,0,26.0,56,1,64.26,1,90.0
19181,0,3,1,1,,153,0,51.93,1,94.0
19182,0,0,5,3,28.0,99,3,104.51,1,89.0
19183,1,1,1,3,30.0,144,0,47.74,1,89.0
19184,0,3,1,2,36.0,7,3,29.63,1,81.0
19185,0,6,1,0,30.0,9,2,19.01,1,91.0
19186,0,0,4,2,26.0,177,3,215.03,1,90.0
19187,0,3,1,3,18.0,123,4,19.57,1,99.0
19188,1,0,5,1,,13,4,67.99,1,89.0
19189,3,0,4,4,26.0,90,2,176.96,1,89.0
19190,2,0,5,0,47.0,26,2,97.16,0,56.00000000000001
19191,3,3,5,2,35.0,4,5,41.19,0,30.0
19192,1,3,5,2,39.0,78,2,148.49,1,85.0
19193,3,2,1,2,31.0,155,2,0.0,1,99.0
19194,2,0,1,1,36.0,132,3,0.0,1,99.0
19195,2,1,4,0,25.0,85,3,231.24,0,73.0
19196,1,5,1,0,22.0,139,1,27.31,1,97.0
19197,0,5,5,3,,7,3,93.97,1,87.0
19198,3,3,5,3,39.0,58,1,62.09,1,84.0
19199,0,2,0,2,,59,4,18.18,1,98.0
19200,0,7,4,3,29.0,79,1,204.1,0,23.0
19201,3,0,3,0,52.0,54,2,109.12,1,88.0
19202,0,1,1,2,38.0,93,2,51.22,0,23.0
19203,0,3,4,3,49.0,170,1,112.38,1,96.0
19204,0,1,5,1,27.0,40,2,77.14,1,86.0
19205,3,3,1,4,29.0,9,1,57.63,1,90.0
19206,1,1,3,1,43.0,115,3,7.06,1,99.0
19207,0,0,1,3,,83,1,0.0,1,96.0
19208,0,5,5,4,33.0,106,1,115.74,1,88.0
19209,0,0,1,3,21.0,6,0,0.0,0,22.0
19210,0,0,5,1,45.0,20,1,59.83,1,78.0
19211,3,3,5,4,59.0,74,1,126.56,1,77.0
19212,3,3,2,3,18.0,100,2,179.67,1,85.0
19213,1,3,3,2,,43,4,114.88,1,95.0
19214,0,0,1,1,29.0,87,0,48.76,0,28.000000000000004
19215,1,2,4,4,30.0,36,1,179.44,1,78.0
19216,1,2,5,3,36.0,171,3,88.12,1,100.0
19217,0,0,5,1,21.0,64,3,33.86,1,92.0
19218,3,0,1,3,33.0,113,1,14.58,1,93.0
19219,2,7,4,4,17.0,5,5,150.47,1,85.0
19220,1,3,2,2,38.0,37,3,98.25,0,15.0
19221,1,3,5,3,56.0,170,2,62.72,1,94.0
19222,0,2,4,3,27.0,56,4,145.25,1,71.0
19223,0,2,1,3,32.0,69,1,87.19,1,59.0
19224,1,0,4,0,32.0,64,0,87.31,1,82.0
19225,2,2,1,3,43.0,111,2,33.68,1,90.0
19226,3,3,1,0,38.0,34,1,44.29,1,85.0
19227,0,7,5,3,43.0,23,2,113.67,0,13.0
19228,2,3,5,2,28.0,37,1,128.1,1,86.0
19229,1,3,1,2,38.0,2,2,0.0,1,83.0
19230,0,3,1,1,0.0,178,1,12.17,1,96.0
19231,0,1,1,3,40.0,167,4,55.85,1,100.0
19232,1,0,1,2,21.0,53,2,15.05,0,26.0
19233,3,0,1,2,30.0,65,1,36.29,1,82.0
19234,0,2,1,3,41.0,114,1,76.1,1,93.0
19235,0,3,1,1,18.0,59,2,67.7,1,91.0
19236,1,1,4,4,44.0,14,2,181.12,0,15.0
19237,1,3,5,2,32.0,173,1,133.66,1,95.0
19238,1,3,1,2,48.0,109,3,0.0,1,96.0
19239,0,2,4,0,24.0,3,3,150.78,0,11.0
19240,0,1,5,2,15.0,23,2,87.54,1,89.0
19241,1,1,1,0,33.0,82,2,0.0,1,74.0
19242,0,4,1,0,39.0,93,2,81.31,1,92.0
19243,0,3,1,1,40.0,102,1,53.74,1,96.0
19244,0,5,1,0,,39,1,47.61,1,89.0
19245,0,4,1,0,17.0,26,2,0.0,1,83.0
19246,3,1,5,0,30.0,179,0,39.45,1,88.0
19247,0,3,5,0,39.0,36,1,41.68,1,82.0
19248,0,0,5,4,38.0,0,0,0.0,0,54.0
19249,1,1,1,0,49.0,136,2,34.95,1,97.0
19250,1,2,5,2,30.0,145,1,0.0,1,89.0
19251,1,1,5,3,15.0,122,2,75.62,1,94.0
19252,0,3,4,3,,38,1,216.12,1,78.0
19253,1,2,1,0,35.0,29,3,37.62,1,93.0
19254,1,1,4,1,36.0,19,0,132.75,0,11.0
19255,0,1,4,1,41.0,142,1,152.99,1,98.0
19256,1,4,5,2,46.0,63,2,121.85,0,32.0
19257,1,3,5,2,33.0,118,1,95.41,1,95.0
19258,1,1,0,3,45.0,152,3,0.0,1,96.0
19259,0,1,4,2,,176,0,162.5,1,90.0
19260,1,1,1,1,27.0,66,3,27.63,1,92.0
19261,0,3,5,3,31.0,121,-1,33.94,1,97.0
19262,0,2,1,4,40.0,25,1,71.24,0,65.0
19263,0,3,1,2,26.0,172,1,0.0,1,100.0
19264,0,0,5,0,42.0,125,3,86.77,1,96.0
19265,2,0,4,2,35.0,5,5,151.72,1,89.0
19266,1,3,1,1,37.0,31,1,1.17,1,68.0
19267,1,1,4,2,48.0,16,3,124.22,1,89.0
19268,1,1,3,1,37.0,173,2,179.09,1,94.0
19269,1,2,1,1,34.0,52,2,3.38,1,95.0
19270,1,3,1,0,33.0,99,3,12.15,1,81.0
19271,1,3,5,2,32.0,131,0,94.66,1,86.0
19272,0,1,1,0,37.0,109,0,10.76,1,90.0
19273,0,0,1,1,47.0,155,1,0.0,1,99.0
19274,1,0,1,4,27.0,70,2,0.0,1,85.0
19275,0,2,1,4,,143,1,15.74,1,97.0
19276,1,2,5,4,46.0,100,4,126.75,1,98.0
19277,1,0,1,3,28.0,166,1,32.2,1,98.0
19278,0,3,1,1,36.0,90,3,92.83,1,98.0
19279,1,2,1,2,28.0,157,2,76.91,0,25.0
19280,1,1,1,1,17.0,56,2,74.42,1,70.0
19281,0,7,1,3,35.0,55,2,41.53,0,23.0
19282,3,1,5,2,45.0,166,0,92.95,1,70.0
19283,0,2,5,3,33.0,126,2,112.18,1,90.0
19284,1,0,1,3,19.0,169,1,68.05,1,95.0
19285,2,2,1,2,35.0,17,3,0.0,1,98.0
19286,0,0,1,3,26.0,74,2,51.0,0,35.0
19287,0,7,1,1,7.0,21,2,14.47,1,65.0
19288,2,2,5,0,33.0,131,1,77.07,1,92.0
19289,0,2,1,0,,2,0,42.02,1,47.0
19290,1,2,0,0,45.0,23,2,0.0,1,94.0
19291,0,3,5,2,51.0,51,2,148.58,0,21.0
19292,0,1,1,2,40.0,66,0,15.5,1,80.0
19293,0,1,5,2,43.0,122,0,61.83,1,99.0
19294,0,0,5,0,21.0,30,3,107.02,1,89.0
19295,3,2,1,0,50.0,52,3,46.15,1,88.0
19296,3,1,5,2,,120,5,38.06,1,94.0
19297,2,3,5,0,30.0,162,2,147.52,1,96.0
19298,2,2,1,3,40.0,30,3,0.0,1,100.0
19299,3,0,5,3,39.0,75,4,77.3,0,27.0
19300,1,1,4,4,48.0,137,2,93.22,1,84.0
19301,1,3,4,2,32.0,83,1,246.86,1,82.0
19302,0,3,3,1,26.0,145,3,107.37,1,90.0
19303,2,0,4,1,29.0,107,1,,1,81.0
19304,0,1,1,0,42.0,55,2,26.51,1,88.0
19305,0,2,5,1,14.0,35,1,40.25,1,88.0
19306,1,3,0,2,4.0,50,1,65.82,1,72.0
19307,1,0,1,4,42.0,146,2,0.0,1,93.0
19308,0,3,5,3,36.0,80,3,111.47,0,33.0
19309,1,3,5,2,34.0,103,0,45.93,0,93.0
19310,1,1,1,1,20.0,124,4,85.6,1,97.0
19311,1,1,3,0,16.0,138,0,57.86,1,95.0
19312,1,2,1,3,27.0,4,0,33.53,0,13.0
19313,0,3,1,4,,100,1,95.48,1,98.0
19314,1,0,1,1,28.0,172,1,47.14,1,99.0
19315,0,3,1,3,43.0,99,1,52.95,1,95.0
19316,1,0,0,4,24.0,172,2,28.47,1,100.0
19317,2,7,5,0,28.0,175,1,68.29,1,94.0
19318,1,4,1,2,41.0,107,3,42.1,1,94.0
19319,0,3,1,1,30.0,13,4,33.98,1,74.0
19320,0,3,5,0,30.0,116,0,108.66,0,67.0
19321,1,2,5,3,27.0,27,2,142.04,0,12.0
19322,2,1,1,2,25.0,8,0,20.33,1,85.0
19323,0,1,1,2,37.0,58,4,9.31,1,99.0
19324,0,0,1,1,38.0,37,2,0.0,0,95.0
19325,1,3,3,2,36.0,92,3,94.92,1,94.0
19326,3,3,2,3,27.0,152,2,195.62,1,75.0
19327,0,1,5,3,31.0,71,1,71.03,1,78.0
19328,1,4,1,3,49.0,47,3,46.47,1,89.0
19329,1,6,5,0,19.0,146,4,64.65,1,98.0
19330,2,2,1,3,52.0,129,3,49.22,1,98.0
19331,0,6,1,0,34.0,5,1,3.15,1,88.0
19332,0,3,1,3,,157,2,48.9,1,99.0
19333,0,0,3,3,43.0,60,1,72.17,1,85.0
19334,0,5,5,2,13.0,1,1,0.29,0,23.0
19335,1,3,5,1,47.0,178,1,93.09,1,85.0
19336,1,3,5,4,52.0,82,0,99.62,0,18.0
19337,0,2,1,2,44.0,12,0,12.95,1,83.0
19338,3,0,1,2,12.0,48,1,0.0,1,82.0
19339,1,0,5,1,41.0,7,1,105.48,0,17.0
19340,0,2,5,2,50.0,8,1,78.02,0,26.0
19341,0,2,5,2,49.0,150,1,79.2,1,94.0
19342,0,2,1,1,19.0,72,0,35.12,1,85.0
19343,2,3,5,0,44.0,143,1,122.69,1,92.0
19344,0,3,1,1,51.0,143,1,0.0,1,98.0
19345,1,7,5,1,34.0,11,0,,0,18.0
19346,3,1,1,3,,120,0,,1,75.0
19347,0,1,4,3,42.0,138,6,217.38,1,94.0
19348,2,0,1,0,44.0,81,1,70.89,0,21.0
19349,0,2,5,1,32.0,140,1,77.63,1,96.0
19350,2,2,5,1,22.0,162,1,58.49,1,97.0
19351,1,3,1,0,43.0,106,1,79.4,1,86.0
19352,1,1,1,3,26.0,170,4,82.36,1,98.0
19353,2,2,3,4,37.0,100,0,68.72,1,90.0
19354,1,0,1,0,49.0,157,0,66.65,1,87.0
19355,1,2,1,3,17.0,59,1,74.42,0,70.0
19356,0,3,2,2,43.0,66,2,111.71,0,24.0
19357,2,3,5,0,31.0,28,2,38.29,1,97.0
19358,1,1,1,0,,152,0,28.44,1,78.0
19359,2,0,5,1,39.0,65,0,22.21,0,37.0
19360,0,0,5,4,26.0,4,2,63.43,1,78.0
19361,0,2,4,3,22.0,123,3,160.48,1,95.0
19362,2,0,5,2,16.0,94,2,75.06,1,97.0
19363,0,2,4,1,46.0,4,2,88.14,1,83.0
19364,1,2,1,1,30.0,84,1,53.72,1,96.0
19365,1,1,5,3,39.0,48,3,66.54,0,43.0
19366,0,0,1,3,29.0,25,0,0.0,1,51.0
19367,0,7,1,3,22.0,70,3,44.39,1,68.0
19368,2,2,5,1,40.0,157,1,88.61,1,91.0
19369,0,2,1,3,37.0,97,3,60.02,1,99.0
19370,0,2,5,3,31.0,155,3,83.46,1,100.0
19371,0,0,4,3,37.0,125,2,162.87,1,94.0
19372,1,0,1,0,,13,2,42.59,1,87.0
19373,1,4,1,3,44.0,17,3,,0,59.0
19374,2,2,5,1,46.0,56,1,88.77,1,56.99999999999999
19375,1,3,4,0,41.0,24,2,192.45,1,67.0
19376,1,3,5,1,30.0,69,0,132.54,1,57.99999999999999
19377,0,0,5,2,34.0,132,3,,1,95.0
19378,0,3,1,0,,84,2,56.62,1,96.0
19379,2,2,0,3,46.0,38,1,0.0,1,94.0
19380,1,0,5,0,53.0,113,1,112.87,0,69.0
19381,1,0,1,4,26.0,10,2,22.78,1,85.0
19382,1,2,4,0,25.0,101,1,219.19,0,18.0
19383,0,0,0,2,35.0,24,0,0.0,0,23.0
19384,1,2,5,3,38.0,157,0,137.7,1,97.0
19385,0,0,5,4,32.0,1,2,148.71,0,47.0
19386,2,3,3,2,30.0,35,1,105.98,0,15.0
19387,3,0,5,1,46.0,36,2,147.99,0,27.0
19388,1,0,2,0,33.0,1,3,212.8,1,81.0
19389,0,0,4,1,21.0,107,0,161.02,1,78.0
19390,0,1,4,4,23.0,174,4,105.6,1,91.0
19391,3,3,4,1,36.0,90,3,127.78,1,92.0
19392,3,2,5,3,64.0,95,1,28.98,1,92.0
19393,1,1,5,0,24.0,3,1,117.51,0,20.0
19394,0,3,1,4,30.0,93,2,2.74,0,23.0
19395,1,0,1,3,,45,5,13.4,1,98.0
19396,1,0,0,3,29.0,108,0,,1,93.0
19397,1,2,1,0,38.0,101,0,47.49,1,91.0
19398,0,2,0,2,52.0,163,3,10.44,1,98.0
19399,0,7,1,3,24.0,64,1,49.88,0,12.0
19400,1,3,2,3,30.0,55,2,228.39,1,46.0
19401,0,2,4,3,29.0,34,4,202.12,1,94.0
19402,1,3,1,0,18.0,118,0,25.29,1,93.0
19403,0,2,1,0,49.0,100,3,65.38,1,95.0
19404,1,0,4,1,28.0,22,3,107.08,0,21.0
19405,1,2,4,4,25.0,77,1,150.86,1,85.0
19406,0,1,4,3,29.0,43,3,,1,88.0
19407,1,2,2,0,43.0,0,5,179.26,0,21.0
19408,0,2,4,0,35.0,139,3,94.82,1,96.0
19409,1,5,1,4,26.0,140,3,56.51,1,99.0
19410,0,5,1,2,38.0,154,2,0.0,1,97.0
19411,1,5,3,1,,19,2,199.17,0,17.0
19412,0,1,1,1,33.0,110,1,,1,96.0
19413,0,2,4,3,31.0,111,1,147.98,1,86.0
19414,1,3,5,1,44.0,97,2,166.65,1,61.0
19415,0,1,5,1,32.0,5,2,121.27,0,34.0
19416,1,4,1,3,50.0,135,1,96.35,1,71.0
19417,0,2,5,1,26.0,20,3,93.48,1,89.0
19418,1,3,5,0,,102,3,149.42,1,92.0
19419,0,0,4,3,,148,1,201.99,0,27.0
19420,0,2,1,0,31.0,44,1,66.01,0,43.0
19421,3,2,4,3,,69,3,140.23,1,88.0
19422,0,0,4,0,20.0,104,2,171.01,1,86.0
19423,0,1,5,1,34.0,171,2,73.27,1,98.0
19424,0,1,3,2,39.0,157,1,98.69,1,94.0
19425,3,0,5,0,19.0,137,3,16.59,0,39.0
19426,0,3,1,0,28.0,74,1,61.62,0,30.0
19427,1,1,1,2,39.0,0,1,68.03,0,17.0
19428,2,2,2,2,23.0,137,2,167.42,1,90.0
19429,0,6,5,0,30.0,152,0,93.47,1,96.0
19430,2,3,1,0,44.0,82,1,,1,81.0
19431,2,2,5,0,51.0,73,1,86.33,0,32.0
19432,1,1,0,3,38.0,110,3,84.4,1,93.0
19433,0,3,1,0,32.0,13,1,26.09,1,84.0
19434,1,1,5,0,28.0,130,0,128.75,1,67.0
19435,1,3,1,2,43.0,167,2,37.44,1,97.0
19436,1,4,1,2,45.0,160,1,24.54,1,89.0
19437,0,2,1,3,22.0,134,1,121.74,1,94.0
19438,1,3,5,4,43.0,107,2,48.18,1,91.0
19439,1,0,1,1,,2,3,1.77,1,75.0
19440,0,1,1,0,25.0,118,3,38.55,1,98.0
19441,1,0,1,0,32.0,164,1,0.0,0,97.0
19442,1,1,1,2,43.0,92,1,0.0,1,97.0
19443,1,3,1,1,37.0,153,1,68.57,1,99.0
19444,1,3,1,0,36.0,90,2,77.16,1,80.0
19445,0,2,1,1,37.0,24,4,3.77,1,97.0
19446,1,2,4,3,,167,0,112.86,1,97.0
19447,3,7,1,0,32.0,42,3,37.56,1,91.0
19448,0,1,1,0,40.0,114,4,23.05,1,98.0
19449,1,1,1,3,27.0,93,2,0.0,1,92.0
19450,1,7,1,0,40.0,43,0,64.53,1,80.0
19451,0,1,5,3,42.0,28,1,,1,60.0
19452,0,3,1,3,40.0,90,1,50.77,0,33.0
19453,1,2,1,1,41.0,56,3,20.11,1,98.0
19454,1,1,1,2,38.0,107,1,27.6,1,96.0
19455,2,2,5,2,45.0,136,1,20.6,1,98.0
19456,1,0,1,3,11.0,21,0,107.97,0,17.0
19457,1,2,5,1,,69,1,95.42,1,92.0
19458,2,0,1,3,53.0,5,4,33.29,1,96.0
19459,0,2,1,1,27.0,154,1,42.45,1,99.0
19460,1,2,5,1,26.0,121,1,12.59,1,82.0
19461,0,1,5,2,46.0,117,3,90.75,1,91.0
19462,1,2,5,2,24.0,51,3,27.7,0,21.0
19463,0,3,1,1,27.0,69,0,11.9,1,67.0
19464,0,1,5,2,35.0,176,0,67.25,1,94.0
19465,2,1,1,1,,92,2,49.23,1,96.0
19466,3,1,5,0,,150,2,,1,72.0
19467,3,2,5,3,26.0,80,4,37.59,1,95.0
19468,3,1,1,2,37.0,148,1,88.9,1,94.0
19469,0,0,5,3,36.0,73,0,,0,16.0
19470,1,0,5,2,50.0,106,1,106.53,0,33.0
19471,0,2,1,3,45.0,135,0,56.66,1,96.0
19472,0,1,4,3,28.0,13,0,168.72,0,11.0
19473,2,3,4,2,21.0,30,2,165.28,1,84.0
19474,1,3,1,2,42.0,178,1,56.68,1,91.0
19475,3,0,2,2,27.0,145,3,149.0,1,99.0
19476,2,2,0,2,30.0,174,1,67.04,1,98.0
19477,3,6,5,1,23.0,93,3,71.78,1,93.0
19478,2,2,4,2,40.0,81,1,190.74,0,21.0
19479,1,2,5,4,27.0,179,0,104.23,0,22.0
19480,1,2,1,2,,164,1,39.32,1,100.0
19481,1,1,4,0,33.0,29,1,93.13,0,50.0
19482,1,1,1,3,35.0,29,1,49.28,1,95.0
19483,0,1,1,2,40.0,99,0,3.39,1,85.0
19484,2,3,1,2,31.0,47,2,43.6,1,90.0
19485,2,1,4,3,26.0,166,1,190.08,1,93.0
19486,0,2,2,3,15.0,26,2,148.28,0,45.0
19487,1,6,1,1,35.0,143,1,0.0,1,97.0
19488,1,3,4,3,32.0,159,2,178.07,0,33.0
19489,1,3,1,3,26.0,156,0,10.24,1,94.0
19490,1,0,4,0,34.0,179,0,215.47,1,88.0
19491,0,3,5,1,42.0,93,1,27.82,1,84.0
19492,1,0,0,0,45.0,14,0,45.83,0,22.0
19493,1,5,1,3,18.0,43,2,23.99,1,93.0
19494,1,2,0,4,30.0,150,0,25.5,1,92.0
19495,0,0,1,1,43.0,47,1,67.18,0,17.0
19496,0,0,5,3,49.0,150,1,95.95,1,78.0
19497,0,0,1,3,25.0,113,5,32.02,1,97.0
19498,0,3,4,2,47.0,124,0,144.31,0,78.0
19499,3,3,5,2,20.0,13,3,85.6,1,91.0
19500,1,3,5,2,,53,3,14.31,1,97.0
19501,0,0,1,1,31.0,91,2,19.16,1,98.0
19502,0,1,4,0,49.0,170,1,140.6,1,94.0
19503,0,2,5,1,29.0,172,2,85.51,1,98.0
19504,3,3,4,2,30.0,149,0,162.98,1,91.0
19505,1,1,4,1,,123,4,157.29,1,99.0
19506,0,3,1,2,18.0,60,0,38.76,1,85.0
19507,1,3,0,0,16.0,17,1,,0,56.99999999999999
19508,0,0,4,1,39.0,171,2,75.4,0,45.0
19509,1,0,4,0,43.0,85,2,69.15,1,93.0
19510,1,3,5,0,40.0,145,2,75.58,1,100.0
19511,0,2,1,2,21.0,56,5,0.0,1,96.0
19512,0,3,5,1,,84,2,204.95,1,80.0
19513,1,2,1,4,24.0,14,1,24.41,1,61.0
19514,0,1,1,0,38.0,105,2,110.88,1,85.0
19515,0,3,1,2,45.0,57,1,0.0,0,36.0
19516,1,2,1,0,37.0,129,0,62.39,1,96.0
19517,0,1,1,0,,13,1,19.75,1,92.0
19518,0,1,4,0,32.0,20,5,97.03,0,25.0
19519,0,0,4,0,31.0,170,1,,1,93.0
19520,1,1,4,1,34.0,44,1,123.85,1,57.99999999999999
19521,1,4,4,3,20.0,33,2,198.55,0,19.0
19522,0,1,1,4,29.0,116,2,9.88,1,98.0
19523,3,1,4,2,,70,3,117.09,1,93.0
19524,0,2,4,3,31.0,78,4,194.38,1,95.0
19525,1,2,4,0,36.0,11,3,232.55,1,88.0
19526,0,0,3,1,19.0,122,5,77.81,1,94.0
19527,2,3,1,3,22.0,6,2,29.5,1,96.0
19528,1,2,1,0,45.0,68,1,15.4,1,96.0
19529,3,1,1,1,13.0,110,0,0.0,1,82.0
19530,3,0,4,3,40.0,102,2,159.18,1,72.0
19531,1,0,1,1,,116,1,37.97,1,96.0
19532,3,0,4,4,35.0,155,2,94.79,1,79.0
19533,1,1,1,2,49.0,97,4,0.0,1,98.0
19534,2,2,5,1,32.0,24,4,44.09,1,86.0
19535,0,3,1,4,,65,1,0.0,0,72.0
19536,0,0,0,3,34.0,50,4,0.0,1,95.0
19537,0,1,0,2,32.0,161,2,106.72,1,98.0
19538,0,2,5,1,31.0,173,2,100.46,1,96.0
19539,1,2,1,2,41.0,174,1,21.76,1,99.0
19540,0,3,5,2,26.0,119,1,88.46,0,34.0
19541,1,0,0,1,22.0,159,2,28.34,1,99.0
19542,1,1,4,0,34.0,124,1,146.58,1,43.0
19543,1,2,1,3,35.0,139,5,26.33,1,100.0
19544,0,1,5,1,15.0,124,0,59.56,1,89.0
19545,1,2,0,2,,146,2,11.51,1,98.0
19546,1,0,5,3,21.0,46,-1,78.17,0,45.0
19547,1,4,1,1,,165,1,33.69,1,91.0
19548,1,3,5,3,15.0,137,4,79.36,1,89.0
19549,0,6,4,4,53.0,9,3,121.85,1,83.0
19550,3,1,1,2,30.0,98,0,70.04,1,87.0
19551,1,2,1,0,25.0,40,2,16.1,1,97.0
19552,3,1,5,0,31.0,54,2,49.19,0,82.0
19553,0,3,5,3,,117,2,187.9,1,55.00000000000001
19554,0,6,1,2,42.0,114,0,0.0,1,96.0
19555,0,0,1,2,31.0,42,2,32.8,1,95.0
19556,2,1,0,1,19.0,165,0,16.83,1,97.0
19557,1,0,1,3,,154,2,87.67,1,95.0
19558,0,3,0,1,36.0,31,2,82.5,0,26.0
19559,0,7,4,2,43.0,114,1,177.82,1,71.0
19560,0,1,1,3,45.0,70,2,34.93,1,91.0
19561,2,2,5,0,35.0,175,1,44.75,1,95.0
19562,1,4,2,0,43.0,25,2,206.12,0,22.0
19563,0,0,1,1,53.0,57,2,18.56,1,93.0
19564,0,1,5,3,,75,3,137.3,1,95.0
19565,1,1,4,2,43.0,151,2,167.0,1,81.0
19566,1,1,1,1,25.0,113,1,9.32,1,97.0
19567,0,3,1,0,43.0,173,1,56.05,1,100.0
19568,2,3,4,2,38.0,159,0,152.87,1,90.0
19569,0,0,4,3,40.0,143,2,145.41,0,36.0
19570,2,2,1,0,46.0,89,2,24.93,1,96.0
19571,0,1,1,2,37.0,140,0,,1,99.0
19572,1,3,1,0,32.0,101,3,47.25,1,99.0
19573,1,2,1,3,23.0,5,1,0.0,1,89.0
19574,1,1,1,1,31.0,139,0,81.53,0,31.0
19575,1,2,5,2,36.0,136,2,40.84,1,100.0
19576,1,1,4,2,36.0,83,2,156.8,0,24.0
19577,0,2,1,4,36.0,58,3,8.58,1,89.0
19578,0,4,4,0,,66,2,185.58,0,33.0
19579,1,1,1,0,42.0,151,3,,1,100.0
19580,1,5,0,0,33.0,14,4,74.83,1,92.0
19581,1,0,5,2,25.0,62,1,122.1,1,84.0
19582,0,1,1,2,37.0,49,4,3.2,1,99.0
19583,1,1,1,0,56.0,95,1,66.77,1,88.0
19584,1,3,4,2,37.0,20,0,216.24,0,9.0
19585,3,0,1,1,31.0,0,1,45.9,0,20.0
19586,2,3,5,3,39.0,125,2,97.94,1,90.0
19587,1,0,1,3,39.0,10,1,35.69,0,23.0
19588,0,2,1,2,39.0,149,5,50.68,1,97.0
19589,1,0,5,1,47.0,107,0,,0,30.0
19590,0,0,4,1,37.0,101,2,131.74,0,69.0
19591,0,7,1,0,47.0,87,1,63.72,1,82.0
19592,1,1,5,3,36.0,134,0,113.47,1,68.0
19593,0,4,2,3,49.0,112,1,152.36,1,89.0
19594,1,1,5,3,46.0,176,2,84.87,1,98.0
19595,1,0,1,2,43.0,99,2,36.59,1,97.0
19596,1,3,5,1,41.0,128,1,,1,77.0
19597,0,0,3,0,57.0,64,1,39.2,0,32.0
19598,1,2,5,2,44.0,63,2,96.74,1,81.0
19599,1,0,1,0,25.0,153,1,39.5,1,99.0
19600,1,4,1,2,36.0,16,2,67.54,1,95.0
19601,1,1,5,3,31.0,138,3,68.84,1,99.0
19602,0,1,1,0,54.0,124,3,19.82,1,98.0
19603,1,2,5,1,46.0,9,1,120.51,0,14.000000000000002
19604,1,0,4,1,54.0,65,2,,1,86.0
19605,0,1,2,2,26.0,31,2,198.93,1,42.0
19606,0,0,1,3,45.0,15,3,5.75,1,85.0
19607,2,3,1,4,20.0,111,2,,0,33.0
19608,0,7,5,0,18.0,25,2,99.79,0,20.0
19609,1,2,5,1,30.0,103,3,78.55,1,95.0
19610,0,3,4,1,,73,4,169.95,1,89.0
19611,0,1,5,4,24.0,99,2,112.38,1,96.0
19612,1,1,0,1,33.0,93,3,78.55,1,92.0
19613,3,6,5,0,,136,3,50.31,1,95.0
19614,1,0,5,1,42.0,4,2,82.33,0,15.0
19615,3,5,5,2,56.0,6,2,88.02,0,20.0
19616,2,3,5,1,34.0,64,5,123.99,0,86.0
19617,0,1,1,0,29.0,11,1,27.58,0,28.000000000000004
19618,3,2,1,3,23.0,175,2,0.0,1,85.0
19619,0,3,1,3,30.0,24,3,19.57,1,96.0
19620,1,3,1,1,22.0,140,0,0.0,1,99.0
19621,0,3,1,3,16.0,168,2,16.23,1,97.0
19622,1,2,4,0,53.0,9,1,137.9,1,69.0
19623,1,2,0,4,34.0,167,3,6.84,1,100.0
19624,0,4,4,0,59.0,32,2,186.96,1,46.0
19625,1,0,1,3,25.0,162,1,0.0,1,100.0
19626,1,0,1,3,29.0,164,3,55.8,1,100.0
19627,0,2,1,1,26.0,102,2,86.64,1,95.0
19628,2,3,1,3,27.0,15,2,56.94,1,79.0
19629,1,3,4,1,42.0,71,2,,1,70.0
19630,1,1,1,1,39.0,32,2,59.02,1,75.0
19631,1,0,1,2,42.0,34,1,0.0,0,25.0
19632,0,3,4,2,47.0,101,1,149.61,1,90.0
19633,1,3,1,2,45.0,75,0,3.78,0,63.0
19634,0,3,1,0,23.0,78,3,37.34,1,85.0
19635,1,3,1,3,28.0,16,0,11.77,1,39.0
19636,1,2,1,3,,26,2,0.0,1,86.0
19637,3,0,1,2,,113,1,0.75,1,92.0
19638,1,3,1,1,41.0,20,2,0.0,1,91.0
19639,0,3,4,1,35.0,148,2,,1,99.0
19640,1,3,4,1,40.0,16,1,161.83,0,11.0
19641,0,3,1,1,27.0,154,1,61.43,1,95.0
19642,0,1,1,4,36.0,75,2,51.79,0,30.0
19643,1,3,1,3,43.0,175,4,0.0,1,100.0
19644,1,3,5,2,33.0,43,3,53.3,1,72.0
19645,1,3,1,4,26.0,163,3,0.0,1,98.0
19646,0,1,4,3,33.0,27,1,,0,24.0
19647,0,2,5,0,30.0,24,1,0.0,1,87.0
19648,0,1,1,1,20.0,46,1,0.0,1,91.0
19649,0,3,5,0,28.0,100,1,95.85,1,91.0
19650,1,2,1,0,20.0,22,0,20.06,1,85.0
19651,1,3,1,1,,74,1,36.52,0,23.0
19652,1,2,1,1,22.0,49,2,,1,85.0
19653,1,3,1,2,43.0,64,5,111.33,1,91.0
19654,1,7,5,4,48.0,15,3,97.07,1,81.0
19655,0,2,3,3,18.0,123,0,106.8,1,96.0
19656,0,6,1,2,49.0,49,2,88.71,1,84.0
19657,3,3,4,2,22.0,12,0,172.36,0,15.0
19658,1,5,1,3,41.0,79,4,104.11,1,88.0
19659,0,1,1,4,36.0,34,1,39.13,0,14.000000000000002
19660,2,1,1,4,40.0,113,3,28.1,1,95.0
19661,0,1,5,0,22.0,31,3,134.83,1,94.0
19662,1,2,4,1,15.0,86,1,156.69,0,31.0
19663,1,2,5,3,25.0,152,3,23.45,1,98.0
19664,1,5,4,0,38.0,170,0,,1,84.0
19665,1,0,1,2,53.0,155,1,0.0,1,98.0
19666,0,4,1,2,23.0,108,1,0.0,1,97.0
19667,1,0,3,4,,65,2,115.3,0,23.0
19668,1,3,3,3,26.0,94,2,136.31,1,88.0
19669,0,1,1,3,33.0,96,0,0.0,1,93.0
19670,0,3,4,2,14.0,160,4,174.96,1,92.0
19671,0,2,1,1,48.0,46,3,28.9,1,80.0
19672,0,2,1,1,34.0,117,1,0.0,1,98.0
19673,1,0,5,0,43.0,34,1,76.54,0,13.0
19674,1,4,5,0,31.0,99,3,126.81,1,92.0
19675,1,2,1,0,35.0,63,3,18.33,1,98.0
19676,0,0,1,0,45.0,11,5,0.0,1,89.0
19677,3,0,1,4,35.0,119,0,86.68,0,27.0
19678,1,2,5,3,35.0,43,2,24.12,1,94.0
19679,0,3,5,3,26.0,173,1,,1,93.0
19680,1,0,5,1,28.0,10,1,96.05,0,11.0
19681,0,3,1,1,23.0,88,1,46.77,1,95.0
19682,1,0,2,3,26.0,45,0,133.17,1,75.0
19683,1,1,4,1,46.0,58,1,103.81,1,83.0
19684,2,3,1,2,52.0,161,1,64.51,1,90.0
19685,0,3,1,4,,98,2,0.0,1,76.0
19686,0,0,1,2,37.0,148,0,0.0,1,97.0
19687,1,3,1,2,30.0,51,1,0.0,1,90.0
19688,1,1,4,0,47.0,47,1,158.09,1,84.0
19689,1,2,3,1,35.0,77,4,76.06,0,90.0
19690,2,1,4,2,33.0,146,1,133.71,1,88.0
19691,3,2,1,1,26.0,131,0,22.98,1,96.0
19692,0,1,5,1,18.0,101,2,114.67,0,71.0
19693,1,1,1,3,41.0,31,1,52.08,1,85.0
19694,2,3,1,3,37.0,89,0,87.82,1,91.0
19695,0,1,5,0,37.0,155,1,71.96,1,96.0
19696,0,0,1,1,28.0,75,1,60.33,0,69.0
19697,1,0,5,3,32.0,168,3,105.35,1,98.0
19698,0,4,5,2,41.0,32,1,64.45,1,86.0
19699,0,0,4,2,43.0,141,4,217.56,1,77.0
19700,2,3,1,0,22.0,103,2,119.77,1,89.0
19701,0,0,5,2,27.0,52,6,80.34,1,92.0
19702,1,1,4,1,20.0,107,2,154.55,0,28.000000000000004
19703,0,0,4,2,36.0,41,3,186.19,1,86.0
19704,2,3,5,0,,35,1,54.45,1,76.0
19705,1,2,5,0,31.0,24,2,,0,24.0
19706,1,1,1,4,27.0,179,3,98.02,1,91.0
19707,1,1,5,1,30.0,167,2,,1,91.0
19708,0,3,5,3,,114,3,63.97,1,99.0
19709,1,2,5,1,,85,1,102.35,1,98.0
19710,0,0,3,1,41.0,8,1,94.3,0,15.0
19711,1,2,1,1,,106,1,0.0,1,96.0
19712,2,1,1,2,33.0,68,0,63.43,0,20.0
19713,1,1,5,3,24.0,148,1,65.76,1,96.0
19714,1,1,1,1,23.0,69,2,91.62,1,94.0
19715,0,2,1,3,28.0,128,2,85.51,1,94.0
19716,0,0,1,0,24.0,30,3,86.86,0,20.0
19717,1,1,1,3,27.0,172,3,43.93,1,99.0
19718,1,3,4,2,32.0,155,1,190.51,1,88.0
19719,1,0,3,0,33.0,127,3,123.09,1,99.0
19720,0,1,1,0,27.0,130,3,97.4,1,95.0
19721,0,0,0,1,38.0,101,1,18.02,0,28.000000000000004
19722,0,3,1,3,32.0,115,1,,1,98.0
19723,0,2,0,0,36.0,167,3,0.0,1,95.0
19724,0,1,1,0,26.0,3,2,19.4,1,88.0
19725,1,3,2,3,40.0,139,0,161.77,0,28.000000000000004
19726,3,1,1,3,28.0,121,7,0.0,1,99.0
19727,2,1,5,0,50.0,61,2,101.96,0,72.0
19728,1,2,4,0,31.0,70,1,202.39,0,65.0
19729,1,6,4,3,33.0,91,4,128.3,1,96.0
19730,1,0,1,2,39.0,175,3,47.21,1,97.0
19731,1,3,5,3,42.0,134,2,75.85,0,38.0
19732,0,3,1,2,43.0,55,0,37.0,1,89.0
19733,0,2,1,0,51.0,66,2,55.75,1,76.0
19734,0,1,1,1,40.0,140,0,15.11,1,98.0
19735,0,0,2,3,33.0,179,1,142.76,1,95.0
19736,0,2,1,0,28.0,62,0,0.0,0,39.0
19737,0,0,3,4,32.0,40,0,55.1,0,8.0
19738,1,0,5,1,48.0,150,2,103.44,1,94.0
19739,1,3,4,3,20.0,174,2,166.28,1,95.0
19740,0,0,5,0,25.0,64,3,37.3,1,97.0
19741,1,3,1,2,31.0,158,-1,0.0,1,88.0
19742,1,1,1,1,25.0,96,1,37.05,1,93.0
19743,2,1,0,2,29.0,35,2,91.5,1,83.0
19744,0,2,5,3,52.0,13,2,59.86,0,26.0
19745,1,1,5,2,31.0,164,1,36.7,1,99.0
19746,0,3,5,1,38.0,159,4,55.32,1,100.0
19747,0,0,1,0,17.0,155,2,26.31,1,95.0
19748,1,0,3,1,22.0,46,5,,0,25.0
19749,1,1,5,0,43.0,79,2,91.19,1,87.0
19750,3,3,4,0,50.0,159,2,183.88,1,92.0
19751,1,0,5,2,36.0,151,3,81.61,1,98.0
19752,1,1,1,1,30.0,13,1,23.92,1,83.0
19753,0,3,1,4,38.0,174,0,64.58,1,94.0
19754,0,3,1,0,8.0,78,0,62.41,0,68.0
19755,1,0,5,1,36.0,115,0,60.17,1,91.0
19756,1,2,5,3,23.0,0,2,77.88,1,93.0
19757,1,2,1,4,,18,6,98.57,1,97.0
19758,3,3,1,2,12.0,120,2,40.87,1,94.0
19759,1,7,1,2,,57,1,73.89,1,80.0
19760,0,5,4,1,33.0,134,2,134.43,1,97.0
19761,3,3,1,2,26.0,76,1,0.0,1,94.0
19762,1,1,1,1,30.0,114,3,-10.0,1,96.0
19763,3,1,0,2,43.0,63,0,15.34,1,95.0
19764,3,5,1,3,33.0,17,2,41.96,0,32.0
19765,2,3,5,0,24.0,49,3,108.94,1,93.0
19766,1,7,2,0,,67,3,142.67,0,24.0
19767,0,1,1,3,,90,3,0.0,1,97.0
19768,0,0,3,0,36.0,15,1,88.2,1,86.0
19769,3,3,1,1,25.0,141,1,83.23,1,94.0
19770,1,6,4,1,8.0,77,3,231.62,1,87.0
19771,0,0,1,3,24.0,134,3,0.0,1,93.0
19772,1,2,0,3,23.0,55,1,55.6,0,26.0
19773,1,3,5,3,27.0,13,3,142.87,0,44.0
19774,0,0,1,4,25.0,169,3,9.3,1,98.0
19775,0,3,1,0,35.0,108,2,35.44,1,94.0
19776,0,3,5,4,42.0,69,2,114.77,1,86.0
19777,0,0,5,0,44.0,61,0,117.74,0,37.0
19778,3,3,1,1,,42,1,9.54,0,56.99999999999999
19779,1,0,5,2,25.0,56,0,140.11,0,12.0
19780,0,3,5,1,34.0,101,2,83.48,1,84.0
19781,1,1,5,2,49.0,74,1,60.11,1,90.0
19782,1,2,5,3,18.0,158,0,,1,84.0
19783,0,1,5,3,,50,1,117.46,1,80.0
19784,3,3,1,0,24.0,66,2,0.0,1,93.0
19785,0,3,1,4,36.0,128,5,78.74,1,99.0
19786,0,3,1,2,38.0,79,1,67.8,1,94.0
19787,1,1,1,2,35.0,171,1,0.0,1,97.0
19788,1,3,5,0,,177,2,105.03,1,93.0
19789,0,0,1,3,30.0,59,3,0.0,1,91.0
19790,1,2,1,0,17.0,2,4,,1,90.0
19791,1,3,1,3,37.0,71,3,,0,24.0
19792,0,3,1,3,32.0,113,3,29.45,1,96.0
19793,1,2,5,1,39.0,79,0,59.84,0,24.0
19794,1,2,1,1,42.0,110,3,0.0,1,96.0
19795,0,2,5,2,33.0,53,4,136.36,1,74.0
19796,0,1,1,3,,1,0,77.12,0,8.0
19797,3,1,4,0,35.0,28,1,168.17,0,14.000000000000002
19798,0,3,4,3,51.0,15,3,173.13,0,70.0
19799,0,2,5,2,30.0,94,0,98.38,1,76.0
19800,3,3,4,3,27.0,58,1,174.18,0,18.0
19801,0,3,5,3,42.0,138,3,117.52,1,97.0
19802,1,3,4,2,24.0,23,1,136.28,0,10.0
19803,1,1,4,3,37.0,82,1,98.22,1,80.0
19804,0,2,4,1,32.0,159,5,212.74,1,95.0
19805,0,3,5,2,32.0,73,2,40.32,1,94.0
19806,0,1,5,1,58.0,95,3,,1,98.0
19807,0,0,5,2,46.0,86,3,101.57,1,93.0
19808,0,0,0,3,44.0,96,4,19.65,1,94.0
19809,3,3,1,1,39.0,93,4,4.07,1,97.0
19810,0,7,4,1,27.0,93,1,170.4,1,87.0
19811,1,2,1,0,36.0,70,2,82.49,1,94.0
19812,2,2,5,1,39.0,170,2,32.72,1,97.0
19813,1,3,0,1,35.0,52,2,29.0,0,21.0
19814,0,1,1,3,34.0,113,1,103.18,1,92.0
19815,3,3,2,1,30.0,128,1,192.19,1,68.0
19816,0,2,4,1,36.0,93,1,112.79,0,25.0
19817,0,2,5,1,28.0,97,0,52.36,0,33.0
19818,0,1,1,3,41.0,117,3,69.33,1,100.0
19819,1,3,1,2,13.0,33,3,0.0,1,56.00000000000001
19820,1,2,1,3,47.0,60,3,18.13,1,83.0
19821,0,3,1,1,20.0,101,4,3.6,1,93.0
19822,0,2,1,2,23.0,60,3,,0,23.0
19823,0,0,5,3,38.0,7,2,120.99,0,20.0
19824,1,0,1,3,39.0,53,2,24.91,1,93.0
19825,0,0,5,2,54.0,147,3,66.68,0,82.0
19826,0,2,1,0,36.0,45,0,37.51,0,15.0
19827,0,1,0,1,33.0,117,4,30.64,1,98.0
19828,0,4,1,0,,92,1,0.0,1,73.0
19829,0,2,4,1,49.0,30,3,143.73,1,91.0
19830,0,3,3,1,58.0,153,3,19.11,1,98.0
19831,0,0,1,0,32.0,147,1,8.06,1,94.0
19832,2,1,5,0,39.0,21,3,140.11,0,60.0
19833,1,5,4,1,33.0,56,0,184.9,0,43.0
19834,3,1,5,2,33.0,103,2,72.44,1,99.0
19835,1,3,5,2,52.0,153,3,120.24,1,99.0
19836,1,3,1,0,24.0,16,2,85.98,1,85.0
19837,2,1,5,4,10.0,88,2,85.06,1,92.0
19838,1,1,5,3,37.0,100,0,53.48,0,20.0
19839,0,1,5,2,46.0,154,4,70.81,0,97.0
19840,2,3,4,2,36.0,66,3,180.72,1,86.0
19841,2,3,1,1,39.0,55,2,70.6,1,91.0
19842,3,2,1,3,41.0,23,0,,1,93.0
19843,1,0,4,1,35.0,24,1,151.12,0,17.0
19844,0,3,5,3,39.0,113,0,123.77,0,35.0
19845,1,5,1,2,39.0,9,3,0.0,1,88.0
19846,0,4,1,1,14.0,35,3,30.71,1,91.0
19847,2,3,4,3,35.0,124,0,205.12,0,27.0
19848,1,0,1,1,18.0,172,2,34.29,1,100.0
19849,0,2,1,3,33.0,117,1,23.48,1,99.0
19850,0,3,1,0,29.0,144,2,0.0,1,99.0
19851,0,1,2,1,44.0,57,2,142.24,0,19.0
19852,3,1,4,0,36.0,82,1,165.63,1,78.0
19853,1,2,5,3,38.0,81,4,122.65,1,94.0
19854,0,2,5,1,32.0,22,0,,1,83.0
19855,2,2,1,4,44.0,135,0,3.55,1,96.0
19856,0,2,1,3,18.0,49,2,16.86,1,89.0
19857,1,2,4,0,25.0,143,4,172.1,1,91.0
19858,0,3,1,1,46.0,88,0,0.0,0,15.0
19859,1,3,1,2,,42,1,,0,21.0
19860,1,0,5,3,12.0,95,1,145.02,0,22.0
19861,2,2,1,0,48.0,112,1,36.76,0,28.999999999999996
19862,0,1,5,2,44.0,113,0,70.24,1,94.0
19863,3,1,5,0,41.0,81,1,107.16,1,86.0
19864,2,2,5,4,34.0,95,2,26.6,0,34.0
19865,0,2,1,0,50.0,45,0,14.05,0,22.0
19866,1,2,0,3,46.0,176,2,1.45,1,99.0
19867,0,2,5,2,49.0,103,0,58.68,1,86.0
19868,1,2,4,3,40.0,14,4,127.06,1,86.0
19869,3,5,1,3,35.0,48,0,23.22,1,92.0
19870,1,4,4,1,30.0,148,1,152.2,1,93.0
19871,1,2,5,2,21.0,74,5,65.06,1,92.0
19872,0,2,4,1,39.0,5,6,91.79,1,95.0
19873,1,2,1,0,39.0,54,2,0.0,1,93.0
19874,1,3,1,2,30.0,82,3,6.19,1,95.0
19875,0,1,1,2,40.0,75,1,0.0,1,93.0
19876,1,5,1,3,30.0,14,1,84.91,1,89.0
19877,1,0,4,0,,10,3,97.81,0,24.0
19878,1,3,0,3,25.0,126,1,93.96,1,95.0
19879,0,3,5,1,23.0,166,1,13.17,1,96.0
19880,0,7,0,0,31.0,119,2,0.0,1,97.0
19881,0,0,5,3,42.0,73,1,71.33,0,30.0
19882,0,0,1,3,22.0,50,1,71.46,0,15.0
19883,1,0,0,3,44.0,164,3,,1,100.0
19884,3,3,1,0,17.0,176,2,124.49,1,90.0
19885,1,1,5,4,,87,1,33.49,0,35.0
19886,0,3,1,2,19.0,99,2,45.64,0,32.0
19887,2,0,1,3,7.0,64,2,39.13,1,90.0
19888,2,3,1,0,37.0,16,2,0.0,1,94.0
19889,1,2,4,2,32.0,141,3,106.89,1,97.0
19890,1,3,5,3,20.0,37,0,87.36,0,28.000000000000004
19891,0,3,5,0,28.0,117,1,90.03,1,94.0
19892,1,1,5,1,38.0,152,1,28.86,1,97.0
19893,2,1,1,3,30.0,123,2,52.86,0,38.0
19894,0,1,5,0,32.0,36,0,106.68,0,16.0
19895,0,2,0,3,30.0,85,2,61.59,0,25.0
19896,1,1,1,0,28.0,110,4,0.0,1,93.0
19897,0,2,5,1,28.0,134,5,178.65,1,96.0
19898,0,0,3,1,27.0,10,5,69.13,1,91.0
19899,2,1,1,0,26.0,77,3,22.55,0,31.0
19900,1,3,1,2,23.0,162,2,0.0,1,100.0
19901,1,3,5,1,30.0,112,1,85.29,1,92.0
19902,1,2,5,3,,163,2,42.44,1,97.0
19903,1,1,1,1,23.0,51,2,35.22,1,71.0
19904,0,7,1,3,41.0,68,5,0.0,1,97.0
19905,3,0,4,1,46.0,169,1,184.77,1,63.0
19906,1,1,5,1,33.0,70,2,,1,92.0
19907,2,0,4,3,34.0,14,0,,1,85.0
19908,1,3,1,1,,148,1,4.2,1,98.0
19909,1,1,1,3,44.0,81,6,59.48,1,98.0
19910,1,2,1,3,51.0,0,1,32.69,1,82.0
19911,1,3,5,1,32.0,138,2,90.22,1,95.0
19912,3,0,0,1,28.0,9,2,84.34,0,23.0
19913,1,1,1,4,,172,4,2.98,1,99.0
19914,0,0,1,4,,146,3,0.0,0,39.0
19915,0,0,5,1,28.0,117,3,114.4,0,28.999999999999996
19916,3,2,1,4,38.0,41,1,21.14,1,85.0
19917,1,2,3,1,43.0,93,1,,1,91.0
19918,1,3,2,0,26.0,113,3,121.83,1,94.0
19919,1,2,5,0,,40,1,36.98,1,82.0
19920,0,2,1,1,,125,2,42.9,1,99.0
19921,1,7,4,1,,147,2,,1,91.0
19922,2,3,1,2,36.0,123,0,0.0,0,33.0
19923,0,3,1,4,56.0,154,1,,1,94.0
19924,0,3,4,0,28.0,11,1,136.54,0,18.0
19925,0,4,1,2,23.0,125,2,44.01,1,98.0
19926,1,0,5,1,39.0,97,2,7.52,1,94.0
19927,0,3,1,2,31.0,105,1,0.0,1,96.0
19928,3,3,5,2,40.0,113,2,91.13,1,91.0
19929,2,1,5,4,33.0,165,0,66.66,0,28.000000000000004
19930,2,1,1,0,25.0,112,2,12.48,1,98.0
19931,2,1,5,3,,57,1,32.9,1,88.0
19932,1,2,5,0,4.0,113,2,89.22,0,30.0
19933,1,0,1,3,52.0,109,6,98.68,1,99.0
19934,1,0,1,0,43.0,10,6,35.74,0,30.0
19935,1,1,1,0,26.0,157,2,24.16,1,98.0
19936,1,1,4,3,52.0,126,3,179.81,1,92.0
19937,0,0,5,3,,82,0,18.1,1,92.0
19938,0,2,4,3,,175,0,189.81,1,95.0
19939,2,1,1,2,13.0,39,3,111.06,1,94.0
19940,0,3,1,3,22.0,113,0,0.0,1,95.0
19941,3,1,1,2,22.0,93,3,51.92,1,93.0
19942,1,0,1,2,26.0,98,2,13.33,1,97.0
19943,1,4,5,3,34.0,67,2,120.24,1,94.0
19944,0,1,4,3,25.0,148,0,175.25,0,23.0
19945,1,1,1,3,13.0,4,0,0.0,1,83.0
19946,1,3,4,0,38.0,163,2,212.85,1,88.0
19947,1,3,1,0,34.0,134,2,44.04,1,100.0
19948,1,2,4,3,38.0,124,1,131.93,1,93.0
19949,0,2,1,1,,30,1,0.0,1,87.0
19950,0,3,4,3,43.0,24,3,113.84,0,25.0
19951,0,2,1,1,33.0,101,3,30.85,0,39.0
19952,0,2,4,0,44.0,80,4,166.57,1,92.0
19953,1,1,1,0,26.0,78,1,0.0,1,95.0
19954,1,3,1,1,26.0,118,0,28.12,1,99.0
19955,1,1,1,0,47.0,161,3,1.34,1,99.0
19956,1,1,1,3,47.0,171,3,,1,100.0
19957,0,2,5,1,39.0,106,1,73.23,0,33.0
19958,0,1,4,1,25.0,6,0,201.05,0,21.0
19959,0,0,5,2,24.0,102,2,171.45,1,88.0
19960,1,2,5,0,47.0,50,1,48.96,1,90.0
19961,0,4,1,1,46.0,152,3,28.44,1,99.0
19962,0,2,5,1,33.0,155,1,57.65,1,93.0
19963,0,1,1,1,,169,0,51.98,1,86.0
19964,0,2,4,0,38.0,154,1,138.96,1,99.0
19965,0,0,1,1,,164,2,55.06,1,99.0
19966,0,2,5,1,,54,2,73.63,1,95.0
19967,0,0,1,3,34.0,37,1,0.0,1,73.0
19968,1,3,1,3,34.0,55,1,57.19,1,74.0
19969,0,1,1,2,46.0,91,4,,1,97.0
19970,1,0,1,1,24.0,161,3,45.17,1,100.0
19971,1,7,1,0,20.0,156,0,16.6,1,93.0
19972,3,1,1,2,40.0,175,2,55.59,1,98.0
19973,3,3,4,2,28.0,71,2,198.39,1,92.0
19974,1,0,1,2,58.0,76,4,48.79,0,86.0
19975,0,1,4,1,43.0,45,1,,0,22.0
19976,1,3,1,2,28.0,36,2,0.0,0,83.0
19977,0,0,0,0,46.0,2,4,15.85,0,26.0
19978,2,3,5,3,41.0,77,1,92.59,0,20.0
19979,3,1,5,3,40.0,76,2,105.69,1,81.0
19980,0,1,1,1,32.0,49,4,43.5,1,90.0
19981,1,1,5,0,38.0,148,0,59.08,1,97.0
19982,0,0,1,0,12.0,106,3,59.29,1,94.0
19983,1,3,5,0,47.0,175,2,104.69,1,96.0
19984,3,7,5,1,0.0,30,1,120.07,0,16.0
19985,2,4,1,0,29.0,6,1,63.83,0,23.0
19986,0,1,4,3,18.0,56,0,193.78,0,15.0
19987,1,2,5,0,28.0,35,1,121.61,0,25.0
19988,1,1,1,0,33.0,85,1,25.43,1,91.0
19989,1,2,4,1,,23,3,311.39,1,84.0
19990,2,1,4,4,6.0,23,4,152.13,1,68.0
19991,0,0,5,2,36.0,55,0,123.12,1,27.0
19992,1,2,1,1,54.0,76,2,98.02,1,89.0
19993,0,4,4,1,30.0,123,1,168.93,0,41.0
19994,2,2,1,1,,27,3,34.36,1,97.0
19995,1,7,1,1,49.0,159,5,69.05,1,100.0
19996,2,2,1,4,14.0,76,0,0.0,0,31.0
19997,2,2,5,0,29.0,77,2,-10.0,1,90.0
19998,3,2,4,2,,95,2,176.35,1,95.0
19999,1,3,5,1,25.0,44,1,126.13,1,93.0
20000,1,0,4,4,,68,2,,0,25.0
10001,1,0,1,3,27.0,27,1,61.08,0,16.0
10002,3,3,5,3,55.0,146,2,73.09,0,12.0
10003,0,3,5,2,,147,2,116.3,1,92.0
10004,0,6,1,0,,34,1,0.58,1,94.0
10005,1,1,1,1,30.0,146,3,46.35,1,98.0
10006,1,3,0,1,46.0,103,1,36.64,1,96.0
10007,1,2,1,2,22.0,62,2,0.0,1,96.0
10008,2,0,5,2,44.0,81,2,66.51,1,97.0
10009,0,0,5,1,43.0,6,1,99.03,1,81.0
10010,0,0,1,4,32.0,154,3,29.86,1,99.0
10011,1,0,1,4,-5.0,38,2,47.18,1,56.00000000000001
10012,3,2,1,2,-5.0,29,0,62.96,0,6.0
10013,2,5,2,0,-5.0,22,1,150.74,1,91.0
10014,1,2,0,2,-5.0,83,2,0.0,1,94.0
10015,1,1,4,2,-5.0,150,1,113.16,1,97.0
10016,1,0,4,0,-5.0,46,2,98.8,0,19.0
10017,1,3,3,3,-5.0,175,1,25.93,1,97.0
10018,0,3,5,4,-5.0,94,2,78.62,1,98.0
10019,0,3,1,4,-5.0,62,2,46.83,1,95.0
10020,1,1,5,2,-5.0,119,2,34.23,1,87.0
10021,0,0,1,4,-5.0,136,2,59.3,0,31.0
10022,1,2,4,3,150.0,150,2,191.92,1,100.0
10023,1,3,1,1,150.0,116,0,108.58,0,12.0
10024,1,1,3,3,150.0,174,2,122.11,1,95.0
10025,0,3,1,0,150.0,86,4,71.26,0,33.0
10026,0,2,4,2,150.0,73,1,167.01,1,74.0
10027,1,0,1,0,150.0,65,0,0.0,1,94.0
10028,0,2,5,2,150.0,36,1,73.77,0,5.0
10029,0,0,1,0,150.0,124,2,72.01,1,97.0
10030,1,0,1,0,150.0,165,4,22.69,1,99.0
10031,0,0,5,1,150.0,0,3,92.74,1,91.0
10032,1,3,4,3,35.0,175,0,194.64,1,90.0
10033,1,2,1,3,,81,1,34.88,1,97.0
10034,3,3,4,0,19.0,34,1,150.38,0,59.0
10035,3,2,5,3,38.0,70,1,59.33,0,12.0
10036,2,1,4,1,27.0,107,5,241.32,1,87.0
10037,1,1,1,0,,85,1,44.2,1,88.0
10038,1,2,1,3,,24,4,0.0,1,100.0
10039,0,2,4,3,38.0,41,2,131.4,1,86.0
10040,0,2,1,2,34.0,150,2,,1,99.0
10041,1,2,3,3,47.0,8,3,110.17,0,7.000000000000001
10042,0,0,1,3,37.0,154,3,24.14,1,99.0
10043,1,3,1,2,26.0,50,0,0.0,0,9.0
10044,3,0,5,0,34.0,56,4,8.77,1,94.0
10045,1,3,5,0,30.0,81,4,13.47,1,98.0
10046,0,3,3,4,35.0,163,4,105.25,1,100.0
10047,1,3,1,2,29.0,161,2,36.71,1,98.0
10048,0,0,1,0,27.0,12,3,1.76,1,96.0
10049,0,2,1,3,35.0,173,1,110.11,1,98.0
10050,1,0,1,3,34.0,179,1,27.85,1,100.0
10051,3,0,4,4,44.0,27,2,94.4,0,12.0
10052,0,3,5,4,29.0,85,1,78.88,1,97.0
10053,3,1,1,0,14.0,110,2,46.92,1,98.0
10054,2,1,4,2,30.0,157,1,139.6,1,99.0
10055,0,4,1,0,17.0,44,2,22.44,0,8.0
10056,3,3,5,2,38.0,37,1,109.19,1,82.0
10057,1,4,1,2,17.0,19,2,37.98,1,96.0
10058,1,0,5,0,24.0,96,1,110.17,0,23.0
10059,1,2,1,4,30.0,174,1,58.26,1,99.0
10060,1,3,1,3,49.0,101,2,,1,99.0
10061,1,1,1,2,23.0,58,1,52.67,1,94.0
10062,1,1,1,4,34.0,141,0,54.44,1,95.0
10063,2,1,1,1,39.0,41,0,39.57,0,10.0
10064,1,0,1,1,,58,5,42.83,1,95.0
10065,1,3,1,2,41.0,7,2,0.0,1,92.0
10066,0,6,5,3,44.0,56,3,146.01,1,92.0
10067,1,1,1,2,42.0,149,2,52.99,1,99.0
10068,2,3,5,1,21.0,101,0,111.95,0,11.0
10069,1,5,1,1,37.0,83,2,85.35,1,97.0
10070,3,2,4,1,42.0,20,0,193.97,0,1.0
10071,0,3,4,0,24.0,127,1,195.1,1,95.0
10072,1,0,1,1,28.0,155,0,0.0,1,94.0
10073,1,0,3,3,25.0,48,1,0.0,1,98.0
10074,2,1,1,0,,150,2,23.96,0,13.0
10075,0,1,4,1,33.0,53,0,170.01,0,6.0
10076,0,3,5,3,30.0,150,0,98.39,1,90.0
10077,0,2,1,1,21.0,67,4,41.27,0,84.0
10078,1,1,1,3,33.0,45,3,41.42,1,99.0
10079,1,3,1,3,28.0,155,2,35.31,1,100.0
10080,1,2,1,1,36.0,94,1,0.0,1,97.0
10081,2,1,5,1,22.0,96,4,28.59,1,90.0
10082,0,5,1,0,35.0,49,5,24.51,1,98.0
10083,1,3,1,1,29.0,82,3,4.32,1,97.0
10084,1,1,1,3,21.0,62,0,12.9,1,87.0
10085,1,0,1,2,,9,1,0.0,1,93.0
10086,1,2,1,0,22.0,88,0,22.64,1,92.0
10087,0,2,4,3,31.0,164,-1,169.82,1,96.0
10088,0,0,1,3,35.0,140,3,0.0,0,15.0
10089,2,3,5,2,36.0,69,1,101.97,1,88.0
10090,0,0,1,1,37.0,29,2,0.0,1,93.0
10091,1,0,1,3,26.0,79,1,49.24,1,98.0
10092,0,2,5,2,44.0,71,2,52.76,1,97.0
10093,0,3,1,2,29.0,138,0,71.49,1,69.0
10094,0,1,1,1,38.0,122,3,0.0,1,98.0
10095,0,0,5,4,,128,1,42.68,1,99.0
10096,0,0,1,2,37.0,145,2,27.97,1,97.0
10097,0,3,1,2,31.0,99,3,43.45,1,97.0
10098,0,0,5,2,37.0,10,3,122.37,0,15.0
10099,1,3,5,2,33.0,83,4,108.03,1,97.0
10100,1,1,1,4,42.0,137,0,,1,97.0
10101,1,3,0,3,25.0,175,1,99999.99,1,96.0
10102,0,1,1,0,16.0,60,1,99999.99,1,57.99999999999999
10103,1,3,1,1,24.0,137,1,99999.99,1,96.0
10104,0,0,5,0,44.0,100,1,99999.99,0,23.0
10105,3,1,4,1,32.0,121,2,99999.99,1,88.0
10106,1,0,4,0,34.0,59,2,99999.99,1,72.0
10107,0,1,1,4,23.0,113,3,99999.99,1,90.0
10108,0,3,1,2,34.0,149,2,99999.99,1,80.0
10109,1,3,5,0,23.0,74,4,99999.99,1,95.0
10110,1,3,1,0,25.0,98,0,99999.99,1,90.0
10111,1,6,5,1,29.0,8,0,99999.99,0,6.0
10112,1,2,3,1,38.0,142,1,22.92,1,100.0
10113,3,1,4,3,39.0,82,3,,0,11.0
10114,2,2,1,2,39.0,36,4,0.0,1,100.0
10115,0,3,1,2,18.0,69,1,64.35,1,99.0
10116,2,2,4,3,33.0,171,3,133.0,1,100.0
10117,2,2,5,1,32.0,130,0,33.26,1,100.0
10118,1,0,4,2,18.0,9,3,,0,7.000000000000001
10119,2,1,1,1,34.0,131,1,0.0,1,100.0
10120,0,1,5,2,31.0,55,2,165.35,0,54.0
10121,2,1,5,0,39.0,167,2,109.11,1,97.0
10122,2,2,1,0,34.0,32,4,4.18,1,99.0
10123,1,3,5,2,,160,0,77.74,1,97.0
10124,1,0,5,2,,148,0,45.48,0,9.0
10125,1,1,0,2,11.0,102,1,39.91,0,15.0
10126,0,2,1,3,33.0,118,1,0.0,1,99.0
10127,2,7,5,2,16.0,44,2,20.79,1,86.0
10128,2,0,1,3,24.0,56,0,,1,99.0
10129,1,0,4,3,39.0,167,1,221.37,0,25.0
10130,0,5,1,0,21.0,125,1,,1,97.0
10131,0,1,1,2,19.0,126,1,0.0,1,100.0
10132,1,3,4,0,,9,2,140.97,1,80.0
10133,1,6,4,0,20.0,73,2,135.03,0,9.0
10134,1,3,1,3,50.0,65,2,15.37,1,96.0
10135,3,1,5,4,32.0,101,4,99.31,1,99.0
10136,1,3,1,3,28.0,84,1,16.61,1,94.0
10137,0,2,1,0,39.0,157,2,0.0,1,99.0
10138,0,0,1,3,47.0,81,1,12.83,0,9.0
10139,1,0,1,3,22.0,34,0,42.45,0,25.0
10140,3,0,4,3,28.0,52,1,125.37,0,15.0
10141,3,0,5,2,42.0,166,0,102.71,0,18.0
10142,1,1,4,3,36.0,111,1,,0,10.0
10143,0,1,5,0,45.0,21,2,94.68,1,92.0
10144,1,2,1,3,39.0,66,2,0.0,0,16.0
10145,1,2,5,2,52.0,99,2,140.98,1,89.0
10146,1,6,4,0,35.0,79,5,201.09,1,98.0
10147,0,2,3,3,,99,2,92.74,1,96.0
10148,0,3,5,0,37.0,74,0,68.18,1,95.0
10149,1,2,4,2,32.0,119,2,199.79,1,92.0
10150,1,0,1,1,,16,3,41.31,0,34.0
10151,3,0,5,2,,146,0,123.33,0,5.0
10152,1,0,4,4,41.0,71,0,147.55,0,15.0
10153,1,3,4,0,43.0,123,0,142.03,0,9.0
10154,0,2,1,0,38.0,89,2,0.0,1,96.0
10155,3,0,5,1,39.0,50,0,147.51,0,18.0
10156,1,0,5,1,23.0,175,0,136.3,0,28.000000000000004
10157,0,0,1,1,28.0,56,3,4.43,1,99.0
10158,0,0,5,2,42.0,137,3,,1,91.0
10159,1,1,1,2,48.0,31,2,56.61,0,7.000000000000001
10160,0,2,1,4,,78,4,55.12,1,100.0
10161,1,2,1,1,,122,0,41.56,1,98.0
10162,0,3,5,1,34.0,121,1,65.92,1,96.0
10163,0,1,1,3,,67,0,17.23,0,10.0
10164,0,3,1,3,25.0,27,4,,1,99.0
10165,1,0,1,1,38.0,131,4,14.77,1,99.0
10166,2,3,1,4,49.0,76,3,105.46,1,92.0
10167,1,0,1,0,,139,2,24.45,1,95.0
10168,1,0,1,4,32.0,14,2,23.6,1,96.0
10169,1,2,5,0,38.0,28,2,71.66,1,96.0
10170,0,2,5,1,41.0,86,2,39.1,1,94.0
10171,0,2,1,3,37.0,12,2,63.2,1,95.0
10172,1,2,0,3,51.0,37,1,0.0,1,99.0
10173,0,2,5,0,34.0,109,1,98.66,0,19.0
10174,1,1,1,1,47.0,34,0,0.0,1,96.0
10175,0,2,4,3,27.0,167,3,177.97,1,95.0
10176,1,3,3,1,34.0,75,0,127.18,1,94.0
10177,0,0,1,1,21.0,109,0,54.62,0,10.0
10178,1,2,1,0,43.0,4,2,0.0,0,11.0
10179,3,1,5,1,32.0,1,0,45.15,1,98.0
10180,1,3,1,1,37.0,29,2,25.9,0,13.0
10181,1,7,0,0,30.0,98,2,0.0,1,99.0
10182,1,0,1,3,39.0,118,0,0.0,1,99.0
10183,3,3,5,2,37.0,9,1,67.0,0,12.0
10184,2,3,5,1,24.0,72,2,107.63,1,95.0
10185,1,3,1,0,24.0,123,0,116.85,1,100.0
10186,0,3,5,3,33.0,37,0,91.79,0,55.00000000000001
10187,2,1,1,1,40.0,93,1,5.08,1,96.0
10188,0,0,5,2,,118,2,130.83,1,98.0
10189,0,2,1,3,37.0,162,2,70.87,1,99.0
10190,1,3,5,0,44.0,70,0,116.85,0,6.0
10191,1,1,4,4,17.0,139,1,201.93,1,93.0
10192,2,0,1,0,,169,2,103.21,0,11.0
10193,3,2,1,2,40.0,97,1,0.0,0,11.0
10194,0,0,1,2,,176,2,25.38,0,7.000000000000001
10195,1,1,1,0,32.0,126,2,0.0,0,17.0
10196,1,1,1,1,22.0,66,0,51.15,1,96.0
10197,0,1,4,0,25.0,32,1,174.68,0,3.0
10198,2,3,4,3,53.0,103,3,175.32,1,97.0
10199,2,1,0,0,,140,0,10.73,1,95.0
10200,0,2,5,2,23.0,147,5,97.68,1,99.0
10201,0,3,5,1,26.0,160,0,104.41,1,94.0
10202,1,0,5,4,22.0,33,0,68.17,0,7.000000000000001
10203,1,2,1,2,34.0,49,4,0.0,1,100.0
10204,2,3,1,2,,177,0,89.68,0,7.000000000000001
10205,0,1,1,3,27.0,136,2,62.8,1,97.0
10206,1,0,1,2,,6,3,0.0,1,96.0
10207,1,1,5,2,36.0,136,1,39.01,1,97.0
10208,0,2,5,2,33.0,105,1,67.63,1,100.0
10209,1,2,0,1,,153,1,57.82,1,100.0
10210,1,3,1,4,29.0,129,2,0.0,1,99.0
10211,0,2,4,0,,4,0,108.73,1,76.0
10212,0,0,5,0,32.0,112,0,75.46,1,98.0
10213,0,3,4,4,34.0,65,2,166.44,1,92.0
10214,1,0,1,3,30.0,115,1,2.67,1,99.0
10215,0,1,5,3,28.0,137,0,97.17,0,10.0
10216,1,0,5,1,15.0,158,0,,1,88.0
10217,1,0,4,0,28.0,160,1,98.94,1,92.0
10218,0,2,1,1,41.0,107,2,42.22,1,98.0
10219,0,1,1,2,42.0,110,0,56.19,1,98.0
10220,2,2,0,1,29.0,133,1,68.63,1,99.0
10221,0,1,2,3,46.0,13,-1,109.87,1,93.0
10222,0,1,4,0,33.0,77,0,182.12,1,85.0
10223,1,0,4,3,20.0,14,3,174.36,1,86.0
10224,1,2,4,3,17.0,120,2,233.01,1,97.0
10225,1,4,1,0,46.0,170,1,0.0,1,100.0
10226,1,0,1,2,30.0,147,1,33.73,1,93.0
10227,3,0,1,0,21.0,20,3,28.3,0,10.0
10228,1,1,1,0,11.0,28,2,,1,87.0
10229,2,2,4,1,30.0,72,2,214.67,1,97.0
10230,0,2,4,0,38.0,92,2,123.79,1,94.0
10231,0,0,1,1,27.0,171,1,0.0,1,99.0
10232,0,1,5,3,23.0,161,3,77.45,1,98.0
10233,0,2,4,0,28.0,46,2,127.1,0,8.0
10234,0,3,1,2,46.0,8,3,53.4,1,85.0
10235,1,2,1,1,20.0,111,3,30.27,0,11.0
10236,0,4,1,1,27.0,29,9,0.0,1,98.0
10237,1,3,1,2,46.0,16,1,0.0,1,90.0
10238,1,1,5,1,,179,0,103.92,1,83.0
10239,0,3,1,1,,58,2,0.29,1,89.0
10240,1,3,1,2,27.0,118,1,27.31,1,96.0
10241,3,4,4,3,34.0,131,1,,0,32.0
10242,3,2,5,0,28.0,167,0,39.88,0,41.0
10243,3,1,1,0,25.0,95,1,0.0,0,12.0
10244,1,3,4,0,23.0,134,1,184.96,1,89.0
10245,1,0,1,0,41.0,37,2,13.82,1,92.0
10246,3,6,1,0,33.0,31,4,77.85,1,93.0
10247,0,3,4,0,37.0,68,2,184.86,0,13.0
10248,3,0,1,1,35.0,66,0,43.83,1,96.0
10249,3,0,5,0,38.0,55,2,162.01,0,18.0
10250,2,0,1,1,31.0,19,2,7.21,0,2.0
10251,1,1,1,4,29.0,119,2,11.11,1,100.0
10252,1,2,5,3,25.0,144,1,110.58,1,98.0
10253,2,3,0,1,,143,2,28.13,1,95.0
10254,1,2,3,3,22.0,10,1,56.59,0,7.000000000000001
10255,1,2,5,2,,140,3,58.83,1,99.0
10256,0,3,4,0,17.0,145,1,107.19,1,94.0
10257,3,2,3,3,20.0,13,5,88.93,1,98.0
10258,0,1,1,3,,33,2,57.72,0,12.0
10259,0,3,4,2,36.0,85,2,157.19,1,92.0
10260,1,3,5,2,29.0,124,1,116.23,1,89.0
10261,0,0,5,2,,153,2,82.71,0,31.0
10262,3,2,2,1,17.0,169,4,148.27,1,97.0
10263,1,3,5,1,43.0,166,0,97.7,1,94.0
10264,0,3,1,3,,129,1,20.5,1,91.0
10265,2,1,5,2,41.0,49,4,82.61,1,83.0
10266,0,0,1,3,,112,0,26.32,1,96.0
10267,0,3,1,0,15.0,143,2,0.0,1,99.0
10268,0,1,5,2,34.0,61,1,96.13,0,13.0
10269,1,3,1,1,37.0,97,2,0.0,1,100.0
10270,1,3,1,2,12.0,138,2,14.79,1,100.0
10271,2,3,1,3,53.0,126,3,113.52,0,10.0
10272,2,1,5,1,,29,3,128.5,1,94.0
10273,2,2,1,4,40.0,154,1,1.29,1,100.0
10274,3,3,5,0,22.0,85,1,46.5,0,11.0
10275,0,3,1,3,40.0,80,3,14.98,1,91.0
10276,0,2,1,2,44.0,78,2,38.65,1,98.0
10277,0,3,1,0,36.0,136,3,,1,99.0
10278,0,0,5,3,,75,1,68.92,1,96.0
10279,0,3,1,1,25.0,129,0,76.83,0,8.0
10280,0,0,4,1,31.0,48,2,147.76,0,22.0
10281,2,2,4,3,28.0,47,1,121.17,0,7.000000000000001
10282,1,1,4,2,,54,4,111.33,1,98.0
10283,1,2,4,2,25.0,79,2,110.76,1,92.0
10284,1,3,1,2,39.0,66,2,81.03,1,94.0
10285,0,4,5,2,25.0,114,3,93.95,0,12.0
10286,1,1,5,3,31.0,111,1,82.31,1,96.0
10287,0,3,5,3,40.0,158,3,118.88,1,98.0
10288,0,1,4,1,26.0,106,2,192.25,0,12.0
10289,1,1,5,1,40.0,25,4,81.82,0,11.0
10290,0,3,4,2,39.0,109,1,181.14,1,90.0
10291,1,2,1,0,31.0,65,0,0.0,0,80.0
10292,1,3,4,0,45.0,157,2,156.09,1,96.0
10293,2,7,5,1,34.0,100,1,80.08,1,92.0
10294,1,2,5,1,45.0,0,1,29.04,1,50.0
10295,1,0,1,3,51.0,69,3,14.19,1,97.0
10296,0,3,5,1,31.0,149,1,164.57,1,86.0
10297,0,1,4,1,40.0,112,2,177.55,1,96.0
10298,1,3,1,4,27.0,53,1,26.01,0,3.0
10299,0,3,5,0,23.0,141,0,-10.0,1,91.0
10300,1,1,1,0,32.0,13,2,99.56,0,8.0
